feature_0,feature_1,feature_2,feature_3,feature_4,feature_5,feature_6,feature_7,feature_8,feature_9,feature_10,feature_11,feature_12,feature_13,feature_14,feature_15,feature_16,feature_17,feature_18,feature_19,feature_20,feature_21,feature_22,feature_23,feature_24,feature_25,feature_26,feature_27,feature_28,feature_29,feature_30,feature_31,feature_32,feature_33,feature_34,feature_35,feature_36,feature_37,feature_38,feature_39,feature_40,feature_41,feature_42,feature_43,feature_44,feature_45,feature_46,feature_47,feature_48,feature_49,feature_50,feature_51,feature_52,feature_53,feature_54,feature_55,feature_56,feature_57,feature_58,feature_59,feature_60,feature_61,feature_62,feature_63,feature_64,feature_65,feature_66,feature_67,feature_68,feature_69,feature_70,feature_71,feature_72,feature_73,feature_74,feature_75,feature_76,feature_77,feature_78,feature_79,feature_80,feature_81,feature_82,feature_83,feature_84,feature_85,feature_86,feature_87,feature_88,feature_89,feature_90,feature_91,feature_92,feature_93,feature_94,feature_95,feature_96,feature_97,feature_98,feature_99,feature_100,feature_101,feature_102,feature_103,feature_104,feature_105,feature_106,feature_107,feature_108,feature_109,feature_110,feature_111,feature_112,feature_113,feature_114,feature_115,feature_116,feature_117,feature_118,feature_119,feature_120,feature_121,feature_122,feature_123,feature_124,feature_125,label
0.596804,0.490312,0.134271,0.806915,0.754524,0.238962,0.878803,0.562508,0.194596,0.590711,0.341315,0.175014,0.885509,0.337745,0.791502,0.771608,0.555221,0.255473,0.186377,0.690274,0.265057,0.565631,0.296769,0.364919,0.672029,0.363618,0.728231,0.361184,0.115116,0.862248,0.11188,0.478972,0.509689,0.177505,0.850626,0.120161,0.680849,0.363028,0.567722,0.152941,0.557383,0.771957,0.862569,0.401166,0.480188,0.688534,0.699407,0.788481,0.391209,0.389933,0.169639,0.176512,0.821302,0.856275,0.117967,0.538506,0.895693,0.744643,0.409508,0.870096,0.882835,0.305789,0.691487,0.314584,0.898747,0.66856,0.302723,0.378675,0.555259,0.576235,0.517049,0.151451,0.37537,0.219811,0.649926,0.613439,0.710512,0.592269,0.757349,0.440047,0.431147,0.681542,0.459554,0.884271,0.545218,0.660126,0.705141,0.6986,0.731476,0.329711,0.609121,0.334399,0.476808,0.47219,0.218568,0.211052,0.415696,0.709555,0.668046,0.484485,0.416379,0.384484,0.446712,0.384777,0.806145,0.518967,0.168125,0.855503,0.16067,0.685541,0.756249,0.321556,0.495168,0.259741,0.626438,0.58809,0.811867,0.293598,0.508489,0.624906,0.438601,0.264157,0.445432,0.187425,0.707207,0.515876,BAD
0.750969,0.145313,0.344759,0.855792,0.615103,0.582299,0.777141,0.693842,0.252368,0.542674,0.604764,0.196744,0.113163,0.51758,0.899881,0.35798,0.833061,0.776614,0.163112,0.610938,0.830808,0.766009,0.346549,0.625641,0.498131,0.322238,0.137093,0.849343,0.754039,0.820235,0.506472,0.179589,0.573667,0.535024,0.775758,0.210404,0.339812,0.235086,0.161484,0.259743,0.764492,0.284224,0.815363,0.273472,0.814237,0.895246,0.806849,0.549367,0.890388,0.424411,0.703372,0.301359,0.806991,0.151956,0.396885,0.512079,0.273188,0.483722,0.804439,0.83769,0.369808,0.507909,0.425014,0.647041,0.521481,0.43751,0.795362,0.657685,0.466883,0.41327,0.249634,0.162606,0.255253,0.209927,0.783712,0.736365,0.747312,0.217968,0.14587,0.843176,0.553066,0.206676,0.440729,0.137215,0.610902,0.19463,0.463225,0.755368,0.298661,0.384615,0.357605,0.405592,0.569548,0.637379,0.159198,0.498452,0.173252,0.446143,0.705566,0.882542,0.660272,0.452445,0.492564,0.671034,0.127584,0.650741,0.428082,0.355347,0.248631,0.489789,0.116285,0.402683,0.783034,0.169895,0.870771,0.235738,0.823555,0.833556,0.336459,0.554492,0.696928,0.518477,0.897469,0.485623,0.673426,0.55154,BAD
0.749232,0.167311,0.343083,0.180541,0.701619,0.459508,0.682661,0.593631,0.629741,0.770587,0.434068,0.875695,0.117588,0.633716,0.24829,0.242538,0.707141,0.507807,0.531885,0.204445,0.444026,0.47613,0.767645,0.526814,0.176019,0.570099,0.80196,0.74786,0.287833,0.294949,0.582371,0.723167,0.619328,0.678913,0.545378,0.26627,0.192849,0.797981,0.621491,0.463055,0.374661,0.164043,0.493985,0.44224,0.241687,0.179211,0.194402,0.534865,0.20589,0.524522,0.542314,0.89057,0.674706,0.258836,0.257533,0.254048,0.591862,0.367999,0.564912,0.479004,0.648196,0.261123,0.174295,0.580282,0.507886,0.161872,0.292246,0.529473,0.351014,0.802632,0.150199,0.288657,0.828565,0.603454,0.238468,0.260521,0.764222,0.277419,0.732815,0.142217,0.715203,0.611914,0.830462,0.819655,0.622664,0.264467,0.844019,0.3767,0.501134,0.366977,0.858175,0.864033,0.128698,0.132591,0.132677,0.526743,0.289543,0.268936,0.152093,0.364253,0.84463,0.491149,0.886529,0.397292,0.767791,0.739463,0.731537,0.385558,0.381688,0.699508,0.31668,0.26257,0.844021,0.845617,0.185708,0.492946,0.279363,0.879128,0.868993,0.849588,0.356336,0.178791,0.191721,0.429086,0.812673,0.561773,BAD
0.563135,0.129854,0.818312,0.346113,0.841047,0.234758,0.197255,0.26813,0.748064,0.761819,0.38509,0.495459,0.81286,0.699125,0.43524,0.86904,0.259999,0.702965,0.455222,0.689533,0.582612,0.857009,0.32584,0.676184,0.713124,0.799617,0.555986,0.598866,0.648562,0.742911,0.514211,0.229018,0.778268,0.149905,0.374623,0.315802,0.509506,0.858084,0.536512,0.403674,0.65985,0.577565,0.535452,0.725226,0.396209,0.189335,0.220446,0.741082,0.326875,0.82847,0.232103,0.283272,0.548385,0.280678,0.367051,0.543758,0.364307,0.370179,0.735499,0.656756,0.594164,0.698994,0.756223,0.757824,0.329107,0.890439,0.132143,0.434935,0.51586,0.52496,0.608009,0.147412,0.73228,0.406563,0.133693,0.369707,0.88203,0.574312,0.339932,0.167653,0.520551,0.778848,0.456292,0.84982,0.729951,0.63188,0.669958,0.567888,0.478859,0.455666,0.615442,0.788892,0.114774,0.779677,0.180959,0.841976,0.474273,0.809134,0.745426,0.341325,0.667393,0.740036,0.153813,0.753088,0.421758,0.571815,0.210097,0.612843,0.250514,0.722899,0.755789,0.43191,0.312539,0.541718,0.630905,0.759632,0.707753,0.253371,0.162692,0.120579,0.191605,0.836365,0.777955,0.296996,0.382713,0.108553,BAD
0.747284,0.7635,0.85216,0.388172,0.837313,0.622108,0.335868,0.259401,0.195982,0.624842,0.415056,0.241201,0.573684,0.53484,0.338859,0.648293,0.454769,0.696081,0.455827,0.421155,0.204732,0.685404,0.355744,0.256502,0.732954,0.842525,0.47246,0.215337,0.729534,0.845417,0.501725,0.72102,0.806079,0.847674,0.616523,0.824657,0.432782,0.695342,0.5698,0.828025,0.455799,0.71731,0.312482,0.871077,0.687929,0.753112,0.598671,0.136688,0.24387,0.558582,0.790778,0.155468,0.349203,0.824277,0.876577,0.44826,0.625528,0.831672,0.47125,0.172524,0.728119,0.785458,0.213449,0.824916,0.619756,0.310764,0.542097,0.500762,0.219533,0.610002,0.793325,0.385898,0.330531,0.625824,0.518731,0.191526,0.234325,0.626881,0.199264,0.804611,0.126783,0.594414,0.21256,0.157085,0.704172,0.203329,0.627288,0.463487,0.691614,0.781383,0.215299,0.846647,0.16394,0.57347,0.767674,0.273594,0.330976,0.241603,0.809111,0.861206,0.671234,0.314242,0.84883,0.745909,0.159544,0.738248,0.385901,0.36531,0.637645,0.380116,0.493884,0.71027,0.657324,0.617766,0.540481,0.181388,0.151428,0.636964,0.469013,0.406575,0.434727,0.701874,0.332975,0.376386,0.569658,0.208968,BAD
0.398122,0.51449,0.394363,0.722428,0.675267,0.120846,0.76426,0.51918,0.751479,0.207886,0.660718,0.483107,0.115838,0.722892,0.414265,0.56023,0.194054,0.454988,0.654762,0.825709,0.192605,0.827108,0.190123,0.541637,0.347747,0.138116,0.534352,0.107625,0.172451,0.106259,0.208446,0.565739,0.888974,0.304356,0.625184,0.482993,0.846952,0.488528,0.801629,0.660166,0.25175,0.86706,0.29867,0.762803,0.334382,0.465171,0.455482,0.359322,0.523328,0.655952,0.11914,0.490518,0.419714,0.552913,0.842229,0.117109,0.170245,0.323815,0.270984,0.438616,0.632039,0.771105,0.751745,0.641855,0.623997,0.350051,0.610302,0.221429,0.622588,0.452872,0.287556,0.831921,0.513918,0.213137,0.65141,0.129236,0.780508,0.196509,0.456899,0.726709,0.875661,0.570829,0.471933,0.67978,0.614003,0.223924,0.614229,0.806838,0.228082,0.741293,0.663317,0.490852,0.529255,0.403329,0.34118,0.785873,0.57264,0.550665,0.419426,0.715394,0.35263,0.755383,0.856911,0.498007,0.874041,0.804088,0.440562,0.576102,0.802065,0.191297,0.414952,0.151532,0.426522,0.356607,0.585601,0.265754,0.487179,0.533275,0.272784,0.544005,0.337719,0.818733,0.305555,0.117502,0.102371,0.272806,BAD
0.235509,0.391798,0.851333,0.616937,0.173,0.266334,0.353132,0.695459,0.83846,0.638208,0.775946,0.642739,0.152102,0.256334,0.465369,0.390254,0.124771,0.702007,0.691277,0.819138,0.632976,0.280152,0.697483,0.390836,0.217214,0.738678,0.64513,0.80808,0.271495,0.142904,0.879641,0.375753,0.650363,0.226155,0.59329,0.185531,0.121497,0.474202,0.76661,0.350292,0.627214,0.700153,0.332529,0.100302,0.194112,0.560169,0.358037,0.375484,0.303902,0.535518,0.376836,0.730737,0.513416,0.795832,0.32392,0.569179,0.5621,0.849692,0.725418,0.237449,0.447308,0.561397,0.839922,0.231269,0.628331,0.451605,0.420247,0.493365,0.254391,0.876555,0.292162,0.246177,0.715681,0.882766,0.854695,0.122904,0.61336,0.156002,0.708026,0.587557,0.595336,0.231492,0.487245,0.303212,0.60164,0.583423,0.53439,0.4539,0.110542,0.442991,0.37135,0.863975,0.100768,0.770836,0.210863,0.25027,0.135367,0.826472,0.838574,0.597719,0.34919,0.385502,0.18627,0.885443,0.200304,0.569577,0.791861,0.874541,0.384802,0.482404,0.217854,0.705814,0.550299,0.628863,0.471487,0.276855,0.409062,0.170991,0.383245,0.478962,0.205643,0.34833,0.773951,0.778689,0.423696,0.338892,BAD
0.543737,0.515789,0.855378,0.261556,0.57944,0.688377,0.820866,0.203631,0.883077,0.360306,0.14492,0.282077,0.480772,0.101388,0.554237,0.791341,0.829721,0.278645,0.688378,0.21952,0.673672,0.324505,0.454491,0.141805,0.455221,0.713487,0.483806,0.476197,0.248722,0.533017,0.158347,0.189256,0.698816,0.460232,0.338215,0.879257,0.48949,0.645337,0.545416,0.546668,0.493126,0.386293,0.326385,0.411133,0.746299,0.243749,0.367888,0.344988,0.151309,0.633461,0.866566,0.148844,0.880867,0.825668,0.841182,0.142364,0.340796,0.217505,0.82458,0.262017,0.874685,0.132101,0.211908,0.537253,0.229343,0.647885,0.72055,0.18233,0.269258,0.278526,0.168693,0.389814,0.176879,0.179938,0.571772,0.380702,0.353956,0.301311,0.878825,0.678683,0.453796,0.749378,0.25944,0.784902,0.339654,0.504455,0.18415,0.322654,0.311313,0.556874,0.658736,0.782603,0.77037,0.626754,0.492537,0.22578,0.747005,0.209202,0.120412,0.711179,0.552891,0.846478,0.246732,0.218975,0.745664,0.298456,0.841366,0.152891,0.441297,0.552377,0.151154,0.828463,0.558801,0.581787,0.368851,0.709244,0.214652,0.804547,0.357833,0.445023,0.799198,0.414451,0.650657,0.720513,0.447431,0.55368,BOOK
0.730506,0.235196,0.579131,0.682829,0.785445,0.891944,0.772926,0.197079,0.412956,0.65413,0.611942,0.540603,0.815791,0.224558,0.10848,0.623531,0.757729,0.519275,0.623113,0.776108,0.841192,0.239768,0.85497,0.693236,0.171506,0.704283,0.188734,0.282587,0.720189,0.390996,0.118636,0.114025,0.504796,0.33449,0.428376,0.18841,0.855129,0.751345,0.597653,0.788476,0.585464,0.616894,0.490197,0.697482,0.800886,0.61797,0.184479,0.461562,0.32759,0.624818,0.232135,0.637925,0.456372,0.430463,0.16761,0.76273,0.453659,0.798769,0.507206,0.365023,0.136173,0.81935,0.704959,0.182614,0.447908,0.844315,0.63893,0.528715,0.367322,0.428709,0.473882,0.682098,0.283875,0.487636,0.493521,0.816147,0.213286,0.111532,0.888589,0.851608,0.19816,0.160654,0.115949,0.372024,0.233739,0.257252,0.692326,0.643879,0.161027,0.420197,0.268324,0.38276,0.422946,0.11455,0.191566,0.575276,0.735927,0.274287,0.382803,0.559636,0.583416,0.42688,0.126801,0.315786,0.402925,0.499152,0.703724,0.531291,0.860944,0.449238,0.802527,0.29619,0.161514,0.424233,0.390674,0.832163,0.626283,0.136361,0.403652,0.463603,0.810256,0.636954,0.253411,0.318791,0.14283,0.355318,BOOK
0.753573,0.407945,0.375797,0.596503,0.767687,0.774002,0.337021,0.43941,0.105118,0.243777,0.75901,0.339209,0.258107,0.454988,0.703668,0.278294,0.398839,0.568565,0.693751,0.153163,0.550784,0.551777,0.710361,0.803318,0.582106,0.186781,0.513192,0.742733,0.621524,0.744809,0.839176,0.89439,0.510601,0.662281,0.543839,0.371838,0.762328,0.238281,0.454738,0.594758,0.301719,0.43756,0.267698,0.420683,0.152022,0.211531,0.695718,0.662782,0.642186,0.223796,0.639229,0.69992,0.233988,0.77535,0.722671,0.476812,0.266297,0.418784,0.706973,0.300114,0.617615,0.850056,0.88498,0.120995,0.899468,0.836721,0.385966,0.203045,0.755446,0.682403,0.718612,0.264035,0.370823,0.181783,0.299668,0.75534,0.196557,0.740656,0.848348,0.175836,0.468065,0.16617,0.335236,0.582835,0.203411,0.293241,0.798151,0.435579,0.645692,0.730072,0.441063,0.702148,0.671489,0.361824,0.728152,0.178108,0.545304,0.41675,0.892715,0.341545,0.260299,0.834556,0.812585,0.473207,0.626214,0.521167,0.512119,0.120233,0.427859,0.724011,0.263863,0.259608,0.447128,0.690954,0.598907,0.305479,0.156784,0.341978,0.687397,0.866944,0.47214,0.506654,0.456339,0.726268,0.206153,0.716338,BOOK
0.178364,0.322342,0.449037,0.515696,0.537956,0.692753,0.851823,0.893723,0.641217,0.495212,0.372173,0.641576,0.840487,0.793345,0.750915,0.442887,0.101073,0.534597,0.345207,0.256684,0.127356,0.458329,0.843491,0.157052,0.433636,0.241396,0.518848,0.795639,0.285857,0.570312,0.548977,0.733494,0.884315,0.193372,0.887019,0.79165,0.318867,0.435225,0.111811,0.73186,0.789251,0.399258,0.146931,0.542436,0.890929,0.840248,0.608454,0.583739,0.219814,0.619211,0.815031,0.17136,0.792965,0.363786,0.153247,0.241336,0.475602,0.58495,0.754571,0.813393,0.728278,0.10732,0.1467,0.178036,0.705108,0.716523,0.800951,0.764691,0.468366,0.704662,0.183484,0.424533,0.772973,0.234736,0.518273,0.810323,0.844683,0.892851,0.614918,0.643768,0.511285,0.874711,0.201974,0.737599,0.404067,0.679571,0.531661,0.320765,0.708917,0.87248,0.537752,0.490379,0.827417,0.192441,0.235574,0.798274,0.477816,0.581952,0.548563,0.257181,0.868763,0.506303,0.758579,0.706031,0.706738,0.131057,0.17008,0.72438,0.596399,0.194691,0.851628,0.238919,0.118485,0.257659,0.236796,0.269938,0.108946,0.303781,0.32797,0.884191,0.83637,0.448697,0.660496,0.364348,0.705325,0.288426,BOOK
0.0,0.0,0.0,-0.141342,-0.025406,-0.236022,-0.268802,-0.133591,-0.386875,-0.366716,-0.250435,-0.513356,-0.446749,-0.370008,-0.638938,-0.260285,-0.550518,-0.233862,-0.31834,-0.782375,-0.385918,-0.342592,-0.908094,-0.509172,-0.355767,-0.948761,-0.586012,-0.144122,-0.582271,-0.182929,-0.179874,-0.836802,-0.322043,-0.199515,-0.94435,-0.439267,-0.219676,-1.0,-0.518376,-0.025471,-0.584161,-0.158168,-0.05052,-0.816896,-0.273413,-0.074173,-0.941827,-0.371869,-0.099099,-0.994674,-0.435817,0.102011,-0.561471,-0.152637,0.077589,-0.751229,-0.236717,0.057024,-0.875356,-0.308228,0.033258,-0.957098,-0.363458,0.0,0.0,0.0,0.0,0.0,0.0,0.0,0.0,0.0,0.0,0.0,0.0,0.0,0.0,0.0,0.0,0.0,0.0,0.0,0.0,0.0,0.0,0.0,0.0,0.0,0.0,0.0,0.0,0.0,0.0,0.0,0.0,0.0,0.0,0.0,0.0,0.0,0.0,0.0,0.0,0.0,0.0,0.0,0.0,0.0,0.0,0.0,0.0,0.0,0.0,0.0,0.0,0.0,0.0,0.0,0.0,0.0,0.0,0.0,0.0,0.0,0.0,0.0,BOOK
0.86066,0.595468,0.207107,0.689895,0.331066,0.397037,0.839842,0.276767,0.681409,0.584943,0.225945,0.793431,0.604396,0.390377,0.786154,0.478367,0.777516,0.652069,0.537521,0.22138,0.716159,0.899319,0.417782,0.187135,0.368019,0.616675,0.729592,0.50533,0.651479,0.549135,0.421787,0.369965,0.65251,0.418471,0.71316,0.495862,0.186058,0.776679,0.396515,0.74446,0.596027,0.257191,0.897906,0.242558,0.422511,0.700673,0.411668,0.630272,0.364067,0.835999,0.750933,0.635624,0.774907,0.469608,0.649737,0.712888,0.14717,0.629353,0.418653,0.751263,0.143896,0.28565,0.561389,0.547157,0.623441,0.785248,0.825575,0.78924,0.279353,0.42313,0.76095,0.756746,0.366249,0.616311,0.398837,0.672993,0.825072,0.329662,0.137684,0.725088,0.442119,0.670382,0.892283,0.400431,0.33381,0.848123,0.394287,0.59449,0.535308,0.397561,0.85072,0.415464,0.197335,0.229472,0.740091,0.441202,0.762868,0.181626,0.752302,0.590631,0.898744,0.177821,0.515449,0.672297,0.531844,0.317314,0.820589,0.607612,0.332699,0.49667,0.572604,0.87158,0.176885,0.864032,0.634994,0.582553,0.765909,0.598175,0.126109,0.261573,0.147263,0.475996,0.388244,0.656989,0.746849,0.832735,BOOK
0.268008,0.281769,0.612108,0.706277,0.431326,0.326447,0.216642,0.519186,0.105821,0.820123,0.478859,0.652817,0.896274,0.756808,0.143289,0.205722,0.899726,0.813089,0.406743,0.509173,0.456512,0.67633,0.297944,0.406446,0.611079,0.768613,0.488673,0.3544,0.868173,0.857833,0.27731,0.136403,0.832008,0.129695,0.150159,0.480984,0.592394,0.535639,0.277362,0.168417,0.263907,0.467375,0.83954,0.507166,0.121781,0.377184,0.640689,0.71955,0.895144,0.241283,0.338708,0.533601,0.859469,0.458113,0.28537,0.605411,0.634598,0.447975,0.601599,0.842137,0.42768,0.223312,0.74315,0.196817,0.582278,0.318375,0.813304,0.758619,0.327534,0.504892,0.752511,0.663621,0.243928,0.314712,0.504469,0.546665,0.432362,0.286404,0.154844,0.736558,0.618022,0.474289,0.384769,0.602714,0.670875,0.362269,0.565191,0.210884,0.125043,0.657127,0.663154,0.571781,0.485123,0.633877,0.132902,0.755463,0.267179,0.236187,0.622945,0.551738,0.653011,0.896138,0.371786,0.812779,0.478073,0.611728,0.859816,0.26912,0.347669,0.769641,0.410351,0.281209,0.595494,0.442916,0.381043,0.1823,0.792086,0.782221,0.343011,0.164428,0.149715,0.780115,0.790955,0.649235,0.194599,0.703459,BOOK
0.669169,0.752056,0.855255,0.700198,0.795998,0.344157,0.500235,0.41836,0.543457,0.748605,0.509385,0.417265,0.338305,0.656267,0.700254,0.59475,0.733422,0.268902,0.152648,0.694105,0.819183,0.870146,0.357346,0.616334,0.799589,0.860218,0.626922,0.532282,0.323135,0.588665,0.294961,0.214736,0.285134,0.152176,0.703922,0.23838,0.838999,0.494407,0.791765,0.311927,0.770008,0.642321,0.470437,0.278024,0.390748,0.864503,0.860314,0.449766,0.224821,0.393071,0.510042,0.686024,0.777134,0.765657,0.408774,0.63688,0.321499,0.194184,0.254533,0.645229,0.242058,0.581292,0.560937,0.31517,0.67131,0.457404,0.118818,0.659347,0.510764,0.623909,0.872992,0.87404,0.301801,0.289821,0.310092,0.344372,0.329285,0.316891,0.185234,0.343639,0.789205,0.745359,0.439006,0.357297,0.607455,0.870048,0.870816,0.84798,0.69669,0.741874,0.242152,0.505021,0.600148,0.175812,0.333438,0.859356,0.361019,0.483362,0.41603,0.73118,0.480427,0.452467,0.480201,0.536351,0.797659,0.619341,0.246993,0.338795,0.53976,0.177435,0.325196,0.668283,0.755549,0.801969,0.777823,0.898088,0.609217,0.687832,0.476867,0.894485,0.677936,0.458024,0.170107,0.730058,0.56457,0.22412,DOCTOR
0.107382,0.804218,0.82869,0.566289,0.512841,0.150124,0.11529,0.46018,0.623169,0.163768,0.733831,0.861018,0.188175,0.219479,0.822284,0.215121,0.81277,0.361673,0.715613,0.505198,0.713941,0.45671,0.784267,0.683648,0.779953,0.26207,0.468516,0.150729,0.432558,0.805131,0.77093,0.112186,0.71437,0.15971,0.581754,0.191525,0.83774,0.272851,0.374955,0.599187,0.400654,0.785662,0.150089,0.473375,0.628071,0.636615,0.179324,0.725259,0.563279,0.134484,0.541474,0.214127,0.55127,0.780313,0.870178,0.455626,0.230051,0.853592,0.651735,0.490573,0.791565,0.231803,0.775122,0.56795,0.216883,0.861956,0.13464,0.43842,0.522457,0.839796,0.455193,0.883777,0.199268,0.217189,0.439104,0.720128,0.548362,0.793279,0.710481,0.203432,0.510899,0.435747,0.66334,0.421476,0.495985,0.424944,0.131641,0.107436,0.589055,0.3299,0.70745,0.574791,0.724216,0.352269,0.376523,0.274078,0.896786,0.490172,0.337881,0.5024,0.56676,0.522966,0.846832,0.478726,0.644298,0.114195,0.638909,0.381826,0.62161,0.443356,0.829512,0.550965,0.636557,0.445588,0.239598,0.578562,0.233874,0.550936,0.616882,0.838716,0.657199,0.438173,0.161762,0.197018,0.84708,0.415853,DOCTOR
0.0,0.0,0.0,0.119442,-0.190909,-0.033311,0.156118,-0.46654,-0.062233,0.204378,-0.654685,-0.097445,0.273566,-0.78681,-0.134518,0.007391,-0.643804,-0.086954,0.032595,-0.914283,-0.19463,0.13637,-0.981724,-0.268177,0.251061,-1.0,-0.314433,-0.055927,-0.607781,-0.128924,-0.029682,-0.903832,-0.244092,0.110536,-0.945129,-0.314143,0.241776,-0.941252,-0.355123,-0.127016,-0.525272,-0.178343,-0.108576,-0.79675,-0.289686,0.022837,-0.801454,-0.335197,0.145829,-0.773484,-0.354631,-0.203473,-0.410872,-0.230361,-0.261301,-0.595242,-0.320614,-0.231742,-0.728286,-0.367309,-0.182604,-0.840412,-0.397574,0.0,0.0,0.0,0.0,0.0,0.0,0.0,0.0,0.0,0.0,0.0,0.0,0.0,0.0,0.0,0.0,0.0,0.0,0.0,0.0,0.0,0.0,0.0,0.0,0.0,0.0,0.0,0.0,0.0,0.0,0.0,0.0,0.0,0.0,0.0,0.0,0.0,0.0,0.0,0.0,0.0,0.0,0.0,0.0,0.0,0.0,0.0,0.0,0.0,0.0,0.0,0.0,0.0,0.0,0.0,0.0,0.0,0.0,0.0,0.0,0.0,0.0,0.0,DOCTOR
0.240452,0.768343,0.55142,0.396055,0.686885,0.319229,0.289755,0.154955,0.71948,0.728066,0.133868,0.14863,0.345418,0.620331,0.747852,0.461181,0.122389,0.22027,0.32662,0.276367,0.316639,0.191913,0.426638,0.267392,0.711172,0.842438,0.357191,0.879821,0.224167,0.529341,0.347109,0.727572,0.104405,0.598476,0.661657,0.626535,0.332045,0.578077,0.384523,0.210135,0.362501,0.601198,0.398002,0.127755,0.101022,0.579508,0.853366,0.600997,0.818179,0.598759,0.742227,0.496603,0.730222,0.589302,0.308994,0.692352,0.242678,0.424901,0.737482,0.28614,0.777066,0.193436,0.439999,0.535401,0.8805,0.333732,0.830868,0.204779,0.18318,0.540364,0.527476,0.277507,0.752008,0.29624,0.890971,0.375279,0.846236,0.498008,0.678843,0.889869,0.380824,0.512432,0.490058,0.707381,0.771007,0.13204,0.776457,0.746013,0.415521,0.438124,0.483782,0.67948,0.170535,0.406928,0.18879,0.626941,0.832581,0.403376,0.430182,0.246672,0.205195,0.753474,0.419501,0.240777,0.412711,0.115506,0.135193,0.452371,0.778829,0.247324,0.191634,0.376834,0.11267,0.596903,0.32523,0.796484,0.18983,0.123413,0.478926,0.271175,0.127881,0.116953,0.712507,0.739023,0.825794,0.761018,DOCTOR
0.220231,0.886238,0.333267,0.702313,0.826551,0.344011,0.100262,0.10794,0.76026,0.75025,0.38379,0.231843,0.491507,0.887652,0.207635,0.868239,0.836277,0.49685,0.222269,0.582327,0.398366,0.648419,0.583488,0.372748,0.114175,0.573622,0.330396,0.160511,0.412908,0.176064,0.537737,0.488927,0.248375,0.399301,0.876014,0.338179,0.154446,0.14005,0.351645,0.634587,0.244571,0.291669,0.566261,0.136262,0.682814,0.184484,0.843128,0.512931,0.733908,0.24779,0.503049,0.348855,0.391228,0.354069,0.552101,0.734278,0.681246,0.868927,0.363382,0.484999,0.399341,0.523419,0.562043,0.492968,0.289445,0.849295,0.534045,0.646227,0.19713,0.515098,0.82471,0.736331,0.710761,0.575248,0.17776,0.832438,0.752521,0.284426,0.767875,0.702584,0.500827,0.613449,0.466931,0.6538,0.234057,0.447482,0.797393,0.432062,0.429278,0.165258,0.261379,0.116238,0.106452,0.226341,0.817422,0.657274,0.692192,0.703143,0.387696,0.79213,0.37495,0.44608,0.3235,0.26631,0.756736,0.327471,0.661894,0.789268,0.383158,0.277013,0.897066,0.579087,0.547452,0.886544,0.800987,0.40112,0.380215,0.492846,0.365134,0.411494,0.409632,0.569602,0.376678,0.338771,0.300334,0.477543,DOCTOR
0.0,0.0,0.0,-0.095535,-0.212293,-0.070953,-0.090979,-0.518533,-0.124815,-0.02699,-0.731174,-0.167673,0.033686,-0.873971,-0.206933,0.138856,-0.435247,-0.168198,0.330554,-0.722826,-0.22895,0.389122,-0.888845,-0.246302,0.422234,-1.0,-0.253355,0.237021,-0.316684,-0.166926,0.395936,-0.656289,-0.250577,0.333882,-0.717176,-0.260055,0.271266,-0.680384,-0.249716,0.301365,-0.23182,-0.164723,0.437662,-0.551494,-0.240758,0.364414,-0.59171,-0.223333,0.298742,-0.546029,-0.192759,0.344817,-0.184778,-0.163692,0.433733,-0.453747,-0.215081,0.379708,-0.495368,-0.19808,0.326456,-0.450775,-0.172884,0.0,0.0,0.0,0.0,0.0,0.0,0.0,0.0,0.0,0.0,0.0,0.0,0.0,0.0,0.0,0.0,0.0,0.0,0.0,0.0,0.0,0.0,0.0,0.0,0.0,0.0,0.0,0.0,0.0,0.0,0.0,0.0,0.0,0.0,0.0,0.0,0.0,0.0,0.0,0.0,0.0,0.0,0.0,0.0,0.0,0.0,0.0,0.0,0.0,0.0,0.0,0.0,0.0,0.0,0.0,0.0,0.0,0.0,0.0,0.0,0.0,0.0,0.0,DOCTOR
0.0,0.0,0.0,-0.164309,-0.283814,0.016373,-0.32466,-0.517462,-0.016085,-0.464372,-0.670582,-0.062058,-0.586663,-0.736544,-0.114374,-0.205758,-0.602684,-0.050865,-0.240504,-0.789355,-0.140413,-0.236971,-0.898166,-0.204834,-0.219288,-1.0,-0.243304,-0.207345,-0.503914,-0.105222,-0.417641,-0.702049,-0.179809,-0.507411,-0.717719,-0.20212,-0.547137,-0.708886,-0.21704,-0.231338,-0.351953,-0.159814,-0.472465,-0.43679,-0.229532,-0.47127,-0.344366,-0.196162,-0.41273,-0.27403,-0.163424,-0.264975,-0.17662,-0.213977,-0.441435,-0.223538,-0.252397,-0.432098,-0.169843,-0.214441,-0.375803,-0.133509,-0.180953,0.0,0.0,0.0,0.058969,-0.24887,0.009702,-0.02202,-0.433783,0.01108,-0.082217,-0.559233,-0.000441,-0.105407,-0.686153,-0.011996,-0.19655,-0.409983,0.02446,-0.241197,-0.628311,-0.025312,-0.249151,-0.813308,-0.064564,-0.250123,-0.966508,-0.090863,-0.214319,-0.395079,-0.01213,-0.254912,-0.633839,-0.064771,-0.257505,-0.827765,-0.106201,-0.254275,-1.0,-0.13223,-0.202906,-0.383861,-0.053913,-0.258717,-0.62391,-0.104658,-0.274704,-0.799787,-0.136933,-0.283013,-0.941663,-0.151183,-0.160902,-0.377205,-0.096853,-0.221262,-0.56799,-0.137504,-0.252756,-0.710739,-0.158421,-0.272541,-0.827314,-0.168333,DOCTOR
0.0,0.0,0.0,0.113953,-0.221091,-0.010613,0.273395,-0.389707,-0.057501,0.419055,-0.440505,-0.111084,0.50727,-0.404812,-0.15977,0.229963,-0.563752,-0.111768,0.418349,-0.760868,-0.180608,0.533175,-0.877728,-0.217993,0.618529,-0.971953,-0.245794,0.227302,-0.443297,-0.150257,0.431559,-0.349008,-0.239525,0.40633,-0.231365,-0.247114,0.33913,-0.174259,-0.243086,0.227144,-0.268604,-0.184992,0.420466,-0.161005,-0.244323,0.380841,-0.091145,-0.196892,0.308716,-0.072125,-0.159048,0.229983,-0.081123,-0.223064,0.390392,-0.003953,-0.236136,0.356314,0.028047,-0.188437,0.296125,0.02581,-0.152805,0.0,0.0,0.0,-0.101348,-0.458722,0.00092,-0.286928,-0.769674,-0.040454,-0.463633,-0.892851,-0.081463,-0.622138,-0.848991,-0.134924,-0.268043,-0.613209,-0.146767,-0.521456,-0.748727,-0.212354,-0.66362,-0.819916,-0.250889,-0.761127,-0.884404,-0.275136,-0.32164,-0.347499,-0.187518,-0.648447,-0.475112,-0.231894,-0.750914,-0.62074,-0.237876,-0.763876,-0.733401,-0.253196,-0.383485,-0.099992,-0.219782,-0.714381,-0.259157,-0.256646,-0.797911,-0.417836,-0.235883,-0.777934,-0.53898,-0.224088,-0.440578,0.107149,-0.249598,-0.715,-0.055924,-0.272877,-0.798231,-0.213058,-0.246592,-0.793952,-0.333864,-0.227079,DOCTOR
0.853398,0.412847,0.146534,0.120057,0.527666,0.453849,0.652168,0.346784,0.390769,0.615477,0.334828,0.690737,0.108682,0.541094,0.278838,0.532514,0.170185,0.307573,0.432897,0.504777,0.211848,0.715934,0.471344,0.761685,0.510444,0.535474,0.209701,0.14635,0.670149,0.242633,0.644651,0.113181,0.884699,0.868247,0.420519,0.190177,0.237071,0.26699,0.730232,0.200479,0.663443,0.481723,0.712101,0.715947,0.363172,0.869823,0.637565,0.457992,0.198763,0.802016,0.772922,0.311701,0.196017,0.254359,0.363527,0.197229,0.807654,0.577049,0.612526,0.669468,0.652851,0.378015,0.487734,0.489924,0.404527,0.102678,0.835617,0.491345,0.13423,0.347467,0.22141,0.222093,0.416028,0.456765,0.135983,0.581643,0.500606,0.606415,0.882574,0.896251,0.113109,0.848304,0.399672,0.317223,0.47372,0.417598,0.217769,0.831646,0.813786,0.717179,0.31016,0.814033,0.25678,0.573074,0.218595,0.260039,0.332778,0.396777,0.14596,0.840731,0.132436,0.183365,0.729151,0.435843,0.785466,0.668475,0.792336,0.529124,0.643368,0.601358,0.109586,0.253561,0.464486,0.247883,0.480365,0.161719,0.776071,0.609383,0.324,0.290495,0.358476,0.284445,0.296249,0.584083,0.816777,0.495593,DOCTOR
0.0,0.0,0.0,-0.161966,-0.418337,0.02554,-0.413241,-0.641138,0.028935,-0.635707,-0.716065,0.013898,-0.786848,-0.768712,-0.010669,-0.484078,-0.635312,0.031279,-0.715371,-0.678962,-0.016074,-0.838257,-0.684758,-0.06906,-0.946384,-0.703804,-0.110131,-0.490731,-0.427806,-0.019177,-0.743012,-0.439121,-0.050563,-0.882408,-0.447067,-0.094252,-1.0,-0.470796,-0.139237,-0.478374,-0.204651,-0.072145,-0.717207,-0.200751,-0.104251,-0.851625,-0.21199,-0.125632,-0.95901,-0.243949,-0.150943,-0.450392,0.020473,-0.124135,-0.641975,0.047798,-0.149651,-0.752833,0.031961,-0.15304,-0.845821,0.011698,-0.159806,0.0,0.0,0.0,0.0,0.0,0.0,0.0,0.0,0.0,0.0,0.0,0.0,0.0,0.0,0.0,0.0,0.0,0.0,0.0,0.0,0.0,0.0,0.0,0.0,0.0,0.0,0.0,0.0,0.0,0.0,0.0,0.0,0.0,0.0,0.0,0.0,0.0,0.0,0.0,0.0,0.0,0.0,0.0,0.0,0.0,0.0,0.0,0.0,0.0,0.0,0.0,0.0,0.0,0.0,0.0,0.0,0.0,0.0,0.0,0.0,0.0,0.0,0.0,DOCTOR
0.0,0.0,0.0,-0.026138,-0.244196,0.007576,-0.013818,-0.462889,-0.000883,0.010359,-0.639816,-0.01822,0.025489,-0.765118,-0.036798,0.06523,-0.533103,-0.003557,0.146153,-0.763046,-0.039796,0.192501,-0.895497,-0.063922,0.221732,-1.0,-0.077907,0.122876,-0.486581,-0.031158,0.215247,-0.726242,-0.061212,0.262629,-0.86923,-0.08094,0.291856,-0.986619,-0.094763,0.183927,-0.404305,-0.061248,0.279373,-0.608245,-0.087689,0.325062,-0.730192,-0.102484,0.350262,-0.830084,-0.112417,0.248603,-0.296021,-0.091664,0.340314,-0.398502,-0.107306,0.390003,-0.472633,-0.111557,0.430854,-0.542244,-0.114509,0.0,0.0,0.0,0.11595,-0.1781,-0.040415,0.168135,-0.398958,-0.060702,0.172252,-0.588607,-0.071776,0.186101,-0.737093,-0.082075,-0.005818,-0.470608,-0.074738,-0.072679,-0.730638,-0.100795,-0.099595,-0.88404,-0.114438,-0.113021,-1.0,-0.122444,-0.108812,-0.417441,-0.066753,-0.180463,-0.678076,-0.087167,-0.192349,-0.826508,-0.094086,-0.191147,-0.925778,-0.100262,-0.180784,-0.355607,-0.059253,-0.234956,-0.602351,-0.073168,-0.233886,-0.735631,-0.07067,-0.219098,-0.82544,-0.068974,-0.225664,-0.297898,-0.054829,-0.264948,-0.497979,-0.067768,-0.266678,-0.613108,-0.064849,-0.256892,-0.696942,-0.05964,DOCTOR
0.0,0.0,0.0,-0.046962,-0.188094,0.030592,-0.210249,-0.36163,-0.004351,-0.425413,-0.497765,-0.044193,-0.607421,-0.555819,-0.090525,-0.17479,-0.605076,-0.148222,-0.451333,-0.930433,-0.2144,-0.641354,-0.914398,-0.226443,-0.714215,-0.825263,-0.223648,-0.218618,-0.587802,-0.198357,-0.527472,-0.977561,-0.243222,-0.73771,-1.0,-0.221609,-0.832665,-0.926077,-0.204159,-0.298893,-0.495929,-0.23965,-0.602237,-0.850613,-0.278568,-0.794529,-0.900353,-0.263835,-0.886857,-0.86785,-0.255938,-0.403352,-0.349117,-0.272105,-0.665283,-0.534901,-0.319733,-0.816456,-0.581144,-0.315268,-0.902773,-0.572059,-0.305157,0.0,0.0,0.0,0.0,0.0,0.0,0.0,0.0,0.0,0.0,0.0,0.0,0.0,0.0,0.0,0.0,0.0,0.0,0.0,0.0,0.0,0.0,0.0,0.0,0.0,0.0,0.0,0.0,0.0,0.0,0.0,0.0,0.0,0.0,0.0,0.0,0.0,0.0,0.0,0.0,0.0,0.0,0.0,0.0,0.0,0.0,0.0,0.0,0.0,0.0,0.0,0.0,0.0,0.0,0.0,0.0,0.0,0.0,0.0,0.0,0.0,0.0,0.0,DOCTOR
0.869852,0.434843,0.42842,0.433506,0.478232,0.637553,0.257465,0.287267,0.883347,0.630037,0.313468,0.681615,0.444122,0.326976,0.153837,0.737132,0.484114,0.558292,0.193421,0.728453,0.238208,0.685753,0.31149,0.101927,0.73172,0.767932,0.556637,0.833926,0.434171,0.35005,0.795545,0.170506,0.593664,0.512604,0.37208,0.64041,0.802754,0.143199,0.312666,0.625572,0.802635,0.383126,0.416674,0.450465,0.200096,0.193728,0.5737,0.215288,0.820679,0.20496,0.635725,0.504201,0.641186,0.128966,0.879639,0.650758,0.113873,0.711937,0.294321,0.381552,0.564968,0.800196,0.752008,0.209525,0.815236,0.668924,0.571025,0.775367,0.617575,0.263021,0.657931,0.654791,0.305368,0.73418,0.433918,0.698543,0.249196,0.706316,0.295061,0.186974,0.48202,0.68759,0.15498,0.177605,0.671559,0.667394,0.446499,0.811513,0.564267,0.546515,0.800644,0.444521,0.212132,0.109014,0.176368,0.552141,0.836036,0.448732,0.546478,0.182934,0.305861,0.372817,0.279204,0.599984,0.399999,0.387526,0.277311,0.459254,0.521959,0.296008,0.692288,0.299631,0.246385,0.391263,0.316091,0.486559,0.795599,0.843553,0.550869,0.608056,0.279186,0.632973,0.758404,0.161503,0.323005,0.471985,DOCTOR
0.0,0.0,0.0,0.161869,-0.208582,-0.010867,0.228444,-0.44186,-0.017947,0.277059,-0.615491,-0.034329,0.335559,-0.743118,-0.055029,0.089765,-0.579684,-0.014302,0.062226,-0.794163,-0.070458,0.074222,-0.907649,-0.116558,0.098621,-1.0,-0.150548,0.036297,-0.546808,-0.046819,-0.006786,-0.766568,-0.097483,0.013098,-0.888176,-0.141756,0.042415,-0.986174,-0.177336,-0.008061,-0.471103,-0.085596,-0.076067,-0.661202,-0.138618,-0.073748,-0.775045,-0.175617,-0.058584,-0.872355,-0.204633,-0.040272,-0.358868,-0.126812,-0.113588,-0.456876,-0.174473,-0.138757,-0.526628,-0.198847,-0.157752,-0.588325,-0.218069,0.0,0.0,0.0,0.0,0.0,0.0,0.0,0.0,0.0,0.0,0.0,0.0,0.0,0.0,0.0,0.0,0.0,0.0,0.0,0.0,0.0,0.0,0.0,0.0,0.0,0.0,0.0,0.0,0.0,0.0,0.0,0.0,0.0,0.0,0.0,0.0,0.0,0.0,0.0,0.0,0.0,0.0,0.0,0.0,0.0,0.0,0.0,0.0,0.0,0.0,0.0,0.0,0.0,0.0,0.0,0.0,0.0,0.0,0.0,0.0,0.0,0.0,0.0,DOCTOR
0.670715,0.791994,0.446706,0.821759,0.224887,0.145602,0.500155,0.290489,0.236952,0.728424,0.242563,0.62497,0.862803,0.282289,0.75065,0.845319,0.385826,0.422819,0.726149,0.634772,0.728923,0.875617,0.269775,0.598135,0.242613,0.162364,0.652029,0.73358,0.846731,0.48796,0.418721,0.698522,0.502075,0.148702,0.676917,0.117587,0.548582,0.874372,0.497173,0.385594,0.135202,0.263685,0.287294,0.530226,0.622053,0.211875,0.327665,0.400199,0.887705,0.644217,0.589011,0.146525,0.346249,0.558464,0.602225,0.562761,0.78053,0.615699,0.372597,0.514357,0.570076,0.473909,0.599574,0.866291,0.559812,0.893778,0.346619,0.707027,0.672858,0.432909,0.766604,0.41754,0.259101,0.743603,0.174449,0.690834,0.475868,0.151185,0.744937,0.259314,0.451963,0.170572,0.367054,0.256671,0.718415,0.775784,0.207344,0.760121,0.123066,0.438375,0.42074,0.163242,0.414702,0.21562,0.500306,0.135183,0.719717,0.670709,0.722239,0.456219,0.742086,0.42259,0.414607,0.525762,0.369561,0.113271,0.384108,0.225717,0.555379,0.32286,0.398116,0.263247,0.804105,0.753535,0.225251,0.76853,0.129181,0.317535,0.208135,0.342077,0.780055,0.679524,0.114244,0.712407,0.163698,0.604607,EAT
0.573325,0.451652,0.666302,0.791998,0.860722,0.202686,0.73169,0.569633,0.820711,0.376173,0.408977,0.859671,0.155456,0.761597,0.309513,0.600747,0.768214,0.4947,0.37905,0.8211,0.640967,0.41996,0.586108,0.643251,0.300432,0.39824,0.523356,0.739239,0.493449,0.495343,0.562368,0.682307,0.795275,0.475962,0.177533,0.60609,0.413458,0.188231,0.492776,0.881439,0.43045,0.840552,0.530069,0.823481,0.237333,0.476308,0.857691,0.172333,0.838846,0.330411,0.72997,0.485183,0.73581,0.423517,0.882525,0.714734,0.302986,0.27736,0.263742,0.111953,0.156458,0.682433,0.811919,0.682652,0.864679,0.797194,0.658094,0.221976,0.409716,0.135223,0.189577,0.802679,0.206048,0.23616,0.777756,0.495092,0.198504,0.635055,0.645981,0.176574,0.53127,0.817145,0.844383,0.380214,0.798142,0.499238,0.300746,0.400468,0.236357,0.706213,0.39298,0.673632,0.568438,0.705307,0.546429,0.144484,0.358676,0.582122,0.156852,0.716205,0.771579,0.355599,0.291102,0.207856,0.883154,0.719903,0.539868,0.776002,0.101487,0.836002,0.603081,0.753643,0.569802,0.251286,0.348787,0.532858,0.683156,0.261237,0.781014,0.881957,0.55885,0.240714,0.866938,0.474075,0.856995,0.486975,EAT
0.634844,0.40916,0.487982,0.811321,0.637023,0.837026,0.795488,0.609147,0.674656,0.235626,0.550472,0.155264,0.872347,0.453436,0.785753,0.21041,0.562066,0.83925,0.397753,0.602247,0.402218,0.621783,0.569197,0.299995,0.534016,0.730699,0.311306,0.362995,0.858108,0.582516,0.628598,0.157581,0.434002,0.423458,0.734716,0.83656,0.359426,0.882786,0.684735,0.483445,0.747242,0.438472,0.610509,0.645877,0.570352,0.555024,0.154588,0.680924,0.641669,0.80651,0.370381,0.258633,0.608549,0.697311,0.490515,0.715533,0.63098,0.488844,0.668779,0.514938,0.513926,0.120891,0.134629,0.304338,0.509981,0.240072,0.491416,0.413653,0.504844,0.844732,0.615714,0.135833,0.394447,0.679147,0.36134,0.336921,0.351375,0.719228,0.633235,0.651157,0.224691,0.826924,0.588064,0.550799,0.860041,0.504522,0.184646,0.207095,0.729559,0.237072,0.702471,0.314422,0.751803,0.308001,0.290912,0.727335,0.268754,0.390599,0.762048,0.135331,0.74922,0.890011,0.718729,0.277275,0.467447,0.692566,0.889937,0.235261,0.189725,0.718235,0.398428,0.424315,0.220572,0.135828,0.702162,0.372997,0.635285,0.366962,0.579274,0.512672,0.509693,0.304099,0.787352,0.19217,0.677376,0.559529,EAT
0.607876,0.348981,0.20197,0.189649,0.588558,0.363836,0.245684,0.103076,0.454988,0.382517,0.738044,0.512972,0.328176,0.278797,0.13746,0.481213,0.637274,0.85757,0.899465,0.317201,0.853936,0.81846,0.488615,0.818929,0.722025,0.652325,0.343108,0.701197,0.256987,0.50004,0.567932,0.534066,0.479038,0.469806,0.275895,0.255867,0.764477,0.653513,0.711956,0.127407,0.849292,0.214321,0.376433,0.125259,0.520031,0.839943,0.865651,0.20244,0.617923,0.774171,0.199087,0.540178,0.106602,0.124069,0.354525,0.105852,0.109864,0.871525,0.785513,0.722809,0.629634,0.16396,0.840193,0.334536,0.674315,0.426769,0.373162,0.568672,0.381326,0.82614,0.414693,0.158519,0.506611,0.653561,0.582153,0.520184,0.399199,0.567862,0.285115,0.387349,0.1803,0.248146,0.314932,0.21181,0.229532,0.148646,0.47935,0.690431,0.328154,0.784984,0.315656,0.426942,0.394351,0.676713,0.781267,0.136913,0.432632,0.729152,0.187299,0.280432,0.548794,0.675556,0.319965,0.851994,0.53224,0.83969,0.431351,0.474482,0.662622,0.446726,0.35426,0.376279,0.756531,0.169743,0.590846,0.375227,0.724128,0.828318,0.774994,0.266583,0.328204,0.111673,0.441175,0.419961,0.795377,0.600461,EAT
0.660458,0.233263,0.424333,0.611935,0.724453,0.103585,0.655476,0.412148,0.887934,0.72389,0.733489,0.666361,0.299555,0.101718,0.236882,0.204664,0.220444,0.229188,0.343157,0.348921,0.352075,0.405726,0.827702,0.648929,0.740246,0.203875,0.110322,0.121604,0.564999,0.60347,0.694659,0.425762,0.478491,0.321138,0.504617,0.718743,0.780612,0.229642,0.695314,0.664621,0.826507,0.682636,0.387569,0.653785,0.320104,0.801489,0.243951,0.833084,0.282128,0.572575,0.813412,0.445177,0.223557,0.467438,0.346727,0.76807,0.539246,0.742829,0.457893,0.611909,0.454712,0.537414,0.604914,0.734449,0.335485,0.729014,0.590279,0.385798,0.10292,0.284561,0.412984,0.796341,0.717381,0.803753,0.526339,0.10436,0.601325,0.863653,0.678077,0.131041,0.631301,0.696355,0.131147,0.388621,0.681298,0.846132,0.229221,0.589312,0.38105,0.8862,0.506509,0.553922,0.82085,0.385069,0.780139,0.278632,0.674855,0.858337,0.545527,0.809293,0.628732,0.71304,0.14345,0.83403,0.83854,0.608414,0.199967,0.198771,0.687409,0.712158,0.54149,0.268224,0.618288,0.120183,0.168876,0.415067,0.746169,0.382486,0.793064,0.492419,0.651188,0.531083,0.650884,0.468883,0.525495,0.53822,EAT
0.695739,0.235869,0.209386,0.301769,0.426114,0.865523,0.49619,0.404533,0.551055,0.510499,0.730825,0.750055,0.121536,0.668812,0.118269,0.611923,0.859964,0.468815,0.78,0.787285,0.207061,0.82813,0.489021,0.37569,0.683039,0.252336,0.38255,0.191602,0.295359,0.691391,0.16189,0.608339,0.845419,0.707811,0.577819,0.732945,0.545233,0.170659,0.813924,0.663174,0.869145,0.270915,0.856019,0.587196,0.441718,0.372295,0.192044,0.513193,0.402787,0.879468,0.171789,0.193969,0.468975,0.356791,0.804379,0.838168,0.205128,0.315368,0.809669,0.156247,0.472957,0.360863,0.616435,0.880013,0.890852,0.346885,0.383663,0.316416,0.342446,0.292887,0.436715,0.50829,0.192209,0.329676,0.724367,0.330683,0.152856,0.192962,0.330479,0.545739,0.655971,0.507782,0.703732,0.550136,0.516909,0.158552,0.286129,0.39022,0.165164,0.711553,0.182955,0.248118,0.738138,0.773954,0.852943,0.356843,0.415064,0.478768,0.366762,0.434934,0.360208,0.804563,0.252396,0.202319,0.196401,0.653229,0.371696,0.791112,0.615647,0.491052,0.478065,0.311632,0.27586,0.676434,0.641255,0.386198,0.246664,0.22216,0.379922,0.872459,0.278538,0.361386,0.174663,0.85311,0.880164,0.632103,EAT
0.650263,0.615474,0.874676,0.292838,0.588148,0.625201,0.536593,0.46335,0.23129,0.597139,0.116131,0.144632,0.868796,0.240728,0.816667,0.293111,0.48051,0.120961,0.523821,0.785157,0.265719,0.355751,0.839572,0.563581,0.566759,0.352276,0.760807,0.686524,0.396717,0.779914,0.411901,0.174875,0.107109,0.899327,0.270771,0.597451,0.172315,0.879078,0.865901,0.329091,0.882456,0.404363,0.620541,0.793163,0.846293,0.229602,0.656954,0.72507,0.821046,0.750786,0.164193,0.699288,0.502091,0.79527,0.648711,0.731833,0.581607,0.281535,0.722397,0.745128,0.584702,0.115523,0.60737,0.62599,0.165271,0.547361,0.352873,0.471987,0.621481,0.313056,0.479398,0.462511,0.868278,0.838884,0.580529,0.784631,0.682793,0.178225,0.163661,0.780116,0.707824,0.895557,0.868783,0.134395,0.525831,0.66832,0.287499,0.744471,0.729214,0.230114,0.174963,0.757435,0.462038,0.389482,0.898329,0.820617,0.523128,0.823393,0.193503,0.789168,0.227134,0.225496,0.520392,0.461105,0.862902,0.611937,0.156813,0.362597,0.63854,0.174064,0.793039,0.577066,0.343831,0.496191,0.522708,0.370927,0.727797,0.694481,0.44194,0.692155,0.429844,0.121414,0.449644,0.165956,0.560091,0.342538,EAT
0.232413,0.377469,0.722855,0.832063,0.616376,0.778633,0.279917,0.328831,0.51921,0.633498,0.798199,0.714837,0.480683,0.706987,0.347855,0.542585,0.655247,0.857341,0.610914,0.409077,0.451623,0.842349,0.328538,0.279451,0.249848,0.343687,0.746393,0.846625,0.272785,0.264502,0.532905,0.485537,0.633276,0.164896,0.57043,0.551137,0.822109,0.64278,0.572719,0.30364,0.800657,0.572103,0.889581,0.774309,0.839482,0.411287,0.826112,0.399548,0.178979,0.205129,0.806143,0.125818,0.513115,0.628387,0.88962,0.520588,0.761833,0.349701,0.408301,0.780077,0.739655,0.478542,0.270237,0.346198,0.409752,0.455408,0.740527,0.867635,0.793102,0.250042,0.42412,0.69088,0.801028,0.200035,0.142607,0.695841,0.154864,0.330778,0.597005,0.708528,0.637345,0.559166,0.323979,0.277241,0.405285,0.408124,0.483672,0.695954,0.488659,0.171514,0.413526,0.430125,0.68168,0.418256,0.46726,0.619695,0.78915,0.108328,0.353892,0.385901,0.149574,0.422358,0.137795,0.162173,0.458384,0.185996,0.731826,0.506726,0.319418,0.546174,0.695412,0.722767,0.256836,0.445644,0.483725,0.851509,0.794049,0.440104,0.76325,0.111506,0.295624,0.558348,0.581045,0.117414,0.827553,0.762528,FAMILY
0.82558,0.75159,0.630373,0.393114,0.624461,0.356976,0.404835,0.301509,0.509422,0.383867,0.107927,0.150793,0.751817,0.727659,0.504704,0.650806,0.697206,0.722789,0.520417,0.509196,0.316326,0.676775,0.461232,0.687738,0.14025,0.526034,0.527089,0.769832,0.360683,0.747902,0.56738,0.702251,0.672024,0.20996,0.450747,0.489874,0.699363,0.269047,0.823462,0.524504,0.181722,0.812728,0.692374,0.114416,0.28153,0.841511,0.518906,0.30238,0.691073,0.135884,0.40578,0.421036,0.877563,0.896848,0.508694,0.204567,0.661594,0.28834,0.48651,0.603694,0.718199,0.512007,0.189506,0.766755,0.210388,0.211532,0.104427,0.714991,0.34435,0.806772,0.876187,0.204278,0.766501,0.361634,0.862655,0.100022,0.81696,0.651198,0.199444,0.482246,0.108791,0.402361,0.154487,0.371657,0.112717,0.324312,0.750225,0.82525,0.747636,0.334063,0.569324,0.586096,0.194616,0.613343,0.308525,0.342316,0.491688,0.151528,0.321672,0.671852,0.761146,0.424464,0.685731,0.768191,0.828151,0.263558,0.861047,0.426596,0.109509,0.678594,0.803498,0.500458,0.184633,0.22856,0.351362,0.259806,0.690013,0.169538,0.497175,0.483567,0.749897,0.684055,0.603957,0.850806,0.69699,0.191993,FAMILY
0.336994,0.852735,0.335429,0.89745,0.223921,0.862503,0.122169,0.603163,0.230693,0.275841,0.815661,0.120782,0.168033,0.376166,0.283762,0.779794,0.199636,0.526532,0.322324,0.623473,0.322189,0.856794,0.440238,0.16231,0.860601,0.608405,0.667371,0.250776,0.776969,0.174841,0.41625,0.703658,0.728174,0.653157,0.13501,0.457175,0.234377,0.422046,0.820511,0.365229,0.646494,0.554085,0.490469,0.685276,0.269028,0.633125,0.145128,0.166151,0.759102,0.834088,0.876187,0.139292,0.339391,0.294868,0.256289,0.624032,0.381184,0.784681,0.695791,0.2381,0.473282,0.183853,0.275752,0.715587,0.561548,0.839017,0.689845,0.374432,0.664071,0.125465,0.415123,0.68639,0.230684,0.209708,0.528307,0.376612,0.512055,0.249407,0.532699,0.517215,0.448455,0.225641,0.571905,0.158126,0.848009,0.883687,0.327191,0.415308,0.734544,0.412575,0.133692,0.246168,0.665608,0.302174,0.461826,0.3596,0.423516,0.416833,0.651432,0.257551,0.408597,0.365122,0.749642,0.774311,0.590528,0.161374,0.236192,0.842186,0.62266,0.264198,0.369938,0.477635,0.154019,0.855251,0.59832,0.664807,0.631024,0.281785,0.154362,0.196052,0.227287,0.505942,0.878492,0.462257,0.551558,0.872016,FAMILY
0.442303,0.610851,0.427755,0.486197,0.607758,0.756773,0.59491,0.352272,0.470756,0.809255,0.669397,0.717253,0.360452,0.349826,0.85252,0.335834,0.314097,0.717372,0.630659,0.823218,0.490347,0.376458,0.243685,0.631171,0.163195,0.336281,0.292195,0.798481,0.542633,0.718017,0.227128,0.614839,0.565092,0.361576,0.621107,0.331699,0.103302,0.293,0.657059,0.80438,0.173676,0.846573,0.585873,0.847584,0.247964,0.885274,0.512961,0.858919,0.376095,0.356397,0.347283,0.117541,0.304281,0.708666,0.429354,0.799231,0.790779,0.213851,0.693452,0.515772,0.389315,0.442926,0.813528,0.764608,0.629378,0.263271,0.552996,0.605174,0.877071,0.873434,0.153314,0.337501,0.644359,0.156859,0.450977,0.290662,0.25673,0.12973,0.139843,0.680052,0.136687,0.158698,0.631522,0.599282,0.608059,0.65336,0.26129,0.315627,0.751333,0.211332,0.500121,0.741193,0.72127,0.206053,0.743577,0.638746,0.619451,0.861153,0.556426,0.876144,0.292679,0.520718,0.74258,0.633206,0.202518,0.163872,0.219947,0.105593,0.734173,0.635414,0.143491,0.687024,0.4365,0.676405,0.396614,0.779241,0.152373,0.358403,0.585493,0.867375,0.374943,0.170421,0.559382,0.333508,0.118906,0.604359,FAMILY
0.600812,0.749761,0.594037,0.779619,0.711853,0.777005,0.238013,0.199668,0.416073,0.263907,0.741715,0.448896,0.178516,0.769536,0.375665,0.411495,0.299385,0.49688,0.459384,0.79427,0.469347,0.528831,0.492063,0.543207,0.41207,0.557091,0.428445,0.625521,0.846764,0.651642,0.857194,0.117404,0.72266,0.256268,0.176756,0.540704,0.151993,0.241327,0.154395,0.428725,0.639751,0.547607,0.503875,0.203957,0.501626,0.81426,0.836424,0.441045,0.611865,0.491458,0.708884,0.261759,0.381704,0.621577,0.440106,0.445052,0.426653,0.551929,0.328824,0.832033,0.459394,0.807146,0.623961,0.56292,0.18133,0.327078,0.266611,0.642609,0.645338,0.682511,0.459335,0.678713,0.25728,0.54583,0.801848,0.639643,0.513554,0.16556,0.825048,0.468014,0.383665,0.334504,0.839998,0.229171,0.169911,0.358838,0.250021,0.768422,0.396762,0.394738,0.448998,0.118282,0.30871,0.723393,0.829314,0.532746,0.132744,0.250682,0.281579,0.727198,0.850891,0.256195,0.46035,0.432587,0.156581,0.182129,0.601155,0.289267,0.118431,0.559175,0.688024,0.684842,0.324939,0.249545,0.312429,0.278359,0.634729,0.491409,0.468169,0.207335,0.416532,0.866012,0.436777,0.286869,0.205612,0.796852,FAMILY
0.205778,0.351188,0.414603,0.783161,0.542702,0.556127,0.833146,0.75654,0.379159,0.579249,0.246052,0.173396,0.202516,0.482761,0.277912,0.634477,0.427215,0.127022,0.12256,0.651195,0.775656,0.114071,0.262496,0.129524,0.714701,0.42099,0.319412,0.243947,0.429699,0.209362,0.312522,0.305787,0.610627,0.475262,0.319041,0.461246,0.40538,0.682529,0.449255,0.105923,0.778678,0.658617,0.611467,0.70911,0.766358,0.811102,0.663129,0.133033,0.299959,0.252147,0.152873,0.309522,0.265689,0.328172,0.30386,0.198485,0.685096,0.11509,0.859593,0.420839,0.643206,0.342471,0.559299,0.555053,0.535933,0.728828,0.226509,0.17541,0.520121,0.202628,0.57097,0.578328,0.520982,0.837735,0.518707,0.289057,0.702154,0.786537,0.438562,0.199378,0.628198,0.390315,0.57035,0.390871,0.249995,0.712338,0.446521,0.747685,0.684282,0.106216,0.31139,0.19308,0.667663,0.829565,0.163377,0.458682,0.556135,0.654119,0.184665,0.504042,0.60658,0.11126,0.341596,0.637116,0.267205,0.221035,0.896127,0.816125,0.361918,0.521645,0.825063,0.886224,0.547575,0.778854,0.543738,0.276403,0.210294,0.418837,0.282285,0.573316,0.396583,0.464784,0.20534,0.670426,0.783414,0.677621,FAMILY
0.68123,0.662087,0.805543,0.376701,0.258242,0.705757,0.82235,0.43085,0.381865,0.574591,0.829128,0.156173,0.309454,0.87259,0.8581,0.538774,0.329044,0.120314,0.841804,0.84873,0.470212,0.709666,0.627183,0.426645,0.353588,0.874819,0.694361,0.858255,0.433654,0.844939,0.159347,0.812114,0.687298,0.230968,0.455052,0.486392,0.787968,0.503509,0.476936,0.584974,0.87209,0.126931,0.215018,0.820768,0.627135,0.465194,0.625071,0.866483,0.786466,0.283586,0.168384,0.455097,0.131343,0.573772,0.807227,0.354993,0.744917,0.259097,0.800423,0.118256,0.282955,0.742839,0.222848,0.135189,0.246628,0.11445,0.459839,0.14822,0.256912,0.451003,0.374236,0.641219,0.853972,0.15871,0.663362,0.844119,0.819893,0.190014,0.227626,0.771973,0.182828,0.700715,0.260002,0.509031,0.714557,0.514882,0.52116,0.838372,0.225794,0.843532,0.398941,0.674597,0.501719,0.86362,0.178349,0.46559,0.665064,0.645919,0.724563,0.472684,0.370886,0.262982,0.61951,0.214281,0.140425,0.286737,0.421391,0.405401,0.170524,0.282848,0.824237,0.182483,0.548791,0.62301,0.14647,0.870229,0.507838,0.607978,0.23863,0.318704,0.51334,0.421781,0.253502,0.555477,0.47337,0.644408,FAMILY
0.726562,0.267096,0.477753,0.389708,0.121144,0.697522,0.834315,0.18999,0.202328,0.455093,0.284904,0.175423,0.635838,0.881998,0.49782,0.855771,0.132102,0.805615,0.564258,0.798187,0.536092,0.802377,0.433273,0.825422,0.639232,0.535747,0.853322,0.560132,0.63878,0.473546,0.772338,0.760188,0.38808,0.623208,0.622303,0.152012,0.577994,0.566745,0.354833,0.50145,0.107592,0.715415,0.349894,0.576409,0.493551,0.143332,0.882223,0.836399,0.807197,0.746592,0.269297,0.475389,0.79725,0.543626,0.241787,0.782814,0.116285,0.485643,0.67076,0.260278,0.324034,0.373327,0.109143,0.293609,0.23322,0.667245,0.468964,0.60754,0.868074,0.427421,0.231586,0.835121,0.400472,0.245925,0.491396,0.752485,0.886141,0.630618,0.681276,0.560629,0.690922,0.443394,0.815458,0.388608,0.552355,0.756921,0.13218,0.28239,0.350765,0.704303,0.470286,0.511582,0.763459,0.354754,0.130926,0.581078,0.519983,0.524891,0.324521,0.705594,0.733475,0.699243,0.694481,0.596723,0.671334,0.860115,0.140735,0.393425,0.749326,0.66663,0.24227,0.478389,0.758571,0.108688,0.76262,0.708391,0.706895,0.82818,0.75801,0.592834,0.14531,0.490141,0.411531,0.250314,0.807936,0.596726,FATHER
0.200908,0.312421,0.239083,0.760668,0.25946,0.34108,0.459295,0.123366,0.64667,0.507239,0.608463,0.190803,0.708614,0.527588,0.88245,0.132435,0.553382,0.167526,0.404858,0.640737,0.607546,0.656427,0.892936,0.446729,0.149554,0.481194,0.460944,0.554925,0.314856,0.667173,0.181294,0.388957,0.5043,0.574856,0.484591,0.787501,0.783147,0.385065,0.685914,0.567008,0.217489,0.393053,0.259365,0.143066,0.162405,0.59969,0.148898,0.319824,0.573109,0.179558,0.48314,0.5253,0.45291,0.189464,0.609084,0.100701,0.83361,0.750369,0.195678,0.121499,0.211217,0.105485,0.841524,0.300447,0.271428,0.587785,0.738245,0.569141,0.653729,0.489725,0.453431,0.546619,0.133282,0.358386,0.213851,0.783169,0.104458,0.304093,0.371465,0.502057,0.322327,0.305008,0.746689,0.412896,0.193705,0.865903,0.395154,0.626292,0.67561,0.721375,0.577437,0.833292,0.265351,0.257126,0.821542,0.274079,0.348809,0.863051,0.358664,0.388304,0.188462,0.363922,0.457307,0.58858,0.794221,0.755403,0.507582,0.250459,0.306081,0.506969,0.527078,0.756676,0.451089,0.382082,0.774968,0.483117,0.734157,0.403896,0.389171,0.192,0.31375,0.821993,0.817722,0.385248,0.11602,0.198548,FATHER
0.693549,0.497625,0.247208,0.454096,0.663466,0.846437,0.641843,0.440181,0.320342,0.612204,0.479136,0.25835,0.584096,0.569037,0.891087,0.812149,0.209631,0.574288,0.357812,0.264062,0.835869,0.744261,0.834235,0.354947,0.406858,0.802006,0.578364,0.225992,0.53909,0.621819,0.723278,0.1611,0.640841,0.269957,0.506842,0.411122,0.57728,0.165827,0.862562,0.331689,0.351552,0.669077,0.888904,0.661894,0.417244,0.7544,0.470626,0.81575,0.565665,0.134818,0.260335,0.173493,0.127993,0.631509,0.108749,0.763643,0.68027,0.700707,0.804785,0.252179,0.232992,0.628866,0.697881,0.444927,0.55731,0.439797,0.331487,0.315893,0.725732,0.583764,0.276324,0.306142,0.24199,0.579311,0.389975,0.575232,0.291145,0.792978,0.797161,0.760459,0.133935,0.723748,0.763589,0.554599,0.361134,0.738342,0.82216,0.61725,0.336966,0.671963,0.45032,0.118361,0.58121,0.865281,0.39407,0.329192,0.658182,0.739437,0.446694,0.497892,0.136564,0.170558,0.155718,0.316629,0.684011,0.753379,0.200029,0.749945,0.673786,0.530206,0.377147,0.16752,0.160619,0.687824,0.850875,0.241966,0.360839,0.76634,0.209201,0.417941,0.510616,0.710865,0.526264,0.698375,0.240971,0.723648,FATHER
0.302184,0.780276,0.527973,0.319007,0.274987,0.37689,0.546994,0.419903,0.243426,0.265435,0.794407,0.656374,0.828173,0.248283,0.221652,0.147121,0.329136,0.876664,0.821605,0.514565,0.214954,0.585882,0.694099,0.850948,0.687721,0.525319,0.729886,0.202214,0.294643,0.666783,0.57389,0.884654,0.690236,0.878413,0.830441,0.325077,0.602758,0.573563,0.449405,0.625117,0.551289,0.707372,0.28389,0.858444,0.546957,0.40822,0.203586,0.298908,0.871186,0.719157,0.57801,0.447842,0.598743,0.498075,0.755158,0.797724,0.830073,0.356432,0.810208,0.137542,0.838399,0.127618,0.282544,0.372245,0.129198,0.835784,0.433682,0.457125,0.70836,0.858765,0.815817,0.893522,0.115168,0.863138,0.226611,0.152734,0.595835,0.593481,0.755889,0.390519,0.853975,0.538854,0.304597,0.797683,0.739703,0.39999,0.596516,0.687411,0.296774,0.191287,0.2636,0.42006,0.589809,0.854846,0.496614,0.410221,0.529977,0.146699,0.758144,0.531549,0.398068,0.736508,0.295809,0.794016,0.526426,0.486204,0.425267,0.3881,0.160839,0.80846,0.276124,0.268559,0.343471,0.603081,0.158281,0.513741,0.666663,0.219918,0.731767,0.671868,0.730662,0.881588,0.163255,0.400402,0.263234,0.562402,FATHER
0.566411,0.540184,0.218326,0.571804,0.636075,0.146732,0.849014,0.732942,0.628744,0.341773,0.87989,0.829302,0.684967,0.722453,0.40677,0.177802,0.590165,0.786854,0.600702,0.479703,0.68823,0.202574,0.650863,0.635392,0.571468,0.893887,0.385655,0.814682,0.561571,0.350252,0.674397,0.724765,0.594822,0.297067,0.531278,0.331259,0.811282,0.868167,0.191101,0.268992,0.838529,0.366666,0.894579,0.373194,0.446559,0.102886,0.38265,0.435679,0.567025,0.668166,0.385414,0.449164,0.145485,0.422112,0.555183,0.728411,0.554987,0.659373,0.791532,0.861918,0.704239,0.430725,0.555021,0.332303,0.859085,0.865078,0.28572,0.3517,0.335589,0.271831,0.682988,0.577536,0.545435,0.723401,0.249596,0.494081,0.461403,0.384878,0.693346,0.335469,0.849013,0.234814,0.716542,0.130227,0.208169,0.312392,0.729086,0.799022,0.206928,0.21038,0.891518,0.281639,0.599599,0.627429,0.604872,0.107566,0.238525,0.413812,0.847717,0.331231,0.331367,0.45984,0.521219,0.462712,0.868247,0.149906,0.100121,0.533727,0.84079,0.431871,0.161423,0.856543,0.846274,0.317979,0.619965,0.870569,0.570012,0.628003,0.10826,0.234846,0.341181,0.277881,0.862143,0.694455,0.655405,0.264241,FATHER
0.84284,0.754411,0.584399,0.833724,0.533745,0.155142,0.675756,0.550047,0.217057,0.105438,0.135361,0.676222,0.633755,0.157566,0.125111,0.245834,0.215424,0.177386,0.875079,0.251607,0.633451,0.360725,0.490978,0.668047,0.799759,0.851658,0.375674,0.369197,0.817756,0.137361,0.338273,0.198245,0.537102,0.741183,0.186128,0.575811,0.15127,0.362496,0.883583,0.794545,0.138899,0.193158,0.117678,0.56404,0.675004,0.363817,0.512955,0.424739,0.768849,0.246904,0.716003,0.495418,0.38489,0.161348,0.638473,0.173412,0.308665,0.84083,0.591597,0.281058,0.372166,0.284089,0.143536,0.55245,0.641608,0.295303,0.851084,0.304723,0.473041,0.315286,0.61324,0.480578,0.296487,0.814856,0.160207,0.25581,0.739019,0.451766,0.884027,0.248316,0.721834,0.163161,0.417119,0.409634,0.28939,0.11567,0.501233,0.198846,0.894646,0.23552,0.668965,0.870687,0.43844,0.339174,0.88131,0.882545,0.619237,0.638641,0.384785,0.516135,0.165268,0.416853,0.320092,0.686487,0.834826,0.693438,0.791575,0.690327,0.397874,0.476033,0.754684,0.269846,0.863165,0.3279,0.484929,0.252841,0.890937,0.884214,0.280551,0.495445,0.430044,0.48557,0.633743,0.640446,0.283692,0.482168,FATHER
0.187238,0.154808,0.119255,0.443734,0.519595,0.470833,0.298239,0.117926,0.151725,0.529163,0.760466,0.469501,0.804232,0.735808,0.427602,0.228011,0.296089,0.228496,0.664336,0.718578,0.350653,0.885635,0.580114,0.312812,0.641284,0.29895,0.60037,0.600767,0.871006,0.518826,0.42213,0.869799,0.300802,0.196572,0.617222,0.748444,0.399783,0.571216,0.43464,0.310315,0.377537,0.22289,0.28366,0.37947,0.696354,0.147879,0.80728,0.89057,0.89539,0.216691,0.542092,0.540451,0.119281,0.773707,0.294139,0.150393,0.136145,0.604035,0.465394,0.491864,0.607804,0.166542,0.353017,0.157761,0.511717,0.59264,0.896417,0.220347,0.864232,0.891,0.400439,0.40235,0.695514,0.642766,0.501865,0.25438,0.570766,0.530771,0.78501,0.691351,0.707317,0.839362,0.762066,0.628522,0.281325,0.196665,0.500125,0.607631,0.358003,0.379529,0.463283,0.5754,0.543225,0.76267,0.467264,0.642727,0.12805,0.688189,0.276309,0.673845,0.330375,0.223453,0.683333,0.622494,0.841679,0.584499,0.237216,0.672999,0.794207,0.127475,0.699947,0.836743,0.534402,0.747585,0.223994,0.486075,0.808353,0.35972,0.154675,0.169218,0.776749,0.753831,0.705018,0.134301,0.581647,0.354939,FATHER
0.460918,0.444399,0.497813,0.323194,0.816447,0.537386,0.503964,0.458674,0.861896,0.610057,0.708392,0.383078,0.620349,0.253577,0.418196,0.600436,0.125852,0.748161,0.564274,0.16148,0.454595,0.412332,0.648289,0.429508,0.451559,0.136531,0.139991,0.700334,0.103068,0.843849,0.179251,0.39529,0.825172,0.149955,0.381972,0.246279,0.374903,0.516741,0.384852,0.76069,0.327458,0.338074,0.630493,0.88431,0.390502,0.490797,0.602898,0.12342,0.656844,0.609919,0.547899,0.708071,0.132555,0.874857,0.232654,0.735768,0.685739,0.346863,0.360495,0.383416,0.830252,0.173824,0.543465,0.21977,0.153655,0.744165,0.500397,0.485038,0.544026,0.320089,0.282312,0.603256,0.380593,0.428068,0.589148,0.370086,0.241074,0.494668,0.112224,0.788871,0.754626,0.591252,0.414824,0.308883,0.224803,0.30062,0.866352,0.821571,0.175357,0.64312,0.52603,0.511184,0.729872,0.201374,0.819296,0.318446,0.607356,0.828786,0.445716,0.326378,0.628871,0.767502,0.873061,0.486072,0.714815,0.65939,0.626594,0.606645,0.381251,0.666555,0.597007,0.22399,0.531409,0.458574,0.44301,0.882861,0.555247,0.261162,0.889023,0.473809,0.775377,0.541463,0.163343,0.86731,0.27248,0.81045,FRIEND
0.220178,0.749056,0.359012,0.336995,0.840146,0.797943,0.504439,0.887739,0.645635,0.424185,0.518563,0.461311,0.231607,0.641143,0.488617,0.416883,0.542897,0.82053,0.322065,0.385193,0.629029,0.396785,0.19208,0.489004,0.33875,0.190766,0.353014,0.325173,0.158091,0.25753,0.635453,0.681203,0.453078,0.783773,0.525475,0.356271,0.263228,0.619961,0.575771,0.213919,0.319066,0.749146,0.222673,0.772865,0.426084,0.25299,0.449829,0.394086,0.813833,0.8441,0.674135,0.829663,0.825481,0.833765,0.599152,0.440145,0.176579,0.280676,0.802151,0.304642,0.384772,0.109047,0.707938,0.856352,0.742811,0.283348,0.780014,0.109215,0.158727,0.238999,0.883882,0.55559,0.384797,0.13992,0.478333,0.130351,0.585279,0.833304,0.578068,0.203557,0.180703,0.697242,0.488136,0.392542,0.754393,0.876427,0.833427,0.196792,0.348058,0.588906,0.209105,0.726309,0.552934,0.395528,0.687958,0.820639,0.49304,0.387701,0.115436,0.577404,0.841212,0.817847,0.833202,0.667956,0.664956,0.214395,0.670887,0.781486,0.658975,0.130078,0.393293,0.234953,0.586757,0.716642,0.844006,0.247111,0.278627,0.331128,0.468689,0.855623,0.771981,0.727398,0.160813,0.451808,0.188891,0.632488,FRIEND
0.740523,0.516341,0.407492,0.181463,0.879102,0.396975,0.814348,0.428376,0.767301,0.696654,0.118811,0.420748,0.720044,0.319868,0.224841,0.41861,0.17339,0.683538,0.266728,0.589824,0.508036,0.62327,0.759841,0.695109,0.49428,0.753848,0.703258,0.588331,0.470774,0.355964,0.243164,0.499119,0.754628,0.167561,0.404616,0.337543,0.220933,0.449333,0.328461,0.891731,0.841776,0.418099,0.28354,0.122132,0.114879,0.644642,0.287773,0.332427,0.661865,0.16281,0.471681,0.880016,0.514019,0.109489,0.34965,0.37489,0.89355,0.316749,0.495381,0.385687,0.340507,0.236962,0.319874,0.783792,0.682387,0.415813,0.217255,0.536035,0.634382,0.591629,0.655749,0.550358,0.223617,0.284888,0.224856,0.887224,0.437355,0.273985,0.391344,0.521716,0.245867,0.21645,0.582252,0.7389,0.2813,0.419857,0.636251,0.795178,0.133951,0.229914,0.787074,0.893073,0.747897,0.533185,0.348624,0.85559,0.438187,0.637257,0.373529,0.151326,0.282715,0.494347,0.755932,0.100588,0.787129,0.820484,0.507216,0.489539,0.741907,0.180935,0.528528,0.324681,0.83044,0.264235,0.125701,0.204444,0.358229,0.23207,0.450243,0.336036,0.726457,0.510166,0.611533,0.583446,0.119009,0.874389,FRIEND
0.722234,0.781773,0.422799,0.32334,0.729007,0.508048,0.695083,0.487274,0.483068,0.426263,0.210585,0.24064,0.302664,0.412738,0.249175,0.856188,0.676282,0.772124,0.759184,0.793808,0.711742,0.19288,0.700344,0.768039,0.714867,0.735579,0.867049,0.143202,0.709174,0.55105,0.342157,0.330722,0.456385,0.79551,0.341148,0.714802,0.706504,0.550778,0.194296,0.719602,0.206178,0.157125,0.73616,0.223533,0.49499,0.313344,0.216571,0.578738,0.381476,0.341345,0.646851,0.831358,0.273163,0.338553,0.556271,0.757679,0.451766,0.195347,0.779979,0.703896,0.671044,0.543194,0.239021,0.213733,0.892852,0.147627,0.823786,0.68457,0.738406,0.884914,0.311665,0.409303,0.35876,0.12527,0.866712,0.344649,0.493325,0.769249,0.708208,0.282673,0.778796,0.292666,0.517339,0.368026,0.837111,0.421122,0.503584,0.694315,0.190633,0.767351,0.482267,0.242176,0.870445,0.75902,0.449437,0.655815,0.279582,0.337011,0.87902,0.504944,0.13202,0.859082,0.792735,0.770072,0.83802,0.447844,0.54151,0.727631,0.166098,0.465075,0.249523,0.667322,0.437464,0.198197,0.661014,0.635604,0.436191,0.324555,0.57646,0.715311,0.648409,0.629862,0.794765,0.88616,0.856797,0.309243,FRIEND
0.150483,0.804435,0.537893,0.64768,0.178905,0.433136,0.555334,0.630479,0.590088,0.20638,0.831795,0.249294,0.590601,0.710241,0.352308,0.682918,0.371155,0.646167,0.450752,0.44219,0.21887,0.611165,0.349364,0.759344,0.281688,0.267151,0.506593,0.248615,0.554543,0.200109,0.623682,0.495602,0.422722,0.410758,0.793488,0.684398,0.61782,0.714229,0.792979,0.523308,0.858148,0.633295,0.553614,0.28622,0.240309,0.274061,0.473111,0.461673,0.577332,0.61161,0.167782,0.239907,0.68774,0.837601,0.740782,0.590209,0.877088,0.34766,0.70551,0.27231,0.578455,0.595267,0.272169,0.383218,0.292977,0.531078,0.329482,0.741989,0.218128,0.356693,0.112301,0.687152,0.781152,0.771415,0.664449,0.580071,0.67031,0.731897,0.555683,0.630142,0.777274,0.734588,0.707894,0.149668,0.787846,0.612968,0.266526,0.379257,0.495218,0.718903,0.284716,0.191043,0.678512,0.817474,0.574108,0.109772,0.631485,0.132641,0.225165,0.831652,0.394313,0.317944,0.864991,0.532826,0.174331,0.57627,0.543789,0.898552,0.860033,0.885121,0.132616,0.250016,0.121131,0.47501,0.113248,0.620825,0.593503,0.424916,0.523927,0.487596,0.772046,0.348574,0.750818,0.284296,0.647896,0.679067,FRIEND
0.198373,0.279207,0.198841,0.691548,0.58052,0.483273,0.52699,0.352116,0.555853,0.899435,0.145301,0.486245,0.168173,0.141282,0.352235,0.392726,0.153299,0.700011,0.554223,0.681352,0.389012,0.380049,0.604009,0.306558,0.433047,0.457622,0.859306,0.84454,0.348928,0.68968,0.536581,0.874233,0.342885,0.811523,0.35995,0.457364,0.189754,0.842874,0.878982,0.447921,0.243676,0.122215,0.260794,0.654857,0.557234,0.116088,0.858167,0.859771,0.657184,0.168508,0.38153,0.619153,0.445227,0.764455,0.262864,0.175561,0.565968,0.484824,0.251783,0.307379,0.254062,0.57012,0.153619,0.367678,0.521882,0.432432,0.857681,0.288762,0.547304,0.157445,0.505079,0.588024,0.271776,0.581206,0.605169,0.113089,0.894703,0.592267,0.502444,0.890579,0.895564,0.129381,0.400423,0.899035,0.110644,0.804719,0.147622,0.525898,0.143361,0.18751,0.49766,0.666812,0.451129,0.825563,0.481393,0.41402,0.282295,0.582899,0.561577,0.73582,0.251249,0.761815,0.735154,0.236321,0.297578,0.375776,0.29455,0.354001,0.264362,0.444381,0.752233,0.867163,0.574581,0.795155,0.534478,0.630579,0.527134,0.675827,0.225043,0.765385,0.717762,0.498285,0.645873,0.362952,0.593307,0.839113,FRIEND
0.259523,0.623441,0.212952,0.523848,0.331221,0.707552,0.505845,0.226671,0.87485,0.873829,0.44863,0.375712,0.237629,0.246916,0.467387,0.296084,0.159381,0.414949,0.247151,0.639554,0.804141,0.277538,0.53388,0.173191,0.163634,0.454542,0.819725,0.607428,0.519916,0.20765,0.60051,0.586289,0.336392,0.159022,0.700243,0.899292,0.578526,0.135776,0.831419,0.105237,0.161791,0.230604,0.141818,0.850216,0.644122,0.319359,0.54006,0.834725,0.324788,0.283503,0.649386,0.747992,0.897904,0.667715,0.756026,0.694499,0.23489,0.27273,0.645019,0.896759,0.5323,0.490053,0.482381,0.426054,0.321001,0.130356,0.648882,0.40173,0.489367,0.346332,0.869026,0.663721,0.284521,0.229429,0.590676,0.285795,0.438429,0.261152,0.882774,0.214197,0.436474,0.457801,0.564345,0.791727,0.134055,0.407878,0.683405,0.774384,0.737027,0.219759,0.352736,0.896066,0.226211,0.600695,0.791654,0.398605,0.746876,0.559914,0.858467,0.385253,0.220751,0.838482,0.589157,0.403909,0.717566,0.215467,0.702635,0.205547,0.373707,0.857803,0.142293,0.555173,0.169886,0.202333,0.239417,0.499626,0.316834,0.144697,0.452568,0.119449,0.555516,0.202542,0.50294,0.115937,0.121582,0.573666,FRIEND
0.530647,0.570121,0.525831,0.363775,0.271962,0.383974,0.756863,0.534093,0.144474,0.731407,0.824167,0.802624,0.747502,0.130637,0.673602,0.402307,0.628345,0.27622,0.78128,0.109291,0.286987,0.217375,0.704379,0.484006,0.397664,0.508685,0.837823,0.182782,0.5658,0.112739,0.576584,0.474528,0.205068,0.533565,0.374215,0.694969,0.800258,0.307259,0.483827,0.253258,0.217096,0.657315,0.687784,0.87813,0.862756,0.18557,0.281181,0.356319,0.703442,0.85372,0.848628,0.279184,0.353442,0.236051,0.115068,0.351433,0.550871,0.305636,0.269207,0.429207,0.555071,0.386264,0.512401,0.384895,0.267912,0.639353,0.167601,0.846795,0.306642,0.250648,0.402903,0.554493,0.295985,0.761098,0.118534,0.369252,0.143857,0.415334,0.380902,0.886961,0.666639,0.531382,0.733627,0.783135,0.336471,0.141401,0.829697,0.239115,0.198703,0.511502,0.417977,0.404728,0.277273,0.478484,0.647784,0.525848,0.810692,0.393083,0.708832,0.78892,0.574657,0.582021,0.476134,0.243763,0.3311,0.1975,0.783395,0.108385,0.40646,0.865405,0.582167,0.835138,0.380808,0.48543,0.857854,0.764843,0.171675,0.290892,0.35346,0.712092,0.343034,0.483566,0.299161,0.11853,0.528049,0.279597,GOOD
0.369513,0.171371,0.1722,0.534704,0.189339,0.384168,0.891591,0.649819,0.803947,0.629965,0.109432,0.125534,0.693325,0.54496,0.270405,0.242138,0.530172,0.445343,0.335275,0.248904,0.650031,0.470787,0.368405,0.613415,0.30315,0.465342,0.345212,0.658832,0.767686,0.455363,0.654843,0.669856,0.878815,0.70585,0.51442,0.831606,0.181478,0.235267,0.839564,0.51783,0.301755,0.155362,0.87235,0.860008,0.727319,0.443029,0.239917,0.576856,0.530948,0.301992,0.49544,0.770274,0.566762,0.87026,0.794523,0.858554,0.830383,0.359404,0.460092,0.826057,0.304457,0.662271,0.460344,0.589387,0.320713,0.473149,0.608179,0.269306,0.428637,0.676361,0.193292,0.15759,0.381571,0.785717,0.679176,0.681264,0.315936,0.518715,0.366691,0.223159,0.625894,0.778668,0.699988,0.365404,0.244463,0.224528,0.272406,0.583996,0.710486,0.778827,0.540933,0.365519,0.661386,0.479249,0.615926,0.807386,0.77919,0.599475,0.244493,0.315471,0.669171,0.798609,0.747404,0.724719,0.148701,0.750548,0.294464,0.164184,0.313421,0.544465,0.349512,0.60143,0.201106,0.531006,0.630157,0.653168,0.208734,0.854253,0.770782,0.309619,0.878899,0.390089,0.317204,0.173249,0.886816,0.150161,GOOD
0.805527,0.842772,0.691004,0.593856,0.443064,0.304645,0.441872,0.519042,0.499938,0.48995,0.409278,0.793928,0.591806,0.341718,0.62531,0.78873,0.46146,0.491434,0.404158,0.85219,0.309941,0.807057,0.716204,0.147723,0.827898,0.719906,0.793551,0.481867,0.152856,0.256101,0.516732,0.553518,0.109006,0.679574,0.297222,0.812491,0.728215,0.268962,0.455485,0.103596,0.601692,0.703062,0.611559,0.741773,0.443613,0.480434,0.588966,0.679439,0.148401,0.299501,0.714971,0.146403,0.121875,0.744347,0.627483,0.277049,0.184557,0.838948,0.172836,0.776586,0.541931,0.528911,0.765208,0.685279,0.255143,0.353008,0.79029,0.571824,0.727401,0.411452,0.4381,0.152502,0.889522,0.337816,0.302244,0.722347,0.104086,0.803896,0.663599,0.444153,0.511537,0.636603,0.66081,0.458588,0.720475,0.528114,0.108872,0.418034,0.470339,0.514714,0.765407,0.511488,0.518305,0.137692,0.510616,0.80806,0.350229,0.476279,0.308338,0.417383,0.302951,0.220055,0.390767,0.124028,0.56986,0.87209,0.376679,0.37782,0.256194,0.239733,0.647762,0.841274,0.23478,0.278664,0.408165,0.552448,0.16027,0.728281,0.262767,0.343625,0.447372,0.343023,0.628181,0.811189,0.510396,0.532837,GOOD
0.171869,0.47552,0.895747,0.116692,0.831348,0.726148,0.215055,0.41124,0.760846,0.674621,0.597687,0.102229,0.730259,0.741052,0.384543,0.793661,0.545518,0.622512,0.275265,0.871699,0.337598,0.818582,0.123811,0.624196,0.101997,0.173209,0.678351,0.819106,0.868313,0.649548,0.649305,0.765878,0.591055,0.268115,0.819422,0.169145,0.342708,0.572287,0.218524,0.17362,0.280652,0.13937,0.444038,0.413382,0.307098,0.78659,0.522478,0.640554,0.700821,0.104045,0.444861,0.689717,0.301671,0.786923,0.359884,0.171304,0.651965,0.879188,0.443273,0.206532,0.325212,0.24781,0.600399,0.414136,0.617257,0.891505,0.687096,0.358107,0.422766,0.267471,0.740874,0.139388,0.344373,0.88151,0.221729,0.567769,0.808815,0.389131,0.243055,0.723873,0.287625,0.491939,0.289822,0.686331,0.821535,0.366829,0.269089,0.280832,0.339608,0.119121,0.513928,0.155305,0.83307,0.539394,0.185692,0.468305,0.105119,0.546699,0.439187,0.623261,0.547595,0.770606,0.687022,0.322984,0.633039,0.617995,0.29302,0.442392,0.254009,0.743555,0.287576,0.740106,0.274985,0.193805,0.284045,0.180167,0.528587,0.496631,0.33167,0.597311,0.867938,0.666621,0.238719,0.836279,0.593258,0.44078,GOOD
0.351456,0.616118,0.425325,0.214091,0.305132,0.692019,0.494849,0.131064,0.547927,0.119223,0.83901,0.590339,0.195646,0.207387,0.226952,0.253481,0.565559,0.11944,0.221565,0.110851,0.541292,0.160546,0.458793,0.686246,0.751381,0.567089,0.116423,0.199603,0.768592,0.865295,0.223172,0.450678,0.644588,0.524972,0.525579,0.45402,0.11292,0.301292,0.890008,0.306205,0.337425,0.298739,0.674339,0.212787,0.759835,0.89072,0.840924,0.161787,0.50738,0.510212,0.762471,0.347904,0.782105,0.861641,0.212544,0.740441,0.690187,0.486169,0.801704,0.688005,0.478726,0.555636,0.847829,0.317477,0.668009,0.793715,0.194019,0.575532,0.435952,0.530559,0.736961,0.662521,0.382703,0.619001,0.798606,0.281935,0.810838,0.110143,0.143011,0.890174,0.791824,0.311687,0.728341,0.487308,0.823863,0.566839,0.127543,0.849725,0.370022,0.735672,0.249905,0.504873,0.417369,0.48864,0.16465,0.391882,0.493673,0.390581,0.156136,0.40849,0.50354,0.883721,0.550305,0.632394,0.87829,0.129548,0.522679,0.129469,0.368168,0.853713,0.181834,0.73808,0.439219,0.21872,0.53711,0.151019,0.281259,0.541978,0.420058,0.773982,0.488045,0.304164,0.834874,0.163744,0.58116,0.457714,GOOD
0.0,0.0,0.0,-0.115794,-0.158542,-0.188001,-0.200552,-0.327296,-0.360455,-0.319407,-0.339881,-0.513371,-0.44332,-0.313408,-0.67078,0.102608,-0.341818,-0.371837,0.00351,-0.183257,-0.554946,-0.167913,-0.086291,-0.678696,-0.297973,-0.033779,-0.75061,0.172437,-0.084281,-0.373505,0.087757,0.144036,-0.550412,-0.107091,0.256935,-0.616548,-0.249105,0.326399,-0.646584,0.197509,0.157297,-0.380436,0.117073,0.383946,-0.543543,-0.074406,0.466614,-0.540284,-0.198388,0.494341,-0.514934,0.193348,0.371536,-0.401252,0.122858,0.580125,-0.499724,-0.023102,0.64142,-0.463948,-0.113528,0.658182,-0.422657,0.0,0.0,0.0,0.0,0.0,0.0,0.0,0.0,0.0,0.0,0.0,0.0,0.0,0.0,0.0,0.0,0.0,0.0,0.0,0.0,0.0,0.0,0.0,0.0,0.0,0.0,0.0,0.0,0.0,0.0,0.0,0.0,0.0,0.0,0.0,0.0,0.0,0.0,0.0,0.0,0.0,0.0,0.0,0.0,0.0,0.0,0.0,0.0,0.0,0.0,0.0,0.0,0.0,0.0,0.0,0.0,0.0,0.0,0.0,0.0,0.0,0.0,0.0,GOOD
0.0,0.0,0.0,0.189089,-0.235249,-0.021178,0.261423,-0.530337,-0.041291,0.264521,-0.776531,-0.075626,0.219177,-0.967278,-0.103223,0.14263,-0.801899,0.031237,0.168448,-1.0,-0.041205,0.206156,-0.835266,-0.100654,0.203924,-0.699096,-0.13191,0.049393,-0.768951,0.003458,0.092887,-0.942495,-0.062885,0.13371,-0.757751,-0.100728,0.110528,-0.623404,-0.1175,-0.042676,-0.706082,-0.0365,0.021375,-0.862741,-0.105072,0.068168,-0.687603,-0.100491,0.049839,-0.554319,-0.083184,-0.136073,-0.607862,-0.079848,-0.052787,-0.721166,-0.128864,0.000123,-0.592843,-0.112319,-0.005251,-0.48044,-0.088932,0.0,0.0,0.0,0.0,0.0,0.0,0.0,0.0,0.0,0.0,0.0,0.0,0.0,0.0,0.0,0.0,0.0,0.0,0.0,0.0,0.0,0.0,0.0,0.0,0.0,0.0,0.0,0.0,0.0,0.0,0.0,0.0,0.0,0.0,0.0,0.0,0.0,0.0,0.0,0.0,0.0,0.0,0.0,0.0,0.0,0.0,0.0,0.0,0.0,0.0,0.0,0.0,0.0,0.0,0.0,0.0,0.0,0.0,0.0,0.0,0.0,0.0,0.0,GOOD
0.275,0.828636,0.735968,0.211825,0.451039,0.234357,0.237087,0.397702,0.116452,0.744066,0.432458,0.608527,0.278263,0.504722,0.769371,0.486398,0.75959,0.67254,0.847323,0.751828,0.527526,0.191065,0.102061,0.175519,0.292795,0.188935,0.842847,0.860779,0.685937,0.452256,0.770048,0.167608,0.678084,0.233436,0.706617,0.581377,0.597158,0.235724,0.38719,0.189758,0.585911,0.434902,0.300886,0.830441,0.131179,0.203028,0.349059,0.585804,0.825046,0.274214,0.487232,0.45404,0.294667,0.560145,0.497456,0.599625,0.530918,0.713121,0.724896,0.245078,0.346698,0.336793,0.732701,0.402956,0.747239,0.234833,0.108688,0.70874,0.41536,0.615913,0.453815,0.483851,0.75469,0.538357,0.563843,0.666283,0.565713,0.427345,0.364898,0.486643,0.820238,0.662676,0.12061,0.316316,0.691588,0.420148,0.451953,0.892925,0.495046,0.321894,0.457497,0.175297,0.604197,0.659047,0.787487,0.890812,0.881793,0.822904,0.730641,0.247255,0.707158,0.380679,0.792664,0.806626,0.15288,0.415934,0.205112,0.406152,0.105402,0.80146,0.719801,0.777269,0.125067,0.1353,0.803947,0.574683,0.184535,0.338832,0.591257,0.866597,0.533228,0.334166,0.774239,0.121565,0.714833,0.327186,GOOD
0.863646,0.791662,0.613757,0.505656,0.275229,0.85865,0.242185,0.789139,0.361874,0.443272,0.158398,0.789941,0.415482,0.366324,0.442824,0.768785,0.893967,0.233737,0.861996,0.20792,0.76227,0.299964,0.81338,0.386944,0.760672,0.505501,0.598646,0.727292,0.675506,0.497651,0.556902,0.648887,0.398096,0.496153,0.27864,0.766931,0.369549,0.363179,0.11336,0.820852,0.459876,0.480489,0.303674,0.138711,0.29186,0.797617,0.239421,0.762156,0.865519,0.40559,0.836298,0.761396,0.753564,0.401279,0.779118,0.554775,0.654123,0.874466,0.116554,0.410653,0.688381,0.457499,0.317101,0.362376,0.751617,0.441696,0.47329,0.241869,0.623694,0.490626,0.737686,0.675353,0.513591,0.733495,0.224885,0.611953,0.174368,0.614257,0.743457,0.822184,0.550853,0.420301,0.481789,0.271681,0.571078,0.576037,0.747753,0.552789,0.382438,0.551994,0.643078,0.727624,0.636944,0.399949,0.589098,0.590953,0.5607,0.86164,0.510346,0.776731,0.50389,0.242182,0.433632,0.556332,0.111692,0.84051,0.303036,0.250879,0.346293,0.14035,0.608998,0.327693,0.565207,0.511617,0.767774,0.591332,0.162906,0.349889,0.639265,0.649352,0.866869,0.643864,0.119469,0.363161,0.302715,0.591072,GOOD
0.0,0.0,0.0,0.215173,-0.289192,-0.026156,0.400159,-0.548281,-0.095535,0.589758,-0.640575,-0.175152,0.780217,-0.635203,-0.255596,0.076735,-0.955002,-0.157218,0.291782,-1.0,-0.260549,0.41772,-0.834318,-0.332568,0.459567,-0.689579,-0.379815,-0.057575,-0.728036,-0.215609,0.191883,-0.655042,-0.290535,0.346731,-0.52811,-0.318818,0.415454,-0.442138,-0.351892,-0.136312,-0.431415,-0.274727,0.122137,-0.346424,-0.34789,0.28074,-0.273122,-0.347557,0.353303,-0.224432,-0.352862,-0.155581,-0.13398,-0.336652,0.066783,-0.072992,-0.372167,0.175417,-0.043163,-0.342495,0.218199,-0.031786,-0.324814,0.0,0.0,0.0,-0.16568,-0.249292,-0.071479,-0.282796,-0.473196,-0.15074,-0.348738,-0.613847,-0.229921,-0.414588,-0.720246,-0.303398,0.074236,-0.87599,-0.111317,-0.062238,-1.0,-0.203835,-0.133766,-0.8867,-0.280604,-0.148789,-0.777968,-0.327523,0.199794,-0.732864,-0.136231,0.026275,-0.749131,-0.198535,-0.086033,-0.649233,-0.232409,-0.127003,-0.567985,-0.256189,0.263774,-0.520017,-0.168352,0.103868,-0.500503,-0.223503,0.002195,-0.407387,-0.212352,-0.036366,-0.326217,-0.201905,0.287477,-0.284906,-0.21032,0.172163,-0.271459,-0.243322,0.097055,-0.209466,-0.214904,0.06728,-0.147726,-0.184205,GOOD
0.0,0.0,0.0,0.19259,-0.2629,-0.019816,0.225388,-0.585357,-0.048069,0.208477,-0.804587,-0.08936,0.203121,-0.986633,-0.116304,-0.017224,-0.917978,-0.003671,0.180777,-1.0,-0.106042,0.212257,-0.795734,-0.175007,0.178692,-0.666215,-0.20707,-0.107546,-0.862922,-0.038399,0.131264,-0.941043,-0.120375,0.159424,-0.726535,-0.13839,0.110911,-0.607308,-0.140608,-0.170764,-0.765022,-0.086719,0.075938,-0.825748,-0.164347,0.102103,-0.623657,-0.131766,0.051608,-0.512212,-0.09546,-0.210444,-0.627185,-0.139393,0.010936,-0.686186,-0.178499,0.037006,-0.546046,-0.139655,-0.012401,-0.460311,-0.103584,0.0,0.0,0.0,0.0,0.0,0.0,0.0,0.0,0.0,0.0,0.0,0.0,0.0,0.0,0.0,0.0,0.0,0.0,0.0,0.0,0.0,0.0,0.0,0.0,0.0,0.0,0.0,0.0,0.0,0.0,0.0,0.0,0.0,0.0,0.0,0.0,0.0,0.0,0.0,0.0,0.0,0.0,0.0,0.0,0.0,0.0,0.0,0.0,0.0,0.0,0.0,0.0,0.0,0.0,0.0,0.0,0.0,0.0,0.0,0.0,0.0,0.0,0.0,GOOD
0.5706,0.56911,0.711722,0.163331,0.816446,0.51729,0.344871,0.565248,0.875025,0.825022,0.414508,0.404648,0.172846,0.118058,0.272216,0.232828,0.42187,0.85909,0.824375,0.306207,0.216644,0.172838,0.849679,0.224634,0.668725,0.410056,0.152569,0.132416,0.11727,0.53399,0.125965,0.172129,0.288597,0.423906,0.710837,0.320781,0.349006,0.791593,0.790056,0.426408,0.62119,0.184705,0.139859,0.176828,0.826448,0.70099,0.580618,0.627167,0.334047,0.327362,0.754641,0.40915,0.205723,0.542429,0.236275,0.663029,0.730015,0.620146,0.436147,0.511013,0.847614,0.48746,0.22404,0.886992,0.403744,0.299924,0.534108,0.461541,0.456566,0.30858,0.266274,0.531599,0.869971,0.426671,0.648836,0.643159,0.635064,0.738442,0.808502,0.534217,0.60484,0.438432,0.387503,0.341647,0.514408,0.703252,0.503224,0.750432,0.18097,0.819708,0.161064,0.177239,0.40059,0.147172,0.757917,0.662425,0.2663,0.850418,0.846594,0.709241,0.600972,0.234558,0.376179,0.261601,0.162824,0.598548,0.884738,0.170309,0.65314,0.653412,0.268152,0.529582,0.837086,0.618214,0.562363,0.475206,0.475217,0.381774,0.240287,0.559568,0.414136,0.439056,0.618955,0.826589,0.148086,0.533493,GOOD
0.258067,0.239282,0.672531,0.433088,0.484365,0.400044,0.661726,0.835535,0.738896,0.572239,0.128632,0.252648,0.283705,0.56027,0.545477,0.109988,0.489522,0.570899,0.631431,0.628552,0.154732,0.24742,0.720094,0.407542,0.593365,0.174121,0.547978,0.816853,0.896712,0.360289,0.236083,0.382416,0.640562,0.319752,0.264835,0.508995,0.427977,0.443284,0.550231,0.626132,0.361204,0.513165,0.51981,0.340192,0.516683,0.211091,0.869853,0.174389,0.106525,0.721241,0.543314,0.183529,0.2403,0.204464,0.535614,0.16892,0.383828,0.200352,0.362317,0.40111,0.411163,0.138076,0.406523,0.86218,0.162309,0.562102,0.467341,0.363849,0.45353,0.873724,0.153277,0.212124,0.581096,0.624927,0.727692,0.888803,0.750869,0.87485,0.384389,0.413464,0.552484,0.295076,0.54073,0.14015,0.395107,0.267643,0.661023,0.667797,0.742161,0.854832,0.407513,0.263906,0.462736,0.403653,0.111496,0.435728,0.556654,0.374346,0.167018,0.806609,0.87122,0.333031,0.837069,0.773726,0.357843,0.520862,0.767517,0.495208,0.863434,0.362451,0.412216,0.237821,0.747199,0.198782,0.143036,0.500017,0.485519,0.884214,0.577039,0.494308,0.353115,0.791995,0.560513,0.190855,0.629078,0.720108,GOOD
0.0,0.0,0.0,0.129793,-0.015149,-0.065011,0.254471,-0.06222,-0.134102,0.278118,-0.122068,-0.207075,0.242949,-0.178092,-0.281134,0.294708,-0.515583,-0.144738,0.403686,-0.738082,-0.24224,0.488518,-0.884627,-0.305926,0.566824,-1.0,-0.349623,0.157545,-0.605978,-0.166907,0.215668,-0.455573,-0.28642,0.214153,-0.25561,-0.31302,0.197207,-0.134514,-0.315972,0.017812,-0.595448,-0.193184,0.066634,-0.367919,-0.285101,0.070168,-0.207563,-0.260868,0.06105,-0.135319,-0.231148,-0.111535,-0.53657,-0.229451,-0.06358,-0.359853,-0.272259,-0.044646,-0.228359,-0.243078,-0.035673,-0.172169,-0.212628,0.0,0.0,0.0,0.0,0.0,0.0,0.0,0.0,0.0,0.0,0.0,0.0,0.0,0.0,0.0,0.0,0.0,0.0,0.0,0.0,0.0,0.0,0.0,0.0,0.0,0.0,0.0,0.0,0.0,0.0,0.0,0.0,0.0,0.0,0.0,0.0,0.0,0.0,0.0,0.0,0.0,0.0,0.0,0.0,0.0,0.0,0.0,0.0,0.0,0.0,0.0,0.0,0.0,0.0,0.0,0.0,0.0,0.0,0.0,0.0,0.0,0.0,0.0,GOOD
0.80169,0.15356,0.554485,0.774788,0.885138,0.55675,0.706633,0.304562,0.576215,0.527236,0.747244,0.645587,0.750212,0.389664,0.182653,0.762194,0.781433,0.805479,0.862221,0.192334,0.653135,0.243901,0.168145,0.43272,0.333305,0.31023,0.720019,0.19591,0.278676,0.560055,0.201007,0.438384,0.543274,0.559503,0.805504,0.13283,0.576629,0.22236,0.247229,0.795057,0.195019,0.630307,0.651521,0.802113,0.766694,0.367379,0.223327,0.694896,0.325133,0.338317,0.666844,0.184426,0.533045,0.451907,0.859968,0.237357,0.14271,0.791197,0.761791,0.359918,0.185258,0.740403,0.330319,0.832843,0.846222,0.130973,0.488549,0.586469,0.526916,0.751837,0.818115,0.448926,0.879044,0.638771,0.499169,0.879231,0.415194,0.838305,0.871271,0.572169,0.363112,0.244168,0.491044,0.305422,0.859495,0.17016,0.210951,0.790514,0.810579,0.135067,0.653593,0.295807,0.494526,0.213685,0.562479,0.820837,0.483368,0.443738,0.576147,0.460908,0.434227,0.284246,0.482059,0.889045,0.568768,0.358726,0.120503,0.617439,0.773183,0.265022,0.500167,0.840267,0.390749,0.407173,0.772115,0.229741,0.818715,0.290368,0.581874,0.686355,0.615087,0.495588,0.48898,0.833221,0.381324,0.291372,GOOD_MORNING
0.84207,0.554815,0.647658,0.695168,0.806978,0.305884,0.730821,0.715315,0.643703,0.550641,0.810577,0.335425,0.144531,0.710047,0.633604,0.72829,0.882622,0.492366,0.354527,0.722285,0.172797,0.517116,0.709866,0.297852,0.256462,0.346951,0.319565,0.774069,0.769952,0.280211,0.608298,0.618282,0.697452,0.667504,0.196259,0.742139,0.691161,0.156309,0.413304,0.874954,0.162321,0.871297,0.439997,0.191683,0.170061,0.845782,0.84108,0.730398,0.634766,0.495321,0.864143,0.135951,0.725154,0.270277,0.586791,0.268214,0.513424,0.644446,0.707468,0.501416,0.240793,0.692738,0.818197,0.505993,0.446801,0.161,0.441375,0.751922,0.674285,0.715196,0.681993,0.741465,0.178275,0.391293,0.272513,0.165485,0.694704,0.51385,0.429981,0.600907,0.60478,0.378731,0.55142,0.110422,0.725723,0.41177,0.819606,0.400749,0.721852,0.103505,0.254441,0.312391,0.351994,0.135969,0.682211,0.305189,0.120382,0.403771,0.208842,0.701921,0.404603,0.232507,0.778766,0.843879,0.843468,0.194621,0.127553,0.781792,0.508974,0.125919,0.516101,0.430557,0.491866,0.253681,0.123953,0.690774,0.315316,0.418228,0.308118,0.173317,0.75,0.394154,0.579708,0.155125,0.411033,0.62557,GOOD_MORNING
0.297599,0.161295,0.342374,0.605378,0.602982,0.71129,0.554598,0.790595,0.207082,0.870523,0.794822,0.359492,0.519681,0.300205,0.473977,0.721616,0.238608,0.561633,0.1556,0.863088,0.686115,0.696883,0.118255,0.865979,0.538491,0.863928,0.255867,0.74186,0.849615,0.401299,0.242625,0.168036,0.510494,0.295785,0.61875,0.536704,0.429277,0.250628,0.800899,0.463447,0.236257,0.328805,0.248347,0.771393,0.597119,0.424415,0.817932,0.248572,0.757467,0.898014,0.22301,0.524182,0.729544,0.286196,0.895352,0.146749,0.39846,0.78121,0.206714,0.236084,0.155745,0.89874,0.330553,0.62,0.382396,0.134922,0.741565,0.805355,0.694704,0.387895,0.828469,0.613563,0.728511,0.137394,0.698664,0.123068,0.405871,0.712934,0.168732,0.511146,0.671147,0.376757,0.555822,0.633035,0.285004,0.377983,0.677592,0.595973,0.256229,0.124779,0.253202,0.265573,0.166393,0.104355,0.173538,0.828993,0.484217,0.293416,0.478948,0.76182,0.606337,0.643651,0.880667,0.713096,0.702079,0.491103,0.127492,0.695947,0.354703,0.103838,0.266592,0.456251,0.29718,0.21097,0.552401,0.767229,0.733767,0.641847,0.622708,0.306579,0.500035,0.430906,0.631855,0.282937,0.233507,0.205026,GOOD_MORNING
0.796367,0.185613,0.217473,0.289701,0.634193,0.707335,0.877171,0.86697,0.833113,0.863215,0.263979,0.285503,0.263478,0.711443,0.434591,0.497332,0.109162,0.715555,0.818232,0.728132,0.273419,0.814194,0.214083,0.779594,0.258383,0.461978,0.177576,0.242025,0.452648,0.779014,0.25913,0.429128,0.449675,0.200095,0.372957,0.19104,0.838623,0.287758,0.129335,0.365279,0.106106,0.232318,0.858658,0.626012,0.186983,0.417806,0.613868,0.698064,0.235497,0.880757,0.536826,0.592704,0.734852,0.478922,0.839836,0.56931,0.855864,0.584861,0.7565,0.610334,0.485862,0.163,0.326361,0.434278,0.259232,0.434438,0.753699,0.202487,0.444983,0.70599,0.783859,0.378473,0.626845,0.124855,0.335323,0.189967,0.888125,0.607024,0.358495,0.451562,0.762109,0.221302,0.677201,0.764948,0.832232,0.886539,0.34663,0.760732,0.247963,0.198169,0.849963,0.42033,0.441591,0.184413,0.720723,0.251839,0.372525,0.589267,0.184748,0.25773,0.231732,0.459751,0.298454,0.865325,0.763846,0.624911,0.718338,0.435839,0.126778,0.325994,0.820434,0.681207,0.647882,0.473778,0.571813,0.477632,0.453221,0.437856,0.307085,0.413041,0.633391,0.75853,0.35367,0.425515,0.757309,0.551206,GOOD_MORNING
0.605256,0.311436,0.750903,0.583469,0.756517,0.396483,0.221018,0.699819,0.729347,0.380433,0.859392,0.876549,0.642374,0.384091,0.704116,0.509942,0.548267,0.705277,0.64404,0.40544,0.77783,0.530193,0.734404,0.679921,0.135949,0.778706,0.402225,0.105107,0.760118,0.661937,0.559567,0.688836,0.675084,0.417928,0.815099,0.485025,0.278226,0.119737,0.793813,0.544234,0.60168,0.869174,0.119138,0.695142,0.730825,0.608097,0.142995,0.462819,0.257998,0.449575,0.572354,0.581601,0.679001,0.300186,0.593661,0.41427,0.462247,0.690359,0.352897,0.501876,0.602756,0.866155,0.86273,0.543984,0.371314,0.469422,0.8525,0.5326,0.240619,0.592462,0.650055,0.624499,0.238937,0.480577,0.626052,0.371767,0.318963,0.457824,0.407455,0.836914,0.336464,0.259532,0.804688,0.530248,0.663921,0.285809,0.108222,0.817597,0.409142,0.101141,0.870932,0.380861,0.652075,0.654682,0.808569,0.562246,0.118936,0.827779,0.886456,0.818369,0.82775,0.495528,0.798043,0.383229,0.54603,0.524658,0.250156,0.444114,0.448382,0.847393,0.374556,0.77448,0.803468,0.839697,0.606542,0.455425,0.273001,0.22316,0.326686,0.339228,0.561975,0.304413,0.68136,0.816673,0.735987,0.242632,GOOD_MORNING
0.548618,0.103501,0.147415,0.626103,0.804518,0.24814,0.608126,0.336059,0.345502,0.204432,0.272811,0.173875,0.592204,0.161929,0.687256,0.76793,0.143515,0.542164,0.294231,0.222496,0.253067,0.815463,0.294208,0.741152,0.89007,0.432476,0.595653,0.23249,0.352853,0.815211,0.306434,0.387654,0.640514,0.611472,0.43753,0.377429,0.801798,0.124621,0.758472,0.444164,0.609944,0.732334,0.853968,0.491549,0.396013,0.340038,0.436387,0.745927,0.389865,0.624911,0.612252,0.298031,0.19844,0.76084,0.763687,0.400301,0.785854,0.709236,0.161965,0.725038,0.878217,0.810926,0.664851,0.702883,0.624825,0.546314,0.614548,0.120908,0.250578,0.419463,0.35483,0.235629,0.699733,0.774447,0.542923,0.354507,0.727598,0.387398,0.189179,0.534185,0.55311,0.245216,0.850906,0.408432,0.530066,0.574282,0.247124,0.895983,0.118383,0.299042,0.341826,0.107993,0.732896,0.163983,0.446864,0.368413,0.273654,0.337712,0.518028,0.224344,0.440875,0.662927,0.390476,0.661673,0.538205,0.511887,0.816477,0.660357,0.723216,0.610754,0.446255,0.788762,0.421672,0.148023,0.604592,0.833654,0.67337,0.660866,0.382112,0.187115,0.346558,0.206568,0.559107,0.40965,0.450848,0.765924,GOOD_MORNING
0.553509,0.819265,0.341108,0.595987,0.506495,0.868432,0.888964,0.877944,0.337614,0.661233,0.625292,0.597416,0.750404,0.480912,0.166938,0.286021,0.36649,0.367379,0.844098,0.895294,0.880622,0.539919,0.572715,0.566741,0.569085,0.50347,0.671637,0.398274,0.762589,0.126218,0.575762,0.706164,0.683934,0.420189,0.645455,0.810688,0.483453,0.715721,0.82115,0.733859,0.850802,0.410459,0.756142,0.579276,0.775224,0.106084,0.235122,0.226384,0.130835,0.318249,0.812839,0.553566,0.591047,0.405033,0.555856,0.44416,0.325782,0.677545,0.758306,0.441891,0.481421,0.425388,0.782771,0.722154,0.404753,0.803263,0.693428,0.512861,0.446192,0.7155,0.236651,0.620035,0.853631,0.657318,0.122588,0.369039,0.31987,0.70964,0.587213,0.503854,0.633273,0.875767,0.504657,0.378698,0.875182,0.542022,0.185427,0.828451,0.732315,0.566623,0.11989,0.502488,0.293685,0.472262,0.539819,0.720998,0.65343,0.30199,0.679187,0.661686,0.403492,0.492215,0.4583,0.335132,0.476989,0.414049,0.347463,0.567822,0.648597,0.116079,0.141935,0.817657,0.320835,0.590175,0.262779,0.792601,0.232222,0.662258,0.485194,0.485448,0.691509,0.754045,0.499702,0.542808,0.155683,0.729899,GOOD_MORNING
0.437128,0.749701,0.71842,0.665606,0.77778,0.886718,0.815093,0.165048,0.880166,0.764684,0.558685,0.481847,0.819722,0.867815,0.680547,0.75548,0.665467,0.403053,0.888721,0.89349,0.591243,0.798533,0.134527,0.527692,0.816179,0.202376,0.494183,0.31604,0.7438,0.121304,0.384264,0.169249,0.100584,0.181098,0.440515,0.625962,0.311319,0.359266,0.829025,0.342615,0.509512,0.474435,0.371972,0.671498,0.873239,0.207993,0.83867,0.290889,0.788902,0.646476,0.549956,0.756627,0.473178,0.589815,0.168802,0.550363,0.16064,0.56873,0.288963,0.366693,0.718182,0.698164,0.390095,0.442895,0.501923,0.121684,0.433834,0.403408,0.206247,0.118843,0.228954,0.346529,0.210603,0.843884,0.140931,0.688857,0.667802,0.253501,0.658652,0.470183,0.434114,0.57895,0.255858,0.823758,0.802381,0.488998,0.747461,0.455844,0.898222,0.582653,0.273449,0.707557,0.540843,0.17605,0.674529,0.25161,0.407311,0.32461,0.883743,0.873341,0.506535,0.354343,0.813453,0.205156,0.142721,0.178644,0.422571,0.622146,0.767727,0.332789,0.368935,0.633296,0.820671,0.104255,0.27027,0.446386,0.525998,0.113594,0.660235,0.884401,0.270441,0.457358,0.67744,0.711966,0.779013,0.153681,GOOD_NIGHT
0.453687,0.535195,0.550619,0.235938,0.209053,0.168746,0.274616,0.190168,0.894392,0.486825,0.619274,0.347478,0.152013,0.130609,0.219879,0.290929,0.209437,0.322016,0.891781,0.588446,0.756841,0.156624,0.222368,0.305182,0.273119,0.114841,0.74759,0.432479,0.690291,0.780081,0.499756,0.309015,0.855163,0.632776,0.3393,0.353578,0.411806,0.307615,0.858876,0.746974,0.514968,0.408807,0.396219,0.755424,0.49261,0.421671,0.652158,0.798626,0.832134,0.219225,0.390421,0.396748,0.116077,0.44344,0.280626,0.838342,0.438974,0.36946,0.723858,0.443421,0.456878,0.514022,0.527488,0.505711,0.57168,0.504382,0.515975,0.68743,0.123599,0.646248,0.782815,0.43813,0.635714,0.241332,0.433406,0.648553,0.650845,0.620564,0.656962,0.766427,0.732009,0.788425,0.62878,0.424449,0.771309,0.219609,0.326405,0.712945,0.780836,0.233527,0.45593,0.431786,0.557217,0.303056,0.483388,0.872869,0.248422,0.154387,0.679295,0.166458,0.638454,0.608472,0.285238,0.613744,0.66718,0.52649,0.173847,0.40772,0.770674,0.871977,0.492534,0.739038,0.403799,0.737067,0.159296,0.17209,0.294726,0.325355,0.489326,0.30163,0.585801,0.219803,0.556008,0.846173,0.160277,0.828231,GOOD_NIGHT
0.792346,0.880921,0.581987,0.312703,0.784898,0.239322,0.553408,0.143458,0.665518,0.622228,0.464246,0.540932,0.44389,0.673758,0.899188,0.745462,0.365241,0.255081,0.53082,0.638343,0.795195,0.419176,0.457552,0.159639,0.152054,0.718274,0.143539,0.302542,0.247184,0.153616,0.731659,0.263846,0.876839,0.545533,0.266877,0.679496,0.676895,0.154512,0.543998,0.199164,0.294285,0.103008,0.306938,0.279567,0.154343,0.425793,0.374694,0.459192,0.759228,0.457291,0.834351,0.693897,0.671271,0.568586,0.798218,0.199962,0.206144,0.713032,0.542084,0.217705,0.487724,0.47567,0.808213,0.807526,0.611599,0.148332,0.511653,0.594696,0.16549,0.672745,0.410925,0.134779,0.441494,0.119922,0.542695,0.493343,0.85699,0.482763,0.340334,0.109032,0.80491,0.64748,0.763441,0.666295,0.708008,0.580542,0.876795,0.185172,0.191084,0.359363,0.536161,0.426345,0.39023,0.879897,0.53451,0.588879,0.786991,0.227875,0.238928,0.297168,0.265604,0.449672,0.449958,0.154241,0.274906,0.139888,0.808361,0.482536,0.233542,0.223229,0.307673,0.239543,0.50771,0.329322,0.297582,0.668694,0.576991,0.104132,0.174991,0.895543,0.327372,0.516676,0.428023,0.775166,0.537917,0.780256,GOOD_NIGHT
0.818516,0.508698,0.467306,0.736701,0.439963,0.307154,0.493615,0.117035,0.735068,0.728887,0.668747,0.295909,0.377066,0.675357,0.832916,0.575266,0.815908,0.176582,0.65236,0.608286,0.182664,0.469598,0.716699,0.876885,0.608779,0.403574,0.351629,0.722483,0.442653,0.880149,0.747487,0.166674,0.641565,0.83394,0.471469,0.562521,0.515879,0.86432,0.22574,0.639573,0.359503,0.424536,0.769048,0.825868,0.888203,0.277771,0.632147,0.468245,0.684332,0.229759,0.410592,0.354676,0.704213,0.586245,0.256575,0.326654,0.630515,0.797365,0.217036,0.613654,0.177794,0.454643,0.540665,0.314209,0.609678,0.302372,0.135366,0.52276,0.330135,0.49818,0.175459,0.61971,0.15852,0.560728,0.648968,0.558325,0.2923,0.267154,0.465358,0.187681,0.599717,0.687086,0.784254,0.261857,0.132629,0.559119,0.432591,0.558687,0.849314,0.415507,0.423475,0.513625,0.14898,0.769454,0.727647,0.196756,0.29148,0.572745,0.316797,0.300077,0.732854,0.619318,0.755144,0.846654,0.662081,0.768607,0.75335,0.114131,0.837092,0.851242,0.517713,0.364603,0.476561,0.814712,0.277845,0.65546,0.430764,0.191228,0.358463,0.700886,0.824457,0.244619,0.62274,0.393957,0.808529,0.357979,GOOD_NIGHT
0.337784,0.840202,0.475121,0.620195,0.315555,0.897846,0.223834,0.860652,0.859264,0.445654,0.334661,0.576986,0.276197,0.341842,0.383933,0.813471,0.566712,0.780151,0.54285,0.512306,0.366264,0.534188,0.252947,0.689725,0.195032,0.414467,0.851813,0.48712,0.394982,0.139806,0.5648,0.124041,0.525509,0.251715,0.674789,0.857625,0.529488,0.199748,0.528342,0.303998,0.529716,0.758931,0.360283,0.673575,0.701477,0.445489,0.797549,0.118007,0.698512,0.625634,0.267446,0.767848,0.421963,0.29168,0.725529,0.764811,0.377709,0.135826,0.868235,0.485837,0.556163,0.624151,0.488417,0.384874,0.670757,0.610021,0.887241,0.247229,0.845074,0.805078,0.323152,0.698198,0.459924,0.620575,0.662785,0.702607,0.685365,0.845734,0.814212,0.516099,0.259806,0.526265,0.702167,0.600456,0.891097,0.412637,0.700448,0.530238,0.680767,0.295082,0.462597,0.171549,0.684198,0.274201,0.432691,0.637912,0.706551,0.711831,0.187599,0.230881,0.68089,0.560265,0.344128,0.482416,0.790689,0.677747,0.449024,0.262998,0.271262,0.537935,0.179908,0.348773,0.381113,0.213144,0.350705,0.308583,0.317171,0.632778,0.757862,0.340375,0.131348,0.746438,0.489557,0.172457,0.381903,0.419093,GOOD_NIGHT
0.383674,0.511722,0.325226,0.402259,0.68108,0.270069,0.314801,0.699219,0.700336,0.60628,0.438091,0.84999,0.851121,0.282061,0.319652,0.41063,0.802859,0.694323,0.221754,0.463569,0.221755,0.550929,0.572616,0.639594,0.762302,0.853516,0.419498,0.610212,0.650012,0.576836,0.600334,0.50575,0.674076,0.861114,0.205949,0.665053,0.123486,0.655456,0.516423,0.166241,0.345512,0.440013,0.27532,0.709321,0.457968,0.418173,0.857613,0.581027,0.740415,0.49543,0.320484,0.472077,0.24885,0.771127,0.295838,0.614507,0.33103,0.227313,0.261436,0.519042,0.607474,0.753066,0.174308,0.693788,0.560048,0.239068,0.446249,0.219626,0.427002,0.621532,0.539084,0.776637,0.751321,0.321048,0.44239,0.738171,0.871753,0.824776,0.462092,0.805049,0.365947,0.178651,0.361368,0.444952,0.611322,0.54012,0.275321,0.558983,0.834578,0.759155,0.241668,0.529437,0.857352,0.718427,0.225291,0.229213,0.700729,0.539736,0.428023,0.117635,0.406246,0.380899,0.668837,0.796657,0.8876,0.821438,0.745168,0.552676,0.558837,0.718966,0.293271,0.59913,0.250015,0.346157,0.203234,0.542197,0.662117,0.8497,0.612977,0.45381,0.290919,0.335485,0.348659,0.492933,0.243361,0.327919,GOOD_NIGHT
0.785963,0.461669,0.450679,0.636831,0.460221,0.67721,0.204901,0.608779,0.220997,0.681903,0.283484,0.317637,0.868269,0.114439,0.562942,0.672071,0.157602,0.364888,0.105584,0.713221,0.815065,0.365026,0.700006,0.795327,0.198224,0.163442,0.894388,0.376043,0.342472,0.322201,0.728186,0.732394,0.23851,0.739622,0.513113,0.45164,0.226734,0.128012,0.531727,0.651077,0.144259,0.341448,0.725402,0.428766,0.189341,0.738356,0.434061,0.197024,0.242951,0.773089,0.826821,0.483373,0.20669,0.313302,0.776233,0.714853,0.425593,0.408272,0.145251,0.757925,0.472228,0.474682,0.735612,0.642327,0.812899,0.441311,0.790942,0.742277,0.709276,0.816385,0.780039,0.46091,0.651687,0.618963,0.145688,0.491948,0.155759,0.318584,0.40715,0.340091,0.132914,0.366781,0.107359,0.673937,0.353249,0.634078,0.114415,0.381496,0.588527,0.273526,0.803505,0.859538,0.813642,0.786401,0.691036,0.564223,0.270236,0.120424,0.352008,0.126195,0.493964,0.100294,0.302217,0.61273,0.26362,0.271879,0.856834,0.549641,0.659411,0.420632,0.581444,0.537483,0.557822,0.872224,0.121321,0.24913,0.471961,0.143647,0.692731,0.693739,0.242188,0.738829,0.104547,0.414753,0.286854,0.20007,GOOD_NIGHT
0.694154,0.409098,0.834918,0.454553,0.416723,0.425868,0.406384,0.820653,0.725314,0.503308,0.5766,0.256683,0.696487,0.141904,0.39882,0.843125,0.259038,0.255737,0.211998,0.840266,0.261554,0.672493,0.851499,0.666681,0.50988,0.361819,0.159483,0.664336,0.758089,0.399176,0.83464,0.502162,0.685178,0.382788,0.301588,0.268593,0.543173,0.303094,0.747705,0.766144,0.744196,0.52386,0.5103,0.124777,0.635797,0.505808,0.293074,0.609571,0.482953,0.273031,0.734564,0.851386,0.674055,0.284077,0.750191,0.460768,0.356542,0.467202,0.413373,0.175199,0.562299,0.728772,0.490462,0.397937,0.656884,0.810941,0.574689,0.426175,0.106361,0.314879,0.381265,0.761268,0.465927,0.876559,0.573344,0.149666,0.320055,0.706263,0.574382,0.215953,0.565979,0.504809,0.196607,0.843651,0.759601,0.686152,0.616175,0.459061,0.550416,0.591287,0.253993,0.840556,0.852786,0.411786,0.831173,0.47925,0.505949,0.641654,0.824917,0.304169,0.428289,0.656483,0.645771,0.348326,0.334912,0.738641,0.218114,0.509018,0.303972,0.665791,0.205577,0.566223,0.200753,0.379926,0.163586,0.660315,0.295774,0.7512,0.501861,0.5593,0.336629,0.6646,0.278238,0.894924,0.509142,0.1127,HAPPY
0.763944,0.681024,0.709261,0.465268,0.131281,0.314333,0.737136,0.256427,0.250976,0.27017,0.814532,0.414247,0.187411,0.260007,0.120165,0.412446,0.287403,0.34455,0.72252,0.41246,0.134578,0.579822,0.311014,0.466601,0.830985,0.857928,0.740013,0.563984,0.352786,0.208423,0.61724,0.426905,0.707334,0.459845,0.84965,0.40333,0.392673,0.889457,0.872134,0.588967,0.195152,0.215674,0.189989,0.311591,0.129635,0.34782,0.390951,0.582717,0.700253,0.303159,0.293142,0.751261,0.348687,0.410946,0.80978,0.735193,0.223901,0.28805,0.672569,0.108111,0.45532,0.427517,0.685679,0.896139,0.774172,0.125808,0.272257,0.439532,0.29885,0.264799,0.368657,0.19743,0.772567,0.357473,0.370123,0.145503,0.753723,0.268655,0.121001,0.779459,0.612729,0.195618,0.457825,0.291231,0.692555,0.35717,0.703192,0.691053,0.784031,0.250479,0.303426,0.599614,0.772945,0.249955,0.6915,0.794027,0.783751,0.670693,0.490224,0.719697,0.164192,0.737175,0.575822,0.738036,0.127497,0.398566,0.536356,0.85923,0.594303,0.874182,0.429276,0.756632,0.106707,0.232554,0.66274,0.229516,0.656158,0.152055,0.322949,0.678515,0.437234,0.398401,0.426448,0.419825,0.236276,0.546856,HAPPY
0.250773,0.151074,0.14923,0.10701,0.730633,0.505684,0.273964,0.586168,0.240669,0.307599,0.457265,0.300286,0.791906,0.713588,0.302462,0.416642,0.600267,0.894479,0.709457,0.100208,0.206539,0.748178,0.572523,0.422259,0.702525,0.39776,0.845151,0.665496,0.607368,0.531308,0.32454,0.652775,0.257962,0.879075,0.52997,0.649936,0.298034,0.263591,0.642932,0.757074,0.772883,0.474872,0.526116,0.473639,0.629156,0.776991,0.676808,0.309454,0.336718,0.10675,0.524329,0.474362,0.429924,0.674403,0.493937,0.256828,0.454514,0.794625,0.22852,0.632856,0.255903,0.24081,0.768016,0.315289,0.331069,0.233705,0.334177,0.856447,0.59557,0.81961,0.88792,0.280574,0.615918,0.669349,0.611163,0.108028,0.582823,0.774336,0.717799,0.605443,0.826597,0.44863,0.657618,0.781456,0.38207,0.303511,0.471114,0.743499,0.100473,0.380724,0.45427,0.363,0.559426,0.358808,0.699651,0.39658,0.51632,0.253909,0.433598,0.155277,0.391403,0.305599,0.360533,0.429484,0.123,0.558719,0.640208,0.273434,0.364579,0.17791,0.7723,0.310829,0.128778,0.862752,0.442477,0.562541,0.427661,0.440414,0.433963,0.767188,0.576475,0.538474,0.236106,0.578236,0.632276,0.794444,HAPPY
0.327238,0.670672,0.479332,0.289736,0.604625,0.541085,0.427042,0.11076,0.252434,0.77265,0.725179,0.243884,0.823793,0.157192,0.802438,0.426078,0.760015,0.805573,0.172664,0.180795,0.108086,0.868282,0.851792,0.362615,0.265654,0.192365,0.766015,0.649749,0.688368,0.5724,0.332711,0.562839,0.624985,0.832061,0.302839,0.222246,0.52514,0.269701,0.69005,0.221612,0.43643,0.186834,0.763157,0.256336,0.428745,0.181728,0.453588,0.764382,0.894661,0.807597,0.413684,0.513172,0.784201,0.880577,0.158742,0.324654,0.43951,0.161745,0.848258,0.294295,0.247547,0.35781,0.341569,0.678683,0.234954,0.725501,0.247519,0.168317,0.502493,0.348564,0.424366,0.864007,0.254916,0.346998,0.378869,0.791277,0.24896,0.770329,0.280475,0.751172,0.49161,0.858931,0.100996,0.739487,0.476621,0.136697,0.719516,0.388771,0.35489,0.384996,0.482251,0.647303,0.894438,0.307294,0.731432,0.219021,0.198462,0.357337,0.240729,0.271349,0.302668,0.410908,0.447253,0.40189,0.546664,0.457193,0.851224,0.563558,0.803536,0.846133,0.233122,0.840975,0.192755,0.203452,0.799141,0.306454,0.359768,0.401512,0.891728,0.71615,0.598965,0.406443,0.875975,0.640875,0.219303,0.716384,HAPPY
0.511756,0.584969,0.666872,0.294318,0.126014,0.839188,0.487792,0.398903,0.571549,0.625852,0.498342,0.325646,0.11863,0.846957,0.752567,0.133707,0.582903,0.122486,0.729918,0.737988,0.836971,0.349692,0.701615,0.495346,0.896006,0.384884,0.725972,0.363462,0.459528,0.366725,0.55518,0.235435,0.756865,0.504462,0.712552,0.138848,0.542723,0.191077,0.609919,0.175851,0.521691,0.549749,0.453694,0.786243,0.223386,0.745312,0.794947,0.485772,0.602199,0.452472,0.544096,0.416356,0.445559,0.495908,0.290125,0.363372,0.106108,0.690617,0.608854,0.709636,0.530164,0.599077,0.505689,0.820919,0.518534,0.606112,0.763903,0.482534,0.358635,0.41264,0.860116,0.67519,0.137484,0.601254,0.548714,0.227737,0.128635,0.87046,0.665988,0.100414,0.280579,0.200732,0.52288,0.549573,0.30266,0.730706,0.535913,0.337101,0.385265,0.553522,0.728005,0.605111,0.663559,0.65042,0.311705,0.872568,0.452665,0.149211,0.855359,0.40604,0.565518,0.150336,0.665099,0.154504,0.863479,0.210461,0.292476,0.813372,0.391416,0.502324,0.678567,0.780058,0.232476,0.124339,0.803955,0.44054,0.823947,0.350648,0.445382,0.165484,0.157203,0.463189,0.563187,0.115224,0.750787,0.621123,HAPPY
0.897584,0.593375,0.844523,0.332093,0.218831,0.684188,0.369919,0.270038,0.776396,0.687797,0.617468,0.4326,0.843445,0.549427,0.583315,0.579969,0.894114,0.822001,0.389613,0.507194,0.694108,0.647458,0.230637,0.811986,0.609786,0.680985,0.419081,0.203295,0.268536,0.320616,0.781502,0.45789,0.446128,0.510428,0.284336,0.266315,0.31137,0.26097,0.171775,0.64882,0.599596,0.568098,0.310263,0.345222,0.273055,0.336233,0.435881,0.724022,0.824556,0.521619,0.297055,0.101781,0.855643,0.416183,0.450475,0.659678,0.455097,0.575234,0.206805,0.758842,0.273548,0.540578,0.266141,0.6344,0.405037,0.524379,0.6739,0.259587,0.400214,0.33055,0.58402,0.49379,0.798766,0.384239,0.192787,0.494385,0.150356,0.599536,0.273702,0.813917,0.177569,0.426985,0.89604,0.588636,0.560169,0.259695,0.518333,0.488774,0.885937,0.322442,0.594295,0.884056,0.454977,0.139467,0.186058,0.865758,0.785913,0.425166,0.166008,0.200133,0.507192,0.319611,0.391286,0.273949,0.684099,0.885307,0.168706,0.28917,0.531087,0.702526,0.824366,0.819332,0.472145,0.673758,0.753256,0.629094,0.756059,0.146039,0.352743,0.488792,0.846063,0.319826,0.611294,0.219116,0.778995,0.419472,HAPPY
0.304414,0.251373,0.253043,0.328274,0.774814,0.567867,0.624988,0.82644,0.247092,0.550731,0.599155,0.353481,0.503033,0.645605,0.664255,0.188073,0.720886,0.711149,0.555105,0.636137,0.832051,0.731364,0.209286,0.160538,0.406409,0.346159,0.808023,0.615319,0.168041,0.533752,0.568212,0.780369,0.590554,0.847226,0.234556,0.191615,0.852148,0.100119,0.452864,0.551948,0.370672,0.470608,0.527746,0.373831,0.440695,0.676757,0.20941,0.13264,0.105274,0.34902,0.62844,0.551723,0.125648,0.733948,0.691994,0.140957,0.213305,0.492061,0.52133,0.250822,0.55732,0.193988,0.268294,0.548023,0.599018,0.561208,0.485245,0.604068,0.885988,0.493233,0.555522,0.484244,0.672439,0.828642,0.247073,0.254648,0.56495,0.514455,0.816769,0.249858,0.480337,0.306704,0.78706,0.508473,0.617574,0.735711,0.775217,0.645803,0.775601,0.245794,0.674991,0.430787,0.878144,0.24264,0.745833,0.534807,0.300303,0.175686,0.107734,0.182334,0.420469,0.810772,0.241844,0.714058,0.507447,0.440703,0.854031,0.815057,0.285816,0.791106,0.361227,0.859252,0.395851,0.283038,0.653736,0.875055,0.841526,0.451737,0.866337,0.273898,0.122015,0.877621,0.430437,0.764263,0.894089,0.645275,HAPPY
0.0,0.0,0.0,0.13429,0.071149,-0.042887,0.312895,0.084484,-0.063904,0.450238,0.075249,-0.083389,0.561155,0.051001,-0.101994,0.483407,-0.052611,-0.048069,0.705091,-0.104442,-0.099314,0.84735,-0.136414,-0.138539,0.961391,-0.155906,-0.164034,0.482549,-0.120578,-0.060209,0.711791,-0.177425,-0.109005,0.87013,-0.19693,-0.148233,1.0,-0.200408,-0.174968,0.458575,-0.183269,-0.078435,0.669751,-0.224449,-0.124365,0.812528,-0.223152,-0.151768,0.927547,-0.212633,-0.168675,0.41071,-0.237593,-0.100687,0.572713,-0.26518,-0.139434,0.682418,-0.264989,-0.151107,0.768908,-0.255997,-0.156182,0.0,0.0,0.0,-0.167081,-0.185981,0.006825,-0.345713,-0.345244,-0.024204,-0.493865,-0.449567,-0.062184,-0.623914,-0.503286,-0.111232,-0.364648,-0.461012,-0.11559,-0.632336,-0.524195,-0.205668,-0.811844,-0.548831,-0.26843,-0.959824,-0.566104,-0.312193,-0.332689,-0.386244,-0.174975,-0.649309,-0.433404,-0.254488,-0.842809,-0.453471,-0.305594,-1.0,-0.46576,-0.347861,-0.294597,-0.250225,-0.230114,-0.59575,-0.269108,-0.304617,-0.777814,-0.273,-0.339696,-0.924885,-0.283392,-0.368627,-0.259152,-0.075622,-0.282133,-0.463073,-0.069241,-0.358402,-0.598592,-0.066583,-0.385322,-0.712798,-0.06831,-0.403027,HELLO
0.765952,0.85554,0.559613,0.172394,0.167431,0.4464,0.339786,0.191709,0.322539,0.824678,0.658408,0.521619,0.205992,0.456694,0.599983,0.454976,0.770129,0.378306,0.811079,0.829161,0.457063,0.140895,0.384664,0.873462,0.264086,0.810732,0.387641,0.748257,0.605582,0.212214,0.361663,0.762914,0.262099,0.721178,0.448601,0.156008,0.122851,0.127414,0.268563,0.126569,0.367019,0.169474,0.144075,0.378684,0.258815,0.604318,0.488282,0.702762,0.62169,0.627466,0.718295,0.390408,0.214361,0.862488,0.555892,0.891621,0.888197,0.733064,0.754057,0.838132,0.223056,0.383099,0.132525,0.851793,0.892345,0.557284,0.661149,0.26829,0.370372,0.654677,0.136954,0.152104,0.646553,0.487976,0.183663,0.395578,0.689629,0.580263,0.703149,0.696066,0.325592,0.658754,0.69007,0.714942,0.379838,0.15592,0.648569,0.103945,0.476241,0.296002,0.782258,0.785216,0.517542,0.535754,0.179123,0.804486,0.58214,0.171088,0.178118,0.373127,0.789838,0.466424,0.504676,0.303714,0.530575,0.137815,0.182238,0.342254,0.807574,0.405252,0.280643,0.720906,0.448083,0.12188,0.508306,0.145889,0.398478,0.450466,0.559484,0.129031,0.812665,0.414975,0.248926,0.774023,0.214214,0.351251,HELLO
0.319798,0.172274,0.434137,0.850921,0.478015,0.845333,0.385756,0.315557,0.438973,0.71456,0.410605,0.669246,0.66258,0.194156,0.733994,0.680709,0.744747,0.873924,0.84921,0.382014,0.740858,0.794886,0.516272,0.207532,0.461764,0.2586,0.881103,0.85854,0.449201,0.249731,0.70337,0.45176,0.103438,0.445285,0.209075,0.160466,0.334196,0.546762,0.105091,0.426928,0.339928,0.161893,0.595444,0.167107,0.687161,0.305074,0.688339,0.177293,0.392344,0.692839,0.168809,0.606369,0.793722,0.273977,0.776637,0.346222,0.705452,0.407328,0.17515,0.373211,0.150102,0.589587,0.250742,0.772219,0.140395,0.684432,0.435294,0.298187,0.487565,0.801639,0.534016,0.351955,0.839978,0.617114,0.12599,0.599323,0.473341,0.398488,0.232542,0.604607,0.624126,0.486986,0.556193,0.736426,0.39602,0.793961,0.373813,0.191027,0.117243,0.592493,0.578381,0.793747,0.370331,0.145074,0.810017,0.865668,0.568965,0.561263,0.670678,0.756804,0.649742,0.350522,0.607349,0.661904,0.28892,0.395788,0.42353,0.560599,0.826945,0.292668,0.393886,0.775484,0.197533,0.844934,0.804238,0.506146,0.746705,0.260852,0.113788,0.259387,0.811643,0.837409,0.395356,0.25515,0.633305,0.373748,HELLO
0.864016,0.177208,0.368557,0.212228,0.814459,0.482698,0.406512,0.742022,0.563267,0.468725,0.486626,0.280565,0.21261,0.254092,0.742835,0.726861,0.897394,0.514363,0.456343,0.618134,0.173437,0.131151,0.661081,0.476696,0.435213,0.736523,0.402662,0.319768,0.256614,0.346006,0.434339,0.35396,0.244094,0.290696,0.837841,0.350386,0.664057,0.736839,0.894764,0.335353,0.772648,0.779954,0.567521,0.51104,0.579527,0.135294,0.267433,0.338083,0.832456,0.582644,0.616729,0.842122,0.758556,0.197007,0.290839,0.361342,0.800177,0.468231,0.437825,0.651759,0.359475,0.749303,0.490367,0.672001,0.340586,0.460098,0.44657,0.779599,0.291272,0.869919,0.696615,0.488579,0.463573,0.549815,0.850639,0.607741,0.607363,0.268755,0.898204,0.430654,0.89766,0.850485,0.404669,0.388864,0.694283,0.202737,0.441289,0.237416,0.598491,0.220528,0.279719,0.741316,0.802404,0.535113,0.646843,0.605557,0.226459,0.199484,0.717504,0.38665,0.289957,0.495839,0.537989,0.2869,0.618906,0.703419,0.284603,0.147555,0.319087,0.350851,0.586518,0.682762,0.553459,0.364433,0.882462,0.110321,0.761901,0.638423,0.209462,0.575737,0.697651,0.725447,0.126025,0.288049,0.861547,0.614116,HELLO
0.768699,0.806524,0.54065,0.834878,0.883079,0.744673,0.677145,0.868996,0.697016,0.586202,0.532002,0.369999,0.68314,0.512828,0.585216,0.373147,0.319687,0.509555,0.546534,0.329156,0.289312,0.6721,0.168553,0.433034,0.345281,0.115776,0.494278,0.364632,0.809552,0.788657,0.20949,0.808188,0.44709,0.514653,0.438636,0.832576,0.232841,0.452744,0.158189,0.561178,0.190217,0.717175,0.542188,0.123226,0.875889,0.717436,0.678308,0.293868,0.668453,0.687555,0.602974,0.11726,0.828549,0.412795,0.391111,0.197357,0.558794,0.585095,0.7727,0.397173,0.784967,0.68838,0.224286,0.249635,0.595669,0.152264,0.5061,0.494622,0.191732,0.24993,0.199107,0.66216,0.505433,0.246891,0.665275,0.466503,0.570984,0.524467,0.437957,0.253326,0.511634,0.531074,0.850708,0.861297,0.601581,0.378052,0.331366,0.853583,0.606887,0.333394,0.774091,0.828163,0.390974,0.726722,0.299874,0.453604,0.190718,0.316292,0.30162,0.614092,0.323392,0.846746,0.634723,0.326805,0.892462,0.414912,0.433464,0.107065,0.843934,0.869019,0.662613,0.188666,0.287525,0.795493,0.47949,0.340041,0.407149,0.855812,0.681606,0.466686,0.504325,0.65342,0.897509,0.810785,0.167686,0.596387,HELLO
0.441338,0.375645,0.259336,0.474445,0.542902,0.377782,0.474422,0.525919,0.811597,0.595055,0.575842,0.26402,0.16429,0.777883,0.341835,0.831626,0.239553,0.801479,0.703823,0.43374,0.849315,0.683109,0.447893,0.127957,0.383332,0.532042,0.591263,0.839096,0.187717,0.317581,0.806311,0.596062,0.108482,0.780188,0.620743,0.889182,0.422732,0.579877,0.572113,0.416718,0.520947,0.233145,0.569265,0.333063,0.860862,0.57241,0.881452,0.151071,0.522715,0.188039,0.84742,0.15232,0.420308,0.130447,0.419505,0.426301,0.372708,0.867151,0.152684,0.626943,0.338934,0.636625,0.492277,0.711486,0.31412,0.15289,0.563369,0.547269,0.862207,0.610297,0.669936,0.768946,0.738362,0.193178,0.22422,0.130049,0.146117,0.742896,0.898406,0.727533,0.371466,0.68011,0.531985,0.402545,0.126512,0.594883,0.733797,0.189182,0.517025,0.154569,0.536501,0.132497,0.621641,0.795041,0.744492,0.813049,0.519544,0.548454,0.296257,0.303752,0.71134,0.417767,0.503732,0.120366,0.804094,0.744813,0.172881,0.189484,0.737835,0.473029,0.247623,0.121233,0.506236,0.708095,0.4746,0.285941,0.234245,0.554281,0.384908,0.325235,0.227832,0.419115,0.267566,0.562272,0.842811,0.575145,HELLO
0.0,0.0,0.0,0.062038,-0.189834,-0.085373,0.169957,-0.313984,-0.150396,0.276927,-0.338829,-0.212185,0.38489,-0.360797,-0.272448,0.473786,-0.243153,-0.092442,0.690454,-0.26333,-0.180132,0.833195,-0.279225,-0.251969,0.952314,-0.280242,-0.30067,0.494356,-0.148767,-0.107249,0.714881,-0.169883,-0.189989,0.869583,-0.192926,-0.254449,1.0,-0.210964,-0.297759,0.496142,-0.048249,-0.134154,0.703109,-0.067621,-0.205668,0.855379,-0.085151,-0.244127,0.984398,-0.104178,-0.267212,0.472663,0.062133,-0.170844,0.650824,0.057457,-0.227635,0.778629,0.039964,-0.246549,0.88954,0.008978,-0.255988,0.0,0.0,0.0,-0.094881,-0.309379,-0.031648,-0.304751,-0.4556,-0.046047,-0.507758,-0.478492,-0.059454,-0.650224,-0.479965,-0.075385,-0.472554,-0.345786,-0.027405,-0.713723,-0.409088,-0.074432,-0.859644,-0.437165,-0.115144,-0.972383,-0.456828,-0.143301,-0.492493,-0.194691,-0.03826,-0.735063,-0.257357,-0.079035,-0.884925,-0.31806,-0.117839,-1.0,-0.368935,-0.148297,-0.485432,-0.058526,-0.054368,-0.725024,-0.106457,-0.092978,-0.858407,-0.160424,-0.116975,-0.961097,-0.217387,-0.133762,-0.45442,0.055769,-0.072966,-0.64538,0.046845,-0.106823,-0.755861,0.014483,-0.116771,-0.842119,-0.024904,-0.121775,HELLO
0.0,0.0,0.0,0.209397,0.016506,0.004693,0.47107,-0.125936,-0.006797,0.678494,-0.22024,-0.023681,0.830748,-0.273735,-0.036566,0.389171,-0.437721,-0.084392,0.687357,-0.503534,-0.153541,0.865852,-0.435895,-0.1818,0.971666,-0.34225,-0.189524,0.347334,-0.467898,-0.116125,0.685598,-0.535572,-0.179831,0.882592,-0.448446,-0.196577,1.0,-0.331452,-0.199948,0.328479,-0.425758,-0.146745,0.671573,-0.496813,-0.201015,0.873791,-0.428097,-0.214018,0.997527,-0.334794,-0.213801,0.332127,-0.327927,-0.175598,0.606668,-0.388406,-0.211022,0.784946,-0.370623,-0.220654,0.910327,-0.324849,-0.221933,0.0,0.0,0.0,0.0,0.0,0.0,0.0,0.0,0.0,0.0,0.0,0.0,0.0,0.0,0.0,0.0,0.0,0.0,0.0,0.0,0.0,0.0,0.0,0.0,0.0,0.0,0.0,0.0,0.0,0.0,0.0,0.0,0.0,0.0,0.0,0.0,0.0,0.0,0.0,0.0,0.0,0.0,0.0,0.0,0.0,0.0,0.0,0.0,0.0,0.0,0.0,0.0,0.0,0.0,0.0,0.0,0.0,0.0,0.0,0.0,0.0,0.0,0.0,HELLO
0.866734,0.548166,0.492728,0.309599,0.573075,0.548139,0.851766,0.661266,0.100882,0.404895,0.607166,0.48135,0.680638,0.635857,0.280301,0.843993,0.850472,0.71878,0.59618,0.611826,0.18113,0.246516,0.61094,0.623816,0.671082,0.822749,0.813638,0.461969,0.440597,0.462167,0.758795,0.688319,0.829233,0.744168,0.222983,0.554801,0.266832,0.41513,0.784833,0.704252,0.176997,0.153891,0.126734,0.130023,0.717046,0.44697,0.807778,0.558229,0.121526,0.526533,0.123,0.355853,0.244978,0.377424,0.869782,0.875328,0.641142,0.873506,0.743636,0.517812,0.590893,0.55916,0.862016,0.402394,0.408552,0.852441,0.572792,0.157203,0.11725,0.103006,0.521581,0.432687,0.28269,0.224491,0.416767,0.603469,0.181329,0.547024,0.738099,0.462331,0.66383,0.282609,0.333956,0.386155,0.521421,0.684418,0.836151,0.519468,0.304803,0.101377,0.685603,0.271683,0.488822,0.448698,0.653951,0.739641,0.672395,0.753267,0.82841,0.372465,0.570423,0.876922,0.640207,0.831125,0.313407,0.825162,0.85475,0.348551,0.122754,0.351352,0.577584,0.533588,0.855803,0.879086,0.107118,0.623824,0.553538,0.204703,0.713439,0.504843,0.612621,0.826841,0.378775,0.1833,0.310677,0.739223,HELLO
0.0,0.0,0.0,0.170744,-0.160959,-0.007686,0.401673,-0.283943,-0.032341,0.595981,-0.310915,-0.06096,0.733597,-0.304758,-0.086612,0.431622,-0.421826,-0.061842,0.676483,-0.511537,-0.135254,0.830285,-0.571193,-0.178514,0.938166,-0.628356,-0.198091,0.414688,-0.328075,-0.092165,0.696466,-0.299124,-0.144588,0.871753,-0.249414,-0.160051,1.0,-0.202518,-0.164642,0.383808,-0.190378,-0.124873,0.644373,-0.154754,-0.160997,0.787072,-0.119494,-0.146113,0.887835,-0.08646,-0.128948,0.344224,-0.034517,-0.160466,0.557984,-0.020853,-0.175562,0.669,0.004158,-0.148053,0.745587,0.023253,-0.12138,0.0,0.0,0.0,-0.150053,-0.231276,-0.038667,-0.392291,-0.29581,-0.073596,-0.605201,-0.241597,-0.108012,-0.751635,-0.182357,-0.145907,-0.424284,-0.321428,-0.099221,-0.68211,-0.34561,-0.192401,-0.858421,-0.329338,-0.255679,-1.0,-0.298063,-0.296746,-0.411078,-0.193895,-0.122354,-0.645134,-0.180117,-0.220844,-0.797023,-0.167568,-0.280712,-0.92274,-0.162852,-0.319408,-0.373286,-0.07466,-0.148675,-0.582475,-0.068984,-0.235399,-0.711986,-0.062795,-0.267523,-0.822757,-0.06996,-0.281634,-0.319714,0.028651,-0.176919,-0.482145,0.000433,-0.245898,-0.582281,-0.031344,-0.268413,-0.674553,-0.064184,-0.278314,HELLO
0.0,0.0,0.0,0.181579,-0.053781,-0.009879,0.391398,-0.140825,-0.029481,0.559774,-0.193277,-0.056909,0.683675,-0.232137,-0.083462,0.447441,-0.282307,-0.054429,0.673952,-0.332442,-0.130533,0.811523,-0.32725,-0.182084,0.926434,-0.306555,-0.212623,0.423082,-0.277726,-0.091154,0.673743,-0.350598,-0.16101,0.849816,-0.365802,-0.202477,1.0,-0.358443,-0.226372,0.377646,-0.216305,-0.130829,0.605599,-0.241056,-0.194229,0.741228,-0.239282,-0.218366,0.849712,-0.228583,-0.227603,0.317268,-0.109762,-0.172453,0.470755,-0.098986,-0.22044,0.570642,-0.090514,-0.232494,0.656611,-0.074129,-0.234964,0.0,0.0,0.0,-0.150094,-0.18445,0.024296,-0.318168,-0.338544,0.012371,-0.458747,-0.427118,-0.011224,-0.574417,-0.466228,-0.043132,-0.390901,-0.461559,-0.065203,-0.559083,-0.691942,-0.128678,-0.621508,-0.853697,-0.167566,-0.66746,-1.0,-0.191945,-0.376423,-0.389173,-0.107526,-0.66708,-0.451486,-0.169357,-0.82513,-0.467526,-0.195897,-0.939186,-0.487805,-0.216167,-0.369074,-0.265603,-0.14601,-0.645084,-0.309218,-0.204848,-0.804842,-0.334123,-0.222421,-0.918279,-0.348749,-0.231258,-0.368695,-0.108501,-0.179998,-0.591878,-0.145965,-0.227957,-0.717821,-0.17206,-0.238724,-0.819426,-0.187483,-0.240276,HELLO
0.0,0.0,0.0,0.059782,-0.228573,-0.042599,0.231291,-0.4274,-0.042444,0.401006,-0.511549,-0.050025,0.519073,-0.547006,-0.057483,0.418588,-0.454564,0.056535,0.593001,-0.521753,0.022241,0.684058,-0.511765,-0.021065,0.764204,-0.486961,-0.0548,0.512192,-0.344038,0.039036,0.688891,-0.426194,0.012057,0.789918,-0.433898,-0.034465,0.884713,-0.417471,-0.070521,0.577732,-0.233231,0.005506,0.776432,-0.309033,-0.030218,0.87924,-0.312745,-0.065534,0.970885,-0.296994,-0.090045,0.612483,-0.125167,-0.034929,0.798977,-0.171385,-0.052166,0.903703,-0.178369,-0.052106,1.0,-0.161662,-0.054618,0.0,0.0,0.0,-0.249782,-0.067288,-0.014048,-0.434642,-0.183905,-0.079814,-0.564701,-0.263067,-0.145792,-0.683036,-0.280121,-0.22695,-0.385164,-0.409314,-0.222802,-0.689754,-0.410915,-0.351191,-0.860848,-0.37584,-0.436527,-1.0,-0.343338,-0.492433,-0.29997,-0.341801,-0.279222,-0.633407,-0.32947,-0.397123,-0.824156,-0.269793,-0.459041,-0.973307,-0.220324,-0.512817,-0.231103,-0.208654,-0.328465,-0.55001,-0.178901,-0.438236,-0.753036,-0.120588,-0.480351,-0.908061,-0.068503,-0.513844,-0.192213,-0.035654,-0.373282,-0.428618,-0.020481,-0.470037,-0.586867,0.006506,-0.502938,-0.722952,0.032905,-0.527427,HELLO
0.644615,0.478091,0.671018,0.198074,0.73982,0.573434,0.581276,0.526945,0.527376,0.335039,0.231117,0.51854,0.828311,0.82168,0.357178,0.594668,0.192336,0.176066,0.476776,0.123062,0.71938,0.462472,0.788006,0.874523,0.656367,0.652243,0.256055,0.732252,0.849942,0.796602,0.741482,0.588075,0.65774,0.585792,0.831278,0.499295,0.383631,0.622942,0.657722,0.19143,0.167523,0.675887,0.1644,0.459747,0.400626,0.787391,0.586875,0.500043,0.391856,0.733468,0.820726,0.301795,0.883434,0.205462,0.894148,0.886253,0.395355,0.672907,0.652237,0.566642,0.827658,0.760043,0.877369,0.123201,0.223881,0.794421,0.526852,0.430316,0.614717,0.688077,0.638116,0.858266,0.768925,0.883556,0.107184,0.237448,0.77821,0.323413,0.474907,0.790047,0.150352,0.607569,0.843929,0.351495,0.743216,0.498909,0.739324,0.703202,0.104057,0.713859,0.585993,0.599815,0.361134,0.711729,0.193073,0.32043,0.344681,0.238368,0.588939,0.508416,0.543931,0.714214,0.716774,0.858724,0.879804,0.777458,0.27498,0.816878,0.855782,0.781533,0.195362,0.37426,0.321996,0.782941,0.302775,0.857254,0.520541,0.124807,0.586363,0.66958,0.899086,0.678148,0.370463,0.803409,0.866848,0.841958,HELLO
0.0,0.0,0.0,-0.184381,-0.337437,0.031103,-0.487691,-0.473274,0.032904,-0.773151,-0.499541,0.024833,-0.963497,-0.504945,0.017806,-0.678839,-0.342835,0.000169,-1.0,-0.338507,-0.036603,-0.960036,-0.410882,-0.064463,-0.85655,-0.432073,-0.071276,-0.682908,-0.141425,-0.019578,-0.990567,-0.169408,-0.026472,-0.942803,-0.251226,-0.031121,-0.839927,-0.264635,-0.040147,-0.664057,0.048406,-0.035569,-0.941593,-0.007737,-0.02463,-0.900382,-0.079372,-0.003453,-0.803516,-0.087965,0.002302,-0.632366,0.211659,-0.048677,-0.863179,0.155368,-0.025621,-0.832998,0.090033,0.009228,-0.753981,0.082583,0.031785,0.0,0.0,0.0,0.0,0.0,0.0,0.0,0.0,0.0,0.0,0.0,0.0,0.0,0.0,0.0,0.0,0.0,0.0,0.0,0.0,0.0,0.0,0.0,0.0,0.0,0.0,0.0,0.0,0.0,0.0,0.0,0.0,0.0,0.0,0.0,0.0,0.0,0.0,0.0,0.0,0.0,0.0,0.0,0.0,0.0,0.0,0.0,0.0,0.0,0.0,0.0,0.0,0.0,0.0,0.0,0.0,0.0,0.0,0.0,0.0,0.0,0.0,0.0,HELLO
0.0,0.0,0.0,-0.016817,-0.340831,-0.088669,0.094845,-0.620094,-0.138169,0.269084,-0.756324,-0.161824,0.397889,-0.833458,-0.17996,0.232467,-0.389145,-0.220307,0.481743,-0.602372,-0.30129,0.626954,-0.707477,-0.342512,0.740643,-0.79258,-0.364015,0.332415,-0.233904,-0.188625,0.52015,-0.604056,-0.245071,0.595185,-0.833941,-0.244406,0.652685,-1.0,-0.240581,0.398487,-0.130087,-0.153965,0.488163,-0.47454,-0.193495,0.463618,-0.580522,-0.15954,0.427604,-0.610262,-0.125876,0.435235,-0.067383,-0.126421,0.489728,-0.365883,-0.159857,0.458018,-0.480853,-0.139069,0.421658,-0.520044,-0.111078,0.0,0.0,0.0,0.180337,-0.152886,-0.102052,0.364252,-0.218128,-0.180437,0.507961,-0.275374,-0.255266,0.6624,-0.323035,-0.345558,0.205835,-0.106962,-0.199384,0.253818,-0.063153,-0.295348,0.298554,-0.012754,-0.395986,0.353267,0.040429,-0.470623,0.025064,0.010869,-0.210983,0.065857,0.087171,-0.276563,0.063035,0.137511,-0.342001,0.06956,0.171268,-0.417329,-0.129733,0.108429,-0.222688,-0.119682,0.185312,-0.303783,-0.127079,0.232197,-0.32878,-0.120838,0.267068,-0.363609,-0.260794,0.179954,-0.243888,-0.303554,0.292006,-0.298745,-0.326889,0.38558,-0.281941,-0.3376,0.4592,-0.283843,HELP
0.700766,0.716427,0.222169,0.500311,0.596789,0.392373,0.764633,0.629861,0.395787,0.16951,0.702425,0.284481,0.473193,0.121664,0.50282,0.759201,0.631769,0.280416,0.296,0.225587,0.249335,0.218575,0.487822,0.609838,0.843499,0.403772,0.360003,0.718712,0.475823,0.736637,0.165037,0.855656,0.895856,0.796929,0.161343,0.417116,0.863674,0.35583,0.736814,0.885996,0.409309,0.560201,0.50487,0.629125,0.159665,0.837129,0.467103,0.24945,0.11147,0.34034,0.450712,0.440431,0.124143,0.734348,0.227223,0.176467,0.292853,0.505471,0.800437,0.423832,0.389888,0.147127,0.724487,0.224663,0.766301,0.55119,0.689259,0.151066,0.428353,0.149636,0.420879,0.858939,0.69357,0.76461,0.569751,0.757828,0.600093,0.549143,0.705725,0.810857,0.846304,0.758405,0.207341,0.798486,0.55172,0.16274,0.806641,0.435359,0.167661,0.439095,0.757924,0.257829,0.405632,0.653657,0.510396,0.686195,0.157755,0.346979,0.267743,0.335639,0.310355,0.705745,0.177767,0.157172,0.738155,0.700329,0.294466,0.553481,0.790208,0.75932,0.546986,0.550155,0.134875,0.42234,0.853586,0.702032,0.686535,0.440664,0.199332,0.442996,0.278591,0.771105,0.501368,0.575839,0.637368,0.439229,HELP
0.0,0.0,0.0,-0.008242,-0.256173,-0.08244,-0.079554,-0.499127,-0.130958,-0.144368,-0.680482,-0.170881,-0.173981,-0.858043,-0.216073,-0.255572,-0.357906,-0.131181,-0.398403,-0.374671,-0.200852,-0.487612,-0.371718,-0.255207,-0.576896,-0.375726,-0.297346,-0.282559,-0.192909,-0.138988,-0.438594,-0.196546,-0.196192,-0.540417,-0.195808,-0.242657,-0.633324,-0.198006,-0.286738,-0.274516,-0.03319,-0.1525,-0.41377,-0.029495,-0.213979,-0.500109,-0.028349,-0.240137,-0.579749,-0.042947,-0.264159,-0.243292,0.117776,-0.172489,-0.343623,0.141957,-0.227474,-0.398541,0.136684,-0.241584,-0.449544,0.120042,-0.253984,0.0,0.0,0.0,0.00071,-0.360013,-0.0323,-0.177586,-0.650598,-0.06513,-0.37537,-0.798372,-0.080862,-0.527528,-0.862479,-0.101303,-0.244787,-0.4961,-0.19904,-0.483381,-0.729615,-0.23834,-0.602733,-0.867459,-0.243272,-0.681667,-0.975735,-0.244025,-0.339092,-0.290306,-0.193783,-0.573269,-0.518852,-0.210871,-0.586596,-0.645169,-0.180928,-0.549861,-0.696779,-0.167457,-0.398477,-0.10962,-0.176989,-0.609842,-0.346999,-0.173594,-0.58075,-0.461545,-0.126258,-0.514665,-0.493799,-0.103428,-0.425569,0.024265,-0.161244,-0.582792,-0.180436,-0.151019,-0.560383,-0.271033,-0.112028,-0.508165,-0.287578,-0.08858,HELP
0.227016,0.144612,0.398307,0.396891,0.269923,0.545786,0.750085,0.84049,0.804039,0.234236,0.605777,0.814381,0.384736,0.577562,0.69062,0.534327,0.390484,0.35534,0.152017,0.252447,0.619061,0.290082,0.667072,0.845003,0.305077,0.27981,0.61069,0.312581,0.129728,0.705568,0.226759,0.724493,0.355898,0.574946,0.112249,0.808907,0.606181,0.208655,0.542464,0.520082,0.783402,0.766462,0.461417,0.755691,0.759309,0.277517,0.414341,0.492922,0.732623,0.558834,0.798238,0.116877,0.203402,0.808394,0.177161,0.143784,0.169211,0.601958,0.378766,0.248433,0.52195,0.17986,0.847843,0.423037,0.714729,0.369813,0.502195,0.582479,0.103,0.668759,0.550631,0.154829,0.568481,0.167521,0.864059,0.157004,0.486916,0.421292,0.813922,0.288885,0.33706,0.227706,0.183883,0.267543,0.383826,0.265534,0.176861,0.736929,0.574939,0.543135,0.85836,0.408597,0.14238,0.884548,0.49179,0.258543,0.713956,0.543013,0.279484,0.562098,0.89517,0.893056,0.692579,0.283461,0.749553,0.726617,0.149492,0.858234,0.739071,0.789839,0.87312,0.302471,0.41004,0.235228,0.200216,0.440224,0.62565,0.737548,0.683787,0.892452,0.60078,0.854743,0.66705,0.639959,0.894121,0.402668,HELP
0.842039,0.853571,0.687501,0.675841,0.427813,0.361006,0.868032,0.424788,0.575878,0.792941,0.41008,0.734678,0.728267,0.671183,0.566146,0.221516,0.498758,0.601764,0.499381,0.759314,0.431539,0.799387,0.281343,0.853759,0.772687,0.187524,0.411302,0.560228,0.307409,0.722051,0.116629,0.78033,0.252126,0.658165,0.219732,0.847777,0.398389,0.895125,0.474891,0.390889,0.193921,0.636348,0.875668,0.297745,0.741588,0.723077,0.154939,0.735571,0.490191,0.414498,0.606224,0.470347,0.635126,0.57126,0.21426,0.409225,0.258084,0.667915,0.295759,0.141708,0.402324,0.733457,0.431562,0.77295,0.305158,0.173226,0.373758,0.564139,0.260966,0.313633,0.856283,0.139185,0.623882,0.406082,0.67262,0.33419,0.524386,0.816485,0.808485,0.219345,0.234105,0.601521,0.761382,0.142161,0.145202,0.823958,0.329877,0.330197,0.364096,0.838834,0.809921,0.889903,0.704359,0.692512,0.326043,0.388227,0.560346,0.479715,0.80384,0.893487,0.550529,0.600041,0.446191,0.201536,0.398914,0.8782,0.152081,0.483987,0.868815,0.554104,0.747632,0.833086,0.453453,0.424349,0.336157,0.721549,0.608636,0.71304,0.734805,0.734439,0.307679,0.5555,0.235216,0.645251,0.661014,0.539929,HELP
0.0,0.0,0.0,0.203672,-0.312569,-0.041829,0.523938,-0.43681,-0.090258,0.794428,-0.375102,-0.1297,0.973876,-0.272589,-0.157857,0.391796,-0.426741,-0.226025,0.776866,-0.35794,-0.303,0.924823,-0.297528,-0.307141,1.0,-0.243949,-0.298095,0.34735,-0.135803,-0.244164,0.763416,-0.04458,-0.335501,0.798804,-0.052653,-0.315732,0.732053,-0.058474,-0.288161,0.311779,0.152477,-0.256357,0.699426,0.260642,-0.335955,0.724954,0.212842,-0.289181,0.654062,0.171538,-0.239081,0.288482,0.402005,-0.269195,0.609785,0.517118,-0.320535,0.679519,0.442963,-0.296886,0.65068,0.365156,-0.270846,0.0,0.0,0.0,0.0,0.0,0.0,0.0,0.0,0.0,0.0,0.0,0.0,0.0,0.0,0.0,0.0,0.0,0.0,0.0,0.0,0.0,0.0,0.0,0.0,0.0,0.0,0.0,0.0,0.0,0.0,0.0,0.0,0.0,0.0,0.0,0.0,0.0,0.0,0.0,0.0,0.0,0.0,0.0,0.0,0.0,0.0,0.0,0.0,0.0,0.0,0.0,0.0,0.0,0.0,0.0,0.0,0.0,0.0,0.0,0.0,0.0,0.0,0.0,HELP
0.3534,0.581208,0.174829,0.211292,0.128123,0.453769,0.220207,0.609288,0.74694,0.774828,0.779287,0.804713,0.617386,0.717879,0.309433,0.749004,0.570792,0.669506,0.489893,0.331095,0.268787,0.211335,0.107267,0.247556,0.619904,0.606573,0.263351,0.119983,0.83671,0.871904,0.336315,0.756949,0.731108,0.519109,0.175281,0.677953,0.893843,0.40239,0.469535,0.167583,0.776014,0.489425,0.2905,0.562708,0.440186,0.425387,0.303713,0.108349,0.387324,0.12472,0.803326,0.873073,0.667497,0.50381,0.282173,0.638689,0.337348,0.115855,0.328793,0.468998,0.516864,0.635689,0.267479,0.863259,0.539821,0.491919,0.546315,0.122359,0.282516,0.480109,0.465874,0.32041,0.595396,0.756004,0.88293,0.626824,0.114109,0.106651,0.434397,0.533724,0.866033,0.694903,0.804267,0.647094,0.118321,0.704697,0.182957,0.572367,0.108927,0.312857,0.856702,0.723887,0.155865,0.750721,0.851154,0.858159,0.135464,0.3481,0.773278,0.685112,0.486948,0.47952,0.308953,0.376258,0.588274,0.166472,0.100141,0.852853,0.869889,0.647304,0.483467,0.730538,0.203694,0.462464,0.591786,0.874242,0.709149,0.316609,0.507391,0.863722,0.898047,0.700627,0.409815,0.488772,0.888892,0.535608,HELP
0.0,0.0,0.0,-0.096662,0.12419,-0.052458,-0.109664,0.302169,-0.090867,-0.102732,0.447118,-0.122991,-0.064784,0.565224,-0.154448,0.125355,0.474647,-0.093502,0.206447,0.740482,-0.133573,0.212988,0.874243,-0.156269,0.211698,0.971367,-0.169015,0.227853,0.437801,-0.093057,0.297045,0.734243,-0.119236,0.295083,0.890742,-0.136951,0.27737,1.0,-0.153022,0.307802,0.372392,-0.095913,0.371812,0.646503,-0.116914,0.374092,0.816246,-0.138012,0.359497,0.941967,-0.158198,0.371336,0.287303,-0.101379,0.450641,0.481171,-0.123437,0.486719,0.611772,-0.13552,0.50479,0.715604,-0.145854,0.0,0.0,0.0,0.040474,-0.257527,0.011603,0.000229,-0.531308,0.007046,-0.050465,-0.737367,-0.003785,-0.051684,-0.893678,-0.01941,-0.03232,-0.609573,-0.028181,-0.158209,-0.822251,-0.073086,-0.242593,-0.926304,-0.104148,-0.308478,-1.0,-0.121759,-0.094432,-0.518827,-0.057589,-0.253066,-0.740884,-0.086133,-0.332427,-0.78124,-0.093775,-0.376777,-0.776364,-0.101008,-0.15718,-0.400186,-0.08661,-0.301561,-0.583976,-0.114484,-0.367964,-0.631653,-0.108281,-0.397647,-0.650239,-0.104752,-0.217427,-0.263053,-0.113773,-0.330656,-0.394264,-0.130518,-0.366467,-0.424379,-0.117341,-0.384165,-0.430793,-0.106293,HELP
0.174324,0.451449,0.229691,0.39108,0.230159,0.876135,0.277093,0.366242,0.761157,0.647408,0.275819,0.388759,0.417145,0.437503,0.185368,0.195003,0.694208,0.428228,0.844848,0.358026,0.552594,0.818633,0.362511,0.345406,0.773296,0.19105,0.369777,0.4437,0.474201,0.877313,0.40921,0.158622,0.694518,0.803261,0.336672,0.661113,0.777441,0.492579,0.792703,0.59986,0.526338,0.793165,0.432198,0.154253,0.36427,0.688221,0.358038,0.662796,0.329893,0.390819,0.244173,0.880034,0.313908,0.586998,0.105246,0.398047,0.248612,0.310159,0.708164,0.650554,0.610812,0.419595,0.276561,0.186734,0.673527,0.180313,0.472789,0.130552,0.560082,0.607984,0.350466,0.746891,0.163893,0.406432,0.651383,0.482491,0.368557,0.710008,0.464608,0.511418,0.392804,0.846084,0.416345,0.57431,0.206686,0.659488,0.390374,0.631477,0.87916,0.611468,0.755868,0.844323,0.860428,0.660149,0.143403,0.43277,0.492913,0.116967,0.251565,0.80913,0.135869,0.716859,0.439363,0.177357,0.140305,0.27684,0.24459,0.240406,0.51833,0.379955,0.339931,0.489393,0.724824,0.59205,0.624581,0.46333,0.86254,0.650754,0.659412,0.898865,0.497776,0.502161,0.858298,0.186021,0.258067,0.592591,HELP
0.0,0.0,0.0,-0.024307,-0.265795,-0.069077,-0.075531,-0.487158,-0.140232,-0.088363,-0.640756,-0.212593,-0.0928,-0.785636,-0.279989,-0.402067,-0.560193,-0.162941,-0.317358,-0.594571,-0.304173,-0.146295,-0.522003,-0.394893,-0.048176,-0.466801,-0.442486,-0.433613,-0.311062,-0.191092,-0.281652,-0.278509,-0.311659,-0.092863,-0.237975,-0.343787,0.004383,-0.228502,-0.360854,-0.403438,-0.05229,-0.22831,-0.236008,-0.00128,-0.343557,-0.073583,-0.007269,-0.334239,0.011292,-0.025976,-0.315446,-0.334953,0.176816,-0.271877,-0.198243,0.214364,-0.33576,-0.07298,0.17921,-0.31479,-0.005574,0.14039,-0.290747,0.0,0.0,0.0,-0.155118,-0.202423,0.007612,-0.405429,-0.294052,-0.015708,-0.604611,-0.276622,-0.042842,-0.727452,-0.171931,-0.08866,-0.508575,-0.410738,-0.102857,-0.780628,-0.19084,-0.168483,-0.903343,-0.009162,-0.213189,-0.977782,0.134441,-0.240296,-0.463086,-0.276808,-0.147009,-0.75731,-0.082565,-0.189525,-0.902591,0.080037,-0.215805,-1.0,0.224681,-0.242374,-0.412179,-0.095406,-0.184737,-0.694022,0.059042,-0.236276,-0.85445,0.180981,-0.25318,-0.960271,0.27753,-0.265883,-0.361428,0.125972,-0.217023,-0.605267,0.236945,-0.274814,-0.747974,0.303723,-0.281694,-0.849768,0.358284,-0.279866,HELP
0.0,0.0,0.0,0.161299,-0.128164,-0.009942,0.247966,-0.331908,-0.016308,0.315573,-0.466279,-0.03299,0.392796,-0.567691,-0.051368,0.167436,-0.571135,0.008065,0.205494,-0.780677,-0.045315,0.265766,-0.887884,-0.089703,0.326592,-0.973654,-0.120668,0.118239,-0.558646,-0.026721,0.151421,-0.790616,-0.078348,0.225915,-0.905334,-0.118841,0.29717,-1.0,-0.146883,0.069058,-0.511842,-0.070293,0.094168,-0.73545,-0.124676,0.165344,-0.844897,-0.152773,0.235195,-0.926532,-0.168359,0.024449,-0.436595,-0.116972,0.045062,-0.607016,-0.162656,0.10249,-0.699105,-0.181825,0.163104,-0.767304,-0.193476,0.0,0.0,0.0,-0.12164,-0.146423,-0.029349,-0.179286,-0.375837,-0.044557,-0.216355,-0.545824,-0.065315,-0.264426,-0.679637,-0.085937,-0.116538,-0.564923,0.003733,-0.143589,-0.765927,-0.042828,-0.175187,-0.891091,-0.088464,-0.216969,-1.0,-0.12288,-0.063507,-0.550755,-0.016396,-0.089702,-0.758684,-0.066082,-0.135769,-0.882272,-0.109043,-0.192331,-0.98143,-0.137375,-0.009007,-0.494654,-0.045772,-0.019862,-0.694203,-0.093338,-0.058708,-0.807236,-0.124627,-0.109215,-0.898743,-0.142758,0.044049,-0.404443,-0.079387,0.035244,-0.561631,-0.120804,0.006713,-0.662926,-0.141713,-0.028891,-0.74418,-0.154276,HELP
0.0,0.0,0.0,0.11953,0.240135,0.024088,0.138699,0.492679,0.045232,0.113273,0.668952,0.058546,0.084464,0.773473,0.070125,0.040328,0.524977,0.035079,0.014725,0.738966,0.036466,0.011046,0.859089,0.032665,0.01093,0.964315,0.027432,-0.068934,0.512736,0.01564,-0.117639,0.725893,0.013085,-0.137043,0.865513,-0.003141,-0.148517,1.0,-0.017721,-0.156373,0.48222,-0.003741,-0.204765,0.654923,-0.022386,-0.222586,0.767305,-0.051653,-0.223017,0.870591,-0.071622,-0.223032,0.444196,-0.018795,-0.301884,0.517328,-0.030634,-0.340921,0.567346,-0.040417,-0.362343,0.612424,-0.048102,0.0,0.0,0.0,-0.250981,-0.255339,0.045768,-0.521526,-0.456196,0.049553,-0.74509,-0.560342,0.037049,-0.913852,-0.586782,0.017016,-0.528074,-0.592786,-0.001583,-0.783159,-0.647272,-0.053478,-0.903916,-0.621413,-0.100119,-1.0,-0.609317,-0.136573,-0.499238,-0.532028,-0.061413,-0.732188,-0.570815,-0.091313,-0.828251,-0.550204,-0.121743,-0.903659,-0.537445,-0.155864,-0.465427,-0.385395,-0.119828,-0.668705,-0.439458,-0.168202,-0.756437,-0.416064,-0.20269,-0.817771,-0.380859,-0.23858,-0.427596,-0.164887,-0.17138,-0.543357,-0.04772,-0.238112,-0.620821,0.054438,-0.269744,-0.692078,0.171698,-0.293624,HELP
0.653102,0.299785,0.59001,0.891731,0.317239,0.628115,0.251584,0.56816,0.455941,0.273988,0.540484,0.424209,0.704786,0.78058,0.122462,0.329157,0.597518,0.602938,0.844307,0.756575,0.311556,0.517019,0.223155,0.201275,0.627586,0.282855,0.610546,0.268531,0.44677,0.420435,0.880647,0.834732,0.879708,0.590944,0.563615,0.791419,0.535857,0.324013,0.870681,0.333844,0.239691,0.160744,0.135091,0.77818,0.390947,0.872017,0.244918,0.463572,0.132637,0.572026,0.587117,0.829991,0.261974,0.414922,0.405802,0.722759,0.694943,0.716633,0.220151,0.354121,0.606922,0.82125,0.290365,0.545284,0.183022,0.396528,0.362551,0.450426,0.437348,0.800097,0.884321,0.866875,0.63593,0.180652,0.464801,0.255524,0.327088,0.64053,0.509194,0.195067,0.896868,0.781681,0.434385,0.607692,0.724365,0.407887,0.642859,0.853948,0.120802,0.56867,0.224111,0.2261,0.657423,0.533623,0.189245,0.151646,0.531635,0.732552,0.220792,0.770143,0.580094,0.549456,0.433597,0.509687,0.797554,0.170094,0.521469,0.861619,0.464841,0.516353,0.563886,0.790879,0.470666,0.868292,0.626757,0.214868,0.820439,0.623484,0.752436,0.331346,0.595687,0.633713,0.194544,0.588685,0.626308,0.739567,HELP
0.372762,0.892721,0.78768,0.132783,0.707846,0.753094,0.888489,0.319617,0.462081,0.299475,0.895555,0.275745,0.716972,0.551991,0.875008,0.771585,0.314939,0.399845,0.872733,0.567414,0.261634,0.802895,0.118047,0.369954,0.572828,0.623941,0.129619,0.810754,0.496088,0.289694,0.443477,0.110438,0.517239,0.790311,0.174451,0.197636,0.602743,0.267633,0.550691,0.280965,0.1249,0.703155,0.548177,0.195986,0.899403,0.367787,0.200006,0.725925,0.690134,0.689606,0.679809,0.813538,0.162112,0.715385,0.64969,0.31682,0.109612,0.72925,0.755212,0.462386,0.386389,0.436949,0.697044,0.733913,0.630687,0.548664,0.555355,0.258401,0.463309,0.792262,0.150933,0.303063,0.779787,0.823377,0.253917,0.685096,0.880628,0.295914,0.181337,0.801536,0.780103,0.13437,0.481972,0.547645,0.188508,0.584318,0.500153,0.515745,0.773028,0.573107,0.513728,0.194158,0.506711,0.501417,0.185306,0.725656,0.761425,0.430037,0.584226,0.227973,0.405334,0.378209,0.773837,0.385078,0.883315,0.696639,0.480599,0.835969,0.8344,0.823661,0.758976,0.799845,0.690167,0.78612,0.199399,0.878513,0.522628,0.294756,0.112382,0.627916,0.520104,0.533357,0.717544,0.703127,0.198033,0.532399,HELP
0.176663,0.520452,0.599324,0.651578,0.216058,0.620762,0.284965,0.63346,0.644287,0.569634,0.446841,0.761095,0.570492,0.523294,0.528666,0.434774,0.342784,0.288555,0.198625,0.140532,0.345639,0.336504,0.834239,0.819528,0.731182,0.76562,0.208801,0.100527,0.476338,0.786978,0.536771,0.622599,0.401228,0.804188,0.819216,0.228,0.320331,0.392655,0.80533,0.42244,0.643963,0.219374,0.821743,0.413976,0.72134,0.388849,0.623359,0.132886,0.808032,0.367856,0.635705,0.569474,0.785326,0.425664,0.245803,0.788717,0.825643,0.692679,0.880834,0.631213,0.269081,0.720179,0.293992,0.461345,0.129871,0.850394,0.854185,0.717515,0.822999,0.244495,0.858454,0.823096,0.827379,0.788917,0.439423,0.46432,0.451861,0.666756,0.79844,0.467313,0.112551,0.198745,0.182046,0.110736,0.147607,0.610879,0.70345,0.779215,0.616548,0.783907,0.159607,0.742667,0.121925,0.571254,0.892033,0.877636,0.719185,0.29519,0.32531,0.868252,0.832221,0.642917,0.309477,0.36861,0.622574,0.254323,0.482015,0.423348,0.464976,0.818163,0.161523,0.560235,0.519478,0.787413,0.799524,0.463884,0.327602,0.228414,0.727636,0.543016,0.378518,0.703393,0.561681,0.105653,0.808874,0.535539,HOME
0.814046,0.233559,0.178075,0.780658,0.513126,0.450392,0.140724,0.610483,0.25938,0.537582,0.110129,0.660281,0.127134,0.371487,0.195851,0.114417,0.667643,0.332659,0.319678,0.720524,0.697563,0.757194,0.764793,0.381164,0.328243,0.246094,0.261923,0.453422,0.729192,0.526607,0.127765,0.426113,0.485259,0.675746,0.78051,0.31412,0.151053,0.785845,0.476606,0.199267,0.471566,0.191625,0.831626,0.828519,0.406088,0.675204,0.481243,0.200526,0.842051,0.563883,0.528148,0.355915,0.58153,0.842387,0.640552,0.809172,0.169117,0.701214,0.304557,0.486972,0.354328,0.181155,0.120844,0.482037,0.230094,0.503521,0.469798,0.603117,0.123662,0.516806,0.16015,0.295768,0.263015,0.282715,0.115263,0.403784,0.81075,0.384252,0.698442,0.126478,0.800102,0.16845,0.738792,0.692437,0.639236,0.434706,0.407451,0.222214,0.759967,0.235361,0.347781,0.252845,0.857999,0.489278,0.26182,0.687472,0.777889,0.622031,0.344857,0.102698,0.544678,0.816915,0.748101,0.207331,0.603248,0.515357,0.239681,0.675552,0.745483,0.255627,0.404484,0.729642,0.389413,0.277359,0.284393,0.453179,0.653918,0.627713,0.5881,0.200938,0.169343,0.507286,0.6366,0.688513,0.396657,0.703832,HOME
0.407453,0.231756,0.174393,0.615563,0.691721,0.623376,0.583971,0.230203,0.561387,0.331421,0.750228,0.206144,0.873671,0.722973,0.887886,0.709434,0.72187,0.663224,0.107282,0.411965,0.800303,0.66084,0.590975,0.128698,0.254313,0.219783,0.710569,0.795164,0.555711,0.878131,0.443952,0.16571,0.384169,0.393257,0.880854,0.423026,0.840811,0.354601,0.817755,0.594607,0.48655,0.789343,0.526851,0.15834,0.120261,0.143208,0.186415,0.602212,0.614551,0.699109,0.274206,0.36639,0.182845,0.543926,0.785954,0.421281,0.607471,0.410339,0.396783,0.274762,0.767146,0.268214,0.892359,0.676406,0.328456,0.745757,0.814519,0.393717,0.392721,0.769445,0.384731,0.126486,0.59027,0.835102,0.640517,0.590159,0.306468,0.584677,0.715569,0.834091,0.825481,0.212582,0.458067,0.498736,0.407369,0.403469,0.441681,0.60374,0.789311,0.600541,0.296456,0.25137,0.45152,0.40993,0.757389,0.505464,0.837348,0.102099,0.19958,0.258457,0.252845,0.775684,0.438482,0.140062,0.614995,0.558448,0.775299,0.489392,0.112139,0.16587,0.41288,0.382528,0.388754,0.802943,0.495867,0.726813,0.675261,0.345498,0.442761,0.810181,0.493766,0.745701,0.391915,0.671874,0.291457,0.274777,HOME
0.189237,0.335947,0.860534,0.487474,0.126243,0.714683,0.249217,0.343552,0.305742,0.828967,0.479699,0.82355,0.225558,0.250249,0.563054,0.511997,0.661828,0.407204,0.628442,0.82412,0.407306,0.678061,0.784573,0.439377,0.160377,0.605184,0.452348,0.28812,0.300311,0.653618,0.476805,0.453252,0.192817,0.254431,0.430237,0.823918,0.758402,0.30373,0.268277,0.826613,0.128514,0.529756,0.315277,0.741144,0.351341,0.553542,0.267552,0.221467,0.231263,0.641689,0.748757,0.830695,0.157782,0.885937,0.240095,0.135727,0.464127,0.752841,0.307977,0.230489,0.518744,0.60141,0.221666,0.563539,0.481229,0.277892,0.654488,0.63234,0.232573,0.730151,0.630696,0.871276,0.628727,0.611923,0.339086,0.730885,0.611538,0.832991,0.806628,0.273791,0.631881,0.345239,0.212351,0.853801,0.708043,0.39628,0.525844,0.797814,0.310752,0.356408,0.176842,0.399374,0.248068,0.711842,0.701418,0.445549,0.714771,0.701827,0.56561,0.638452,0.376045,0.25404,0.827346,0.163972,0.557172,0.704973,0.802116,0.753317,0.193026,0.479189,0.379718,0.289185,0.655748,0.452337,0.231091,0.284691,0.693467,0.385821,0.867276,0.847851,0.13874,0.822912,0.493841,0.298082,0.186617,0.35129,HOME
0.418191,0.414124,0.13465,0.20283,0.148636,0.61417,0.873629,0.276141,0.385754,0.559422,0.196,0.612889,0.399273,0.868564,0.58377,0.540096,0.863985,0.39724,0.169179,0.340843,0.892005,0.646063,0.876866,0.826358,0.719139,0.455348,0.202303,0.406784,0.223611,0.661167,0.774895,0.59029,0.224245,0.255596,0.448566,0.473068,0.253706,0.826418,0.602584,0.489896,0.669391,0.767406,0.680189,0.618506,0.536339,0.531119,0.208255,0.85558,0.368488,0.292831,0.456419,0.294703,0.316278,0.729551,0.434847,0.807358,0.314684,0.776436,0.617917,0.885031,0.654469,0.134741,0.548584,0.368488,0.423239,0.452797,0.64993,0.185264,0.803689,0.642459,0.256109,0.296173,0.62556,0.548641,0.57946,0.766879,0.792436,0.867719,0.778785,0.139045,0.34484,0.495089,0.398853,0.56789,0.615562,0.622714,0.62072,0.257249,0.849712,0.282762,0.413505,0.386592,0.889182,0.755071,0.482212,0.699226,0.593869,0.259134,0.512728,0.811651,0.68558,0.326333,0.779599,0.539984,0.178754,0.216381,0.455424,0.547339,0.22718,0.300786,0.787821,0.726084,0.816388,0.19642,0.388814,0.374354,0.448255,0.673997,0.208875,0.569744,0.228426,0.361652,0.267486,0.599796,0.701966,0.38512,HOME
0.407922,0.823347,0.873854,0.578804,0.206553,0.868951,0.829802,0.717076,0.829501,0.87122,0.677911,0.529029,0.753221,0.35317,0.593391,0.469452,0.153579,0.56038,0.586852,0.280639,0.74954,0.637214,0.733965,0.32089,0.515928,0.180596,0.467967,0.589703,0.366006,0.343489,0.851113,0.27103,0.758434,0.675023,0.728302,0.323465,0.801048,0.85978,0.711944,0.505438,0.736586,0.362666,0.341266,0.856624,0.418934,0.102126,0.795213,0.68034,0.575448,0.313143,0.763188,0.481177,0.591042,0.851803,0.186735,0.789301,0.12007,0.361617,0.203669,0.877444,0.155259,0.766614,0.768826,0.76909,0.762461,0.337507,0.600941,0.554516,0.614095,0.563347,0.728081,0.157386,0.527156,0.647032,0.422616,0.55842,0.862457,0.722205,0.645947,0.149416,0.117948,0.173576,0.867286,0.151035,0.822855,0.738185,0.643694,0.363075,0.188242,0.49345,0.209698,0.740017,0.601475,0.836793,0.83806,0.429018,0.112134,0.527279,0.769984,0.205417,0.499438,0.383984,0.186087,0.685607,0.289649,0.143819,0.362928,0.588702,0.77297,0.471169,0.80226,0.375129,0.352679,0.161611,0.680297,0.383082,0.804536,0.53208,0.484552,0.683671,0.454467,0.166117,0.184605,0.211595,0.266888,0.646921,HOME
0.505592,0.129635,0.299049,0.131547,0.586695,0.312918,0.68537,0.192822,0.323898,0.135815,0.127664,0.426266,0.573122,0.713737,0.633486,0.734499,0.877754,0.652209,0.507398,0.409157,0.252064,0.328429,0.126326,0.525105,0.898147,0.240608,0.387003,0.547894,0.776218,0.423603,0.428413,0.89009,0.46377,0.251864,0.124239,0.702486,0.27148,0.465272,0.170759,0.155557,0.61045,0.299301,0.768936,0.725454,0.587663,0.548179,0.343211,0.666954,0.88241,0.77299,0.661841,0.674557,0.755724,0.681777,0.37261,0.713185,0.300351,0.326634,0.365181,0.321632,0.214221,0.833426,0.619437,0.722276,0.226289,0.164316,0.185,0.684737,0.588634,0.587032,0.249228,0.354359,0.256654,0.611106,0.850557,0.285567,0.253653,0.838885,0.869094,0.767789,0.272063,0.125155,0.359342,0.743566,0.311135,0.84248,0.898071,0.469546,0.312806,0.113327,0.162251,0.237442,0.108655,0.674118,0.718718,0.514824,0.277731,0.562011,0.777553,0.491576,0.89351,0.676763,0.402259,0.156618,0.170305,0.263001,0.760634,0.191996,0.274106,0.771508,0.485536,0.299816,0.20103,0.867121,0.260303,0.73721,0.899375,0.620483,0.847908,0.210973,0.202359,0.416225,0.629014,0.736485,0.522852,0.499957,HOME
0.702042,0.583703,0.227454,0.586407,0.3831,0.386688,0.218846,0.778534,0.718933,0.180045,0.149479,0.161121,0.115853,0.297939,0.722581,0.808291,0.584782,0.249873,0.82211,0.139823,0.195822,0.163516,0.785432,0.887453,0.318964,0.181389,0.140299,0.225493,0.27498,0.681708,0.779534,0.476748,0.186815,0.220553,0.519206,0.818665,0.686556,0.51157,0.892846,0.81322,0.701593,0.463472,0.784272,0.799227,0.840528,0.26356,0.678075,0.711084,0.593405,0.706567,0.86077,0.255903,0.856658,0.356032,0.561516,0.288519,0.603577,0.391059,0.263053,0.86508,0.676817,0.729432,0.121519,0.442802,0.376885,0.442451,0.136079,0.610826,0.869804,0.628532,0.684141,0.548283,0.686854,0.321108,0.522815,0.483458,0.333979,0.712585,0.423622,0.752607,0.72332,0.364806,0.594505,0.44828,0.64949,0.72965,0.236961,0.524304,0.724128,0.673962,0.212763,0.752708,0.864927,0.366342,0.892699,0.769554,0.797971,0.193629,0.425704,0.415337,0.406987,0.638659,0.402447,0.220182,0.176118,0.698123,0.707128,0.878745,0.201984,0.672392,0.130904,0.882878,0.112901,0.579365,0.576695,0.756135,0.221734,0.197414,0.756668,0.401662,0.345016,0.458209,0.106777,0.546632,0.853502,0.348779,HOSPITAL
0.645465,0.31714,0.897512,0.811808,0.893823,0.206954,0.394653,0.232788,0.507042,0.774534,0.484324,0.885854,0.260485,0.529071,0.32308,0.7211,0.17034,0.257573,0.39872,0.516101,0.720735,0.311332,0.897675,0.649825,0.145784,0.597752,0.131912,0.713866,0.673537,0.46713,0.45185,0.227922,0.510516,0.345678,0.466737,0.637446,0.269196,0.800175,0.353202,0.506109,0.543444,0.101788,0.335109,0.745383,0.822983,0.793978,0.151397,0.870161,0.188382,0.259893,0.182217,0.693112,0.139284,0.705596,0.115442,0.256785,0.376932,0.362291,0.70513,0.723488,0.602688,0.172087,0.60322,0.781113,0.218677,0.843225,0.4749,0.699899,0.204045,0.201151,0.600837,0.222422,0.785881,0.260432,0.200493,0.131983,0.389579,0.470905,0.100801,0.286831,0.21857,0.477605,0.627449,0.771751,0.295093,0.352769,0.352495,0.827247,0.408761,0.289871,0.665264,0.510822,0.289804,0.308792,0.849569,0.89557,0.464147,0.197739,0.454583,0.162165,0.560962,0.821953,0.693239,0.692584,0.147463,0.190479,0.390392,0.591805,0.281967,0.838961,0.246499,0.32438,0.184025,0.451408,0.785506,0.501742,0.527664,0.649702,0.731558,0.806269,0.487064,0.293406,0.140977,0.179424,0.295893,0.572645,HOSPITAL
0.690949,0.512819,0.623542,0.159009,0.552044,0.160037,0.273476,0.788225,0.417554,0.664736,0.635615,0.181936,0.894977,0.146321,0.685016,0.1168,0.893905,0.599949,0.674955,0.290772,0.594824,0.651697,0.827709,0.525497,0.544077,0.20158,0.742311,0.748678,0.50814,0.175551,0.121559,0.606104,0.786881,0.201406,0.835918,0.17074,0.746282,0.856484,0.590477,0.457793,0.441744,0.437778,0.676988,0.83349,0.640098,0.195337,0.495926,0.430911,0.280038,0.340063,0.728729,0.714969,0.752613,0.107282,0.796675,0.897537,0.355033,0.684177,0.422811,0.128812,0.153922,0.396058,0.82946,0.834619,0.515911,0.611343,0.524388,0.291293,0.40657,0.828676,0.598011,0.736388,0.226491,0.397974,0.195873,0.725142,0.721155,0.769537,0.583265,0.338897,0.643433,0.643819,0.203439,0.724779,0.487629,0.448659,0.666042,0.365817,0.81053,0.708968,0.635963,0.377095,0.791359,0.275939,0.837315,0.866152,0.589473,0.889122,0.410065,0.111124,0.623023,0.785016,0.461785,0.774983,0.451393,0.63263,0.598368,0.845434,0.16344,0.630885,0.88299,0.623958,0.389351,0.181945,0.504539,0.117765,0.248668,0.10898,0.189702,0.276992,0.845991,0.504884,0.547316,0.214742,0.521233,0.745369,HOSPITAL
0.13002,0.116629,0.453643,0.740959,0.252384,0.339511,0.23923,0.393571,0.411374,0.845516,0.894019,0.548412,0.664543,0.25672,0.376228,0.395421,0.547935,0.118857,0.159562,0.260425,0.341593,0.759097,0.558465,0.828191,0.132353,0.606169,0.823231,0.671921,0.365156,0.790747,0.575316,0.46674,0.885312,0.368659,0.188334,0.185194,0.182606,0.302195,0.271208,0.127353,0.230452,0.615748,0.376911,0.164749,0.43751,0.557526,0.609793,0.332896,0.865813,0.883782,0.247649,0.737464,0.306767,0.5551,0.306555,0.839845,0.763579,0.794195,0.721281,0.130181,0.83537,0.229484,0.602304,0.350154,0.139985,0.222417,0.521297,0.881086,0.880905,0.711166,0.344813,0.170536,0.547678,0.63331,0.236041,0.505807,0.531219,0.620706,0.379466,0.747504,0.346544,0.737221,0.620743,0.404724,0.383204,0.626023,0.603609,0.127041,0.606518,0.828824,0.665301,0.487035,0.824659,0.593845,0.789325,0.554281,0.520626,0.85376,0.272097,0.877557,0.799043,0.724475,0.736903,0.697538,0.402287,0.103725,0.600986,0.485755,0.736744,0.274006,0.479217,0.191337,0.374309,0.571347,0.417316,0.776856,0.838029,0.678025,0.45078,0.403694,0.275904,0.216211,0.326435,0.779765,0.226208,0.536581,HOSPITAL
0.718836,0.542341,0.259475,0.658545,0.362637,0.650988,0.775413,0.614727,0.224556,0.314239,0.770045,0.801913,0.281463,0.6795,0.596476,0.139945,0.502153,0.431606,0.225565,0.230742,0.848374,0.318153,0.709885,0.450415,0.526785,0.6888,0.375874,0.892587,0.227647,0.284137,0.671145,0.148633,0.631436,0.829191,0.669619,0.794104,0.228878,0.637644,0.797186,0.512334,0.316877,0.746955,0.866837,0.860944,0.322679,0.169747,0.729692,0.897284,0.629055,0.281448,0.308603,0.412935,0.125053,0.348324,0.711737,0.57378,0.617162,0.890645,0.419291,0.428095,0.262823,0.860779,0.631701,0.320658,0.489116,0.54804,0.460625,0.839825,0.542113,0.281722,0.233252,0.358553,0.203793,0.896199,0.379344,0.21758,0.649392,0.246978,0.714247,0.616369,0.744515,0.567963,0.269716,0.700661,0.397847,0.317083,0.801837,0.621646,0.782591,0.872671,0.393807,0.738404,0.606503,0.778629,0.59441,0.749245,0.478254,0.867031,0.368947,0.656532,0.120586,0.728984,0.785721,0.601522,0.736967,0.814041,0.271545,0.433484,0.497788,0.785571,0.828423,0.710175,0.194864,0.170126,0.126555,0.714583,0.37996,0.198836,0.411626,0.398306,0.483271,0.884657,0.625715,0.829607,0.823977,0.61308,HOSPITAL
0.13939,0.13856,0.5392,0.615775,0.248204,0.684772,0.382409,0.586063,0.429668,0.750389,0.5864,0.567692,0.501088,0.877839,0.786098,0.859911,0.487969,0.493228,0.571969,0.572201,0.16585,0.416596,0.247559,0.663619,0.361496,0.483745,0.174282,0.610871,0.10748,0.360558,0.515799,0.503568,0.857248,0.649932,0.710369,0.494783,0.3261,0.596808,0.899582,0.264089,0.485388,0.452156,0.328631,0.115002,0.707153,0.433904,0.293789,0.580534,0.691509,0.659215,0.28837,0.163908,0.185485,0.32936,0.875804,0.54913,0.194015,0.762288,0.692581,0.315997,0.474038,0.266126,0.475572,0.775335,0.738563,0.435744,0.205276,0.661864,0.647078,0.814125,0.308588,0.261215,0.334221,0.595313,0.852325,0.640576,0.386554,0.273917,0.172938,0.609398,0.525008,0.601356,0.541277,0.168008,0.545049,0.235957,0.231344,0.616484,0.520396,0.175926,0.640469,0.177721,0.651203,0.830408,0.82563,0.424874,0.676913,0.523869,0.725102,0.400049,0.835217,0.467646,0.886936,0.365527,0.440371,0.777106,0.637425,0.857585,0.602302,0.255025,0.590067,0.290013,0.876608,0.764939,0.595408,0.719003,0.755108,0.288403,0.563357,0.326339,0.469406,0.571591,0.632702,0.693918,0.656536,0.239791,HOSPITAL
0.837263,0.692442,0.433407,0.555306,0.499563,0.571775,0.450553,0.474276,0.528989,0.614716,0.249129,0.25617,0.722324,0.882736,0.738544,0.229351,0.438473,0.420904,0.146295,0.215108,0.854533,0.390503,0.111509,0.757574,0.872152,0.578672,0.898277,0.863111,0.650458,0.129373,0.582234,0.881722,0.427772,0.508244,0.825064,0.421164,0.382441,0.417141,0.206393,0.84641,0.817684,0.837765,0.648973,0.604761,0.470713,0.78468,0.286535,0.120132,0.20364,0.566592,0.422949,0.106151,0.524115,0.428376,0.655922,0.759673,0.389016,0.830855,0.109751,0.684933,0.215973,0.848857,0.25998,0.843693,0.583825,0.722465,0.847613,0.675829,0.452782,0.398749,0.462631,0.794382,0.347302,0.127577,0.809433,0.750825,0.752471,0.278238,0.17146,0.691401,0.575094,0.720624,0.300538,0.298755,0.289785,0.227566,0.400641,0.573989,0.1927,0.833184,0.455988,0.400162,0.196335,0.855724,0.704974,0.780899,0.129821,0.501147,0.23909,0.341804,0.161362,0.376007,0.462971,0.384301,0.72219,0.492286,0.616548,0.73811,0.747315,0.75455,0.149005,0.114165,0.665059,0.696544,0.433193,0.466853,0.449509,0.808888,0.23269,0.63214,0.622312,0.733111,0.588986,0.117741,0.794031,0.202472,HOSPITAL
0.634853,0.416685,0.216092,0.187695,0.27873,0.704692,0.64095,0.788773,0.223007,0.654742,0.688609,0.428081,0.550288,0.483146,0.483468,0.59359,0.617749,0.891572,0.156542,0.369364,0.105748,0.251806,0.798427,0.216759,0.333309,0.6928,0.406129,0.256781,0.752947,0.226113,0.551068,0.212432,0.719488,0.864331,0.869319,0.513939,0.149096,0.299251,0.332925,0.19847,0.440492,0.639181,0.164581,0.825028,0.663702,0.675722,0.130066,0.767733,0.467019,0.154003,0.613242,0.882005,0.659082,0.837231,0.626424,0.303125,0.157971,0.394622,0.259691,0.832608,0.142098,0.617146,0.102716,0.242617,0.740653,0.482634,0.223356,0.862015,0.770498,0.282518,0.386382,0.829611,0.369034,0.749497,0.261247,0.73336,0.403478,0.418629,0.265932,0.494072,0.849227,0.23551,0.124454,0.546436,0.21045,0.166947,0.750218,0.522953,0.658992,0.396221,0.695123,0.386453,0.495266,0.460862,0.151617,0.517859,0.35373,0.590441,0.382366,0.112907,0.126925,0.53651,0.103057,0.4982,0.646194,0.616627,0.150609,0.104629,0.878625,0.148576,0.809718,0.73613,0.115339,0.164671,0.271981,0.433592,0.515708,0.317699,0.268564,0.255616,0.772202,0.481225,0.316374,0.706784,0.472888,0.204792,HOW_ARE_YOU
0.834288,0.779222,0.690589,0.204028,0.121705,0.590863,0.285175,0.819139,0.616157,0.376546,0.385182,0.323581,0.314496,0.179005,0.584846,0.800188,0.843992,0.675476,0.89583,0.75969,0.65343,0.248076,0.401208,0.473566,0.477133,0.516673,0.648811,0.700845,0.8817,0.40128,0.53338,0.392983,0.168814,0.113811,0.159559,0.835095,0.78312,0.104183,0.285403,0.26557,0.244471,0.69479,0.887303,0.20442,0.849545,0.74687,0.608184,0.468162,0.831609,0.671309,0.199866,0.264507,0.510363,0.582471,0.310182,0.79464,0.355729,0.813914,0.483549,0.522401,0.770244,0.590758,0.854342,0.824462,0.774126,0.53588,0.279111,0.407716,0.364458,0.614082,0.422819,0.797252,0.825497,0.131343,0.666278,0.318149,0.781984,0.407005,0.236809,0.40132,0.54006,0.666418,0.854771,0.444387,0.848183,0.144509,0.499572,0.241944,0.271401,0.641548,0.583979,0.521959,0.897794,0.848096,0.790074,0.407093,0.434911,0.852584,0.759118,0.146077,0.598479,0.158909,0.565216,0.255834,0.501904,0.672674,0.263818,0.151847,0.379668,0.458961,0.598667,0.236525,0.14201,0.893917,0.130986,0.17397,0.532321,0.158616,0.466585,0.719165,0.819989,0.289916,0.887168,0.591964,0.880442,0.169262,HOW_ARE_YOU
0.450405,0.777458,0.682063,0.312734,0.410654,0.753689,0.217042,0.859013,0.266244,0.687859,0.65615,0.541911,0.567883,0.529727,0.856097,0.712569,0.58511,0.480593,0.787726,0.401508,0.441946,0.408773,0.375662,0.652609,0.219946,0.722924,0.298043,0.322337,0.694234,0.27981,0.128575,0.186344,0.489174,0.270147,0.19149,0.682671,0.502583,0.809161,0.854374,0.855289,0.321411,0.885734,0.347356,0.301575,0.107494,0.612583,0.232549,0.557947,0.237513,0.304912,0.110698,0.783602,0.612743,0.571136,0.78471,0.431777,0.116914,0.514908,0.381325,0.442585,0.10315,0.627098,0.100213,0.262275,0.104549,0.282411,0.4864,0.263844,0.458213,0.205756,0.243776,0.18837,0.695153,0.198827,0.218002,0.567859,0.313929,0.496917,0.59744,0.323463,0.596204,0.307632,0.635182,0.852677,0.202455,0.274204,0.142862,0.18275,0.520387,0.804758,0.177629,0.273745,0.191416,0.828566,0.660058,0.746201,0.423578,0.643093,0.826776,0.860872,0.591312,0.41991,0.841419,0.195245,0.630941,0.534413,0.615072,0.368374,0.440531,0.849363,0.55295,0.71474,0.179296,0.175451,0.245786,0.582575,0.533111,0.704844,0.404258,0.208836,0.187042,0.153695,0.497528,0.229759,0.4793,0.115526,HOW_ARE_YOU
0.623967,0.127635,0.485661,0.865273,0.525881,0.290168,0.835442,0.580488,0.599807,0.330263,0.444038,0.780207,0.132411,0.576107,0.805576,0.176454,0.155934,0.872933,0.407647,0.131163,0.355439,0.827644,0.420303,0.65766,0.701234,0.871767,0.553734,0.253473,0.720905,0.710941,0.390503,0.268858,0.408387,0.568864,0.176961,0.275407,0.273999,0.752115,0.171691,0.801122,0.145326,0.466177,0.470331,0.339934,0.498145,0.290451,0.71757,0.452238,0.526589,0.155382,0.401169,0.705071,0.493168,0.576257,0.160009,0.301771,0.583439,0.644646,0.311567,0.892025,0.437557,0.601066,0.476504,0.463201,0.512943,0.204973,0.711498,0.368591,0.643608,0.831471,0.217115,0.362508,0.558307,0.661924,0.267796,0.122884,0.841176,0.567285,0.54743,0.317718,0.672494,0.345445,0.102519,0.343045,0.275498,0.54537,0.855361,0.736002,0.258065,0.491083,0.441145,0.499064,0.182999,0.777405,0.475916,0.296049,0.889465,0.741125,0.614778,0.49034,0.624326,0.809884,0.684717,0.773429,0.849073,0.367356,0.532388,0.121277,0.494727,0.627694,0.200045,0.766867,0.198914,0.525347,0.542507,0.757603,0.525548,0.218965,0.770924,0.80908,0.69368,0.355524,0.3802,0.46336,0.409471,0.243373,HOW_ARE_YOU
0.132977,0.673494,0.706002,0.384594,0.256842,0.581325,0.710562,0.56189,0.414625,0.423729,0.495755,0.393455,0.121101,0.470731,0.583473,0.79868,0.433821,0.375317,0.229248,0.632479,0.487285,0.363056,0.523813,0.180225,0.148322,0.525841,0.151937,0.623544,0.559696,0.132901,0.402909,0.193174,0.191895,0.210582,0.50445,0.500151,0.305405,0.874503,0.470262,0.636711,0.854358,0.105035,0.853862,0.167848,0.51583,0.892098,0.187212,0.62866,0.407381,0.681848,0.420433,0.209294,0.287675,0.899684,0.277722,0.725442,0.691832,0.44344,0.494962,0.121455,0.100492,0.237452,0.871179,0.799549,0.844381,0.591124,0.425233,0.633483,0.223816,0.232609,0.161498,0.522142,0.32685,0.517851,0.597027,0.884217,0.207193,0.730801,0.799576,0.772508,0.119872,0.147886,0.51337,0.551593,0.102385,0.521405,0.652942,0.154021,0.873956,0.707752,0.352005,0.278194,0.164392,0.158385,0.227778,0.214777,0.531369,0.166129,0.542393,0.38133,0.13701,0.338465,0.292435,0.532012,0.467136,0.136522,0.230217,0.359281,0.855537,0.854447,0.708903,0.707293,0.814788,0.26667,0.693237,0.566147,0.234181,0.594978,0.648256,0.802814,0.799115,0.426067,0.84824,0.889054,0.710779,0.87056,HOW_ARE_YOU
0.439059,0.213126,0.626115,0.478708,0.49352,0.639984,0.603151,0.617925,0.565416,0.754861,0.221354,0.406894,0.593233,0.733249,0.595807,0.382647,0.448549,0.594155,0.209618,0.616029,0.118145,0.620788,0.490952,0.205045,0.229975,0.825604,0.248438,0.56286,0.239685,0.816039,0.710803,0.65075,0.835887,0.519109,0.608303,0.824917,0.392632,0.291938,0.226061,0.861857,0.120198,0.651795,0.212059,0.288007,0.691184,0.63187,0.553441,0.685172,0.276399,0.714882,0.770254,0.833218,0.305703,0.56757,0.23927,0.425954,0.228188,0.222432,0.881408,0.360417,0.456761,0.332119,0.895609,0.47742,0.745428,0.176945,0.446128,0.483254,0.244656,0.742404,0.295861,0.482324,0.566246,0.189252,0.165305,0.873151,0.842355,0.369366,0.327651,0.635326,0.163217,0.445071,0.619596,0.150791,0.31733,0.745282,0.746461,0.543681,0.487429,0.566102,0.302531,0.562065,0.553717,0.266141,0.588182,0.812961,0.430585,0.171931,0.113045,0.277534,0.830425,0.413735,0.608794,0.563073,0.216529,0.525403,0.127933,0.54718,0.839718,0.149165,0.2189,0.459849,0.10424,0.683484,0.628963,0.48316,0.593724,0.556416,0.364796,0.449896,0.239899,0.434526,0.522138,0.310895,0.344519,0.169373,HOW_ARE_YOU
0.212623,0.455916,0.852646,0.370421,0.704164,0.367883,0.618826,0.713555,0.171046,0.142262,0.47276,0.811633,0.768878,0.213611,0.750973,0.283495,0.831383,0.754972,0.511358,0.519558,0.385366,0.456223,0.797358,0.831953,0.592122,0.100704,0.797645,0.103433,0.436586,0.275595,0.424526,0.223307,0.267858,0.720312,0.820824,0.517816,0.82096,0.851063,0.538671,0.173268,0.728733,0.849932,0.510561,0.883122,0.621031,0.880383,0.122651,0.470558,0.303049,0.544631,0.320763,0.5594,0.108701,0.10527,0.661969,0.215746,0.738477,0.484168,0.539834,0.791641,0.422917,0.489176,0.438309,0.337475,0.345705,0.178313,0.30887,0.242103,0.255257,0.805699,0.592665,0.18925,0.389308,0.64083,0.540775,0.559482,0.657629,0.838204,0.827314,0.347649,0.598374,0.359457,0.326379,0.71767,0.359912,0.746214,0.209657,0.446797,0.439446,0.643614,0.758915,0.81653,0.250609,0.374929,0.781482,0.111236,0.635173,0.466336,0.142142,0.629473,0.138094,0.761373,0.575701,0.478795,0.427571,0.849218,0.474872,0.245172,0.687577,0.631187,0.311158,0.209719,0.168946,0.742017,0.731382,0.225883,0.774413,0.251961,0.757885,0.218227,0.155526,0.313678,0.524672,0.210107,0.318907,0.648226,HOW_ARE_YOU
0.269856,0.200466,0.326528,0.640286,0.668548,0.102703,0.540605,0.850637,0.487804,0.751793,0.250731,0.556547,0.414223,0.198952,0.111327,0.177401,0.446909,0.461867,0.108971,0.363036,0.843199,0.669578,0.809814,0.235544,0.477418,0.348127,0.610196,0.21099,0.313858,0.597239,0.679649,0.330186,0.51772,0.269133,0.349462,0.724952,0.393626,0.662014,0.541967,0.341426,0.875386,0.509984,0.617479,0.134586,0.56095,0.200149,0.238109,0.278218,0.651066,0.768182,0.237203,0.128157,0.688943,0.545828,0.664359,0.133578,0.380495,0.689922,0.869414,0.589888,0.803037,0.829883,0.259086,0.741732,0.466238,0.669384,0.398701,0.410968,0.497231,0.490342,0.613366,0.220914,0.617461,0.638939,0.825791,0.403241,0.264751,0.396612,0.463249,0.617261,0.712695,0.757183,0.190137,0.696411,0.628352,0.271248,0.488858,0.780161,0.570791,0.861366,0.891988,0.104163,0.139458,0.881876,0.402597,0.746466,0.195188,0.401208,0.423137,0.695708,0.625544,0.723522,0.783381,0.743576,0.736506,0.220155,0.590662,0.213209,0.859851,0.302523,0.13334,0.230149,0.597605,0.287008,0.817711,0.782434,0.258266,0.263061,0.426244,0.37271,0.699415,0.59564,0.67666,0.123787,0.723586,0.831442,I_LOVE_YOU
0.693071,0.131948,0.440265,0.360715,0.719838,0.421181,0.150911,0.860423,0.300161,0.866262,0.600476,0.510121,0.146016,0.874053,0.299559,0.551823,0.232029,0.175405,0.334733,0.639231,0.20939,0.163629,0.487611,0.191041,0.742144,0.147511,0.779339,0.842609,0.625946,0.683949,0.832189,0.609108,0.198397,0.219297,0.613075,0.369988,0.709049,0.369364,0.394411,0.452212,0.78365,0.746133,0.836221,0.593177,0.295581,0.211482,0.510592,0.825567,0.558449,0.464131,0.27664,0.186708,0.65756,0.317864,0.340682,0.434336,0.337064,0.338207,0.815543,0.583956,0.821068,0.894712,0.236109,0.667829,0.504633,0.222138,0.716233,0.321581,0.464204,0.537281,0.772612,0.669102,0.604704,0.445294,0.599759,0.714302,0.419565,0.561606,0.161549,0.272182,0.873907,0.543426,0.762768,0.423162,0.621297,0.359389,0.741286,0.498535,0.652072,0.269176,0.647995,0.249039,0.489824,0.719871,0.19277,0.424134,0.743139,0.226191,0.549392,0.58877,0.521391,0.112515,0.893556,0.705822,0.440629,0.378333,0.241394,0.546111,0.116689,0.67893,0.791875,0.837411,0.372378,0.736936,0.300605,0.328919,0.137544,0.696088,0.432254,0.117091,0.277438,0.482882,0.300545,0.217907,0.658511,0.293561,I_LOVE_YOU
0.400046,0.639061,0.159169,0.186373,0.218093,0.787011,0.895405,0.727839,0.235359,0.164356,0.870387,0.235023,0.799448,0.41865,0.737939,0.790681,0.32087,0.671601,0.734093,0.636453,0.429783,0.85947,0.249754,0.749824,0.601192,0.523058,0.302787,0.640049,0.615516,0.612338,0.745795,0.410287,0.637025,0.414441,0.434864,0.490861,0.163286,0.717381,0.574785,0.155902,0.6954,0.116692,0.499711,0.503768,0.84535,0.859803,0.542767,0.286981,0.285917,0.824891,0.737493,0.30511,0.502037,0.635506,0.239896,0.557435,0.238217,0.703977,0.601359,0.466155,0.190876,0.151882,0.418848,0.526148,0.293426,0.428937,0.751716,0.386727,0.504837,0.396832,0.23897,0.51094,0.178788,0.273484,0.793049,0.69528,0.757967,0.341518,0.467285,0.146982,0.626551,0.127164,0.355361,0.282065,0.803742,0.65258,0.740069,0.23251,0.385244,0.413905,0.485365,0.47084,0.27623,0.229292,0.77225,0.763339,0.421389,0.738484,0.236593,0.463744,0.807984,0.329379,0.777457,0.182791,0.498011,0.588687,0.606376,0.288006,0.383971,0.46537,0.484807,0.668995,0.607141,0.175692,0.56263,0.763647,0.278213,0.542753,0.205753,0.829707,0.772291,0.307704,0.488316,0.471891,0.207085,0.576109,I_LOVE_YOU
0.634983,0.280799,0.787439,0.332315,0.218573,0.109639,0.720923,0.423789,0.784768,0.531028,0.507752,0.400605,0.237671,0.222221,0.839311,0.12834,0.777332,0.610343,0.4995,0.87561,0.624594,0.651368,0.679093,0.444498,0.253174,0.735037,0.87344,0.1819,0.360463,0.211731,0.762378,0.85436,0.460301,0.555064,0.516091,0.897857,0.277082,0.743428,0.714003,0.585692,0.415181,0.864308,0.685056,0.381304,0.539977,0.6355,0.850144,0.594883,0.119979,0.14149,0.265914,0.26003,0.772359,0.70307,0.669106,0.212154,0.543466,0.858876,0.178654,0.603759,0.583941,0.546718,0.539323,0.763499,0.420168,0.118436,0.422925,0.645774,0.888198,0.807508,0.172435,0.631298,0.337781,0.845713,0.725097,0.230591,0.375276,0.71122,0.582877,0.305815,0.550245,0.539552,0.808809,0.198741,0.404517,0.583088,0.174886,0.275572,0.100505,0.47374,0.578896,0.178738,0.300502,0.290753,0.348907,0.515108,0.134312,0.466501,0.682609,0.859553,0.381704,0.641805,0.11037,0.697119,0.469413,0.508971,0.70298,0.289151,0.720595,0.171809,0.139202,0.555952,0.699871,0.220176,0.626849,0.541398,0.25726,0.57175,0.404033,0.737067,0.624119,0.336071,0.225439,0.14822,0.468046,0.398255,I_LOVE_YOU
0.683362,0.370704,0.5282,0.174977,0.679496,0.282098,0.585953,0.892402,0.458055,0.687169,0.166156,0.523992,0.890468,0.167209,0.654996,0.486953,0.626106,0.601369,0.57696,0.267132,0.1127,0.499865,0.351016,0.654407,0.384179,0.190415,0.256463,0.143145,0.576906,0.277019,0.290894,0.641686,0.412781,0.562878,0.814873,0.183426,0.142852,0.533561,0.657531,0.398628,0.182814,0.520066,0.741692,0.105565,0.144154,0.78048,0.152976,0.289335,0.181831,0.894779,0.533926,0.500064,0.427024,0.252276,0.118265,0.584543,0.244082,0.588696,0.809647,0.453288,0.254629,0.259124,0.391363,0.163511,0.518853,0.264435,0.185421,0.36957,0.873462,0.272529,0.217881,0.41156,0.835565,0.382431,0.578726,0.644556,0.137855,0.50335,0.469304,0.224859,0.832726,0.537703,0.239761,0.513092,0.88917,0.855532,0.606068,0.155933,0.820187,0.816051,0.18126,0.843295,0.372857,0.118969,0.380718,0.606108,0.527493,0.276563,0.349863,0.256193,0.448112,0.534193,0.801187,0.850417,0.625374,0.222852,0.185199,0.572212,0.814123,0.569761,0.658112,0.679677,0.703907,0.739091,0.134792,0.553882,0.32453,0.365266,0.246323,0.520003,0.277834,0.394265,0.72908,0.879451,0.311185,0.827508,I_LOVE_YOU
0.140686,0.481361,0.349314,0.821308,0.496021,0.498588,0.829476,0.86538,0.376053,0.85219,0.289344,0.695851,0.34035,0.708549,0.848712,0.830131,0.756057,0.561247,0.73943,0.636716,0.221265,0.561119,0.663835,0.346388,0.521658,0.619654,0.561951,0.711045,0.355116,0.365663,0.788141,0.432497,0.102439,0.314704,0.229163,0.168833,0.29825,0.707748,0.808768,0.199189,0.286282,0.190105,0.598101,0.873753,0.104475,0.297784,0.413123,0.13346,0.87982,0.360921,0.389326,0.45101,0.621366,0.452765,0.333091,0.324931,0.384146,0.689017,0.382961,0.880616,0.795731,0.33974,0.252575,0.739554,0.828283,0.562985,0.478635,0.770401,0.797304,0.749751,0.282627,0.721338,0.211149,0.120666,0.808977,0.173939,0.247567,0.588574,0.813822,0.474086,0.704969,0.524215,0.788522,0.805373,0.641016,0.568545,0.408162,0.51842,0.330018,0.666866,0.697042,0.496406,0.323673,0.272789,0.293242,0.479076,0.143391,0.218607,0.58573,0.314215,0.574172,0.493265,0.413635,0.417033,0.447192,0.26258,0.7972,0.440547,0.295972,0.142392,0.75719,0.714535,0.623528,0.70442,0.491525,0.563178,0.108375,0.669204,0.683534,0.462499,0.231869,0.430781,0.705957,0.554581,0.425897,0.289992,I_LOVE_YOU
0.245899,0.565193,0.57588,0.394114,0.34203,0.542592,0.673633,0.444925,0.465536,0.145042,0.365664,0.296225,0.462404,0.604238,0.39698,0.354125,0.281447,0.533684,0.141603,0.721404,0.157671,0.613529,0.451639,0.686052,0.414679,0.635432,0.539109,0.850471,0.170198,0.271885,0.757291,0.530351,0.493594,0.750853,0.180486,0.554297,0.877273,0.592643,0.502676,0.486035,0.789276,0.491626,0.363201,0.715749,0.821794,0.812135,0.474952,0.496522,0.733176,0.694708,0.677606,0.49816,0.356988,0.460324,0.466671,0.126515,0.382248,0.216872,0.100926,0.290153,0.107223,0.317323,0.420873,0.834382,0.435729,0.117813,0.179842,0.693458,0.860436,0.125836,0.194661,0.480716,0.639486,0.812331,0.316562,0.898329,0.816189,0.829211,0.674217,0.502363,0.605468,0.716193,0.168524,0.436867,0.626969,0.157729,0.640895,0.267734,0.413189,0.52983,0.333524,0.13044,0.154771,0.256042,0.523018,0.566375,0.426082,0.359512,0.550537,0.295776,0.687159,0.847445,0.135165,0.874733,0.313456,0.143894,0.453905,0.881191,0.624573,0.64263,0.630282,0.351323,0.588755,0.100208,0.132822,0.241086,0.151518,0.674808,0.638897,0.779529,0.279512,0.521246,0.42433,0.504723,0.169269,0.667732,I_LOVE_YOU
0.581392,0.702484,0.693972,0.549126,0.645972,0.433888,0.497221,0.743256,0.287264,0.299997,0.814429,0.536705,0.733428,0.748675,0.743437,0.308616,0.618025,0.18101,0.589109,0.740543,0.179583,0.479573,0.319632,0.787717,0.148638,0.703182,0.88683,0.595218,0.845654,0.26001,0.731135,0.728012,0.705905,0.383892,0.8383,0.499599,0.152908,0.360071,0.723007,0.770048,0.218182,0.72282,0.1866,0.374512,0.683722,0.884626,0.45378,0.506869,0.663308,0.629646,0.79319,0.761157,0.574248,0.477165,0.124078,0.309733,0.763783,0.683088,0.524232,0.486624,0.510226,0.569625,0.313962,0.883111,0.661747,0.671691,0.757084,0.540269,0.59468,0.638841,0.289607,0.120622,0.569831,0.505203,0.3869,0.873459,0.640951,0.617428,0.159471,0.682928,0.212058,0.372539,0.616504,0.522672,0.668453,0.27752,0.712323,0.772353,0.872199,0.102223,0.897181,0.117986,0.795716,0.166724,0.580857,0.278592,0.718194,0.542036,0.309133,0.40495,0.392129,0.711065,0.358689,0.528922,0.406494,0.200876,0.603767,0.187446,0.419906,0.439759,0.201022,0.272074,0.454829,0.49489,0.698949,0.706467,0.760808,0.734785,0.684717,0.882599,0.640731,0.746579,0.224725,0.765661,0.360757,0.334319,MONEY
0.167158,0.681424,0.540724,0.346317,0.608225,0.327013,0.869562,0.868655,0.597717,0.675673,0.223123,0.278908,0.271796,0.841212,0.718477,0.805826,0.486359,0.455133,0.769713,0.547837,0.508183,0.116317,0.474022,0.298593,0.606405,0.746479,0.713015,0.268934,0.519145,0.83045,0.380424,0.20192,0.512082,0.122555,0.55223,0.435785,0.742183,0.230727,0.711975,0.742802,0.727343,0.855744,0.107941,0.498583,0.50653,0.580421,0.714892,0.628609,0.520877,0.39546,0.788653,0.333204,0.286032,0.607268,0.485871,0.132177,0.806416,0.427915,0.749474,0.287474,0.17404,0.223329,0.816984,0.737103,0.269579,0.533323,0.684097,0.480776,0.466827,0.141958,0.690369,0.112737,0.586485,0.382304,0.803757,0.714239,0.513506,0.299077,0.743976,0.59905,0.438342,0.822055,0.144773,0.33979,0.224375,0.34192,0.187771,0.288181,0.24839,0.669358,0.80995,0.47495,0.126932,0.339353,0.660861,0.670719,0.201014,0.642124,0.242849,0.531151,0.583746,0.679859,0.233224,0.890265,0.614399,0.543985,0.603316,0.366347,0.170595,0.405322,0.468933,0.203066,0.401167,0.764318,0.850516,0.450353,0.435837,0.72096,0.767025,0.471624,0.204566,0.196646,0.300531,0.897613,0.464571,0.785955,MONEY
0.790121,0.669305,0.361505,0.866048,0.787177,0.22548,0.140704,0.865553,0.289013,0.757652,0.162108,0.832774,0.289443,0.333387,0.409763,0.466316,0.233435,0.686334,0.298265,0.590271,0.400275,0.747156,0.585908,0.487656,0.67559,0.182129,0.155966,0.342283,0.615489,0.337118,0.872955,0.716352,0.148349,0.699479,0.163193,0.681549,0.867314,0.60816,0.839822,0.216846,0.51194,0.661427,0.454354,0.787452,0.129622,0.629386,0.722936,0.541404,0.438966,0.262051,0.171792,0.13707,0.18591,0.223205,0.844045,0.289486,0.614768,0.494472,0.420008,0.335223,0.603078,0.818803,0.269106,0.622403,0.71875,0.431927,0.318541,0.384059,0.516813,0.488889,0.359918,0.278384,0.303955,0.682923,0.253725,0.607496,0.809991,0.302694,0.812842,0.450405,0.251024,0.404078,0.219112,0.286416,0.67231,0.85867,0.544451,0.488731,0.226633,0.739608,0.139653,0.823424,0.885054,0.599656,0.367781,0.702228,0.786202,0.137158,0.288811,0.391499,0.29987,0.795615,0.488572,0.864568,0.579162,0.715409,0.351772,0.537531,0.350635,0.600992,0.704847,0.511276,0.361436,0.585074,0.457096,0.114776,0.299173,0.11369,0.818935,0.157483,0.805426,0.713799,0.325788,0.241467,0.707175,0.369346,MONEY
0.333184,0.450125,0.893412,0.209564,0.713785,0.535597,0.331911,0.410889,0.343692,0.634538,0.199745,0.561087,0.656462,0.494273,0.229975,0.189741,0.207825,0.275285,0.796527,0.159251,0.681734,0.896958,0.545441,0.669588,0.199386,0.869992,0.122341,0.57215,0.614549,0.571406,0.487166,0.201534,0.473742,0.725879,0.530437,0.498665,0.479957,0.760961,0.576687,0.887844,0.138169,0.286088,0.764801,0.852989,0.747779,0.867622,0.454016,0.447714,0.150973,0.498521,0.447174,0.471785,0.758665,0.224455,0.110221,0.522715,0.418956,0.692073,0.108152,0.301265,0.247811,0.428174,0.775811,0.772223,0.839838,0.436437,0.736767,0.453712,0.441936,0.857544,0.270701,0.388599,0.879199,0.659625,0.591576,0.702845,0.185159,0.151504,0.576346,0.623075,0.274092,0.169534,0.768713,0.331901,0.309136,0.895609,0.139092,0.689266,0.691134,0.150149,0.299011,0.764072,0.388715,0.75115,0.575183,0.415539,0.843416,0.511275,0.896457,0.356635,0.808445,0.501202,0.833735,0.391675,0.170046,0.79909,0.64014,0.419004,0.241077,0.505688,0.656048,0.821248,0.83251,0.613075,0.493456,0.494769,0.280658,0.198783,0.148007,0.763204,0.45933,0.135276,0.487328,0.357303,0.217617,0.411995,MONEY
0.679328,0.439258,0.850673,0.217021,0.598925,0.858939,0.674245,0.895974,0.728943,0.66471,0.612038,0.167719,0.81005,0.429679,0.653779,0.460477,0.891013,0.169537,0.419919,0.720483,0.60302,0.453921,0.716514,0.843173,0.806459,0.430143,0.237916,0.196324,0.150893,0.125283,0.831055,0.543038,0.645389,0.256346,0.374141,0.256324,0.832008,0.418383,0.401363,0.513662,0.232821,0.882002,0.208492,0.850414,0.729856,0.542737,0.146685,0.402462,0.362585,0.550305,0.362522,0.322504,0.176745,0.594459,0.290974,0.767945,0.337919,0.517457,0.850448,0.610546,0.643994,0.854673,0.819286,0.801594,0.237935,0.495681,0.436966,0.854889,0.226067,0.628232,0.880086,0.542728,0.475503,0.776128,0.899791,0.65762,0.270287,0.492329,0.679689,0.719272,0.398071,0.503319,0.606675,0.374094,0.717899,0.898476,0.557758,0.382577,0.766307,0.704589,0.442884,0.220849,0.576478,0.244584,0.433149,0.69446,0.892244,0.72001,0.252851,0.294248,0.396497,0.25058,0.538891,0.637787,0.476033,0.838051,0.327954,0.735959,0.216214,0.140319,0.124579,0.536602,0.790401,0.492636,0.305589,0.264023,0.260004,0.596399,0.480883,0.756392,0.363455,0.733716,0.613931,0.57508,0.224459,0.49919,MONEY
0.196148,0.196056,0.743465,0.194246,0.647344,0.593243,0.340597,0.305103,0.512341,0.893168,0.62873,0.253961,0.157616,0.849957,0.129357,0.148389,0.829034,0.501899,0.731306,0.465936,0.749924,0.80163,0.604104,0.760111,0.136085,0.710403,0.570597,0.13556,0.828022,0.509348,0.422909,0.624425,0.106805,0.474987,0.869829,0.627921,0.559483,0.719393,0.506771,0.786618,0.362764,0.729069,0.251594,0.15127,0.375848,0.472337,0.701441,0.228535,0.758947,0.831618,0.151415,0.108422,0.657672,0.226051,0.214904,0.601284,0.421536,0.650158,0.646169,0.240002,0.486515,0.849065,0.577081,0.718033,0.12687,0.78212,0.887525,0.532547,0.572274,0.165477,0.516945,0.701636,0.616829,0.797665,0.7173,0.837452,0.746204,0.513007,0.195762,0.67782,0.500851,0.376013,0.258081,0.730615,0.721909,0.159913,0.746321,0.708226,0.25469,0.827869,0.562334,0.378242,0.577282,0.278904,0.572021,0.673793,0.169367,0.248441,0.740721,0.808328,0.779035,0.202308,0.252182,0.255599,0.176166,0.281034,0.678563,0.858047,0.571401,0.121388,0.556733,0.318465,0.846115,0.459376,0.746717,0.434405,0.715265,0.716044,0.291176,0.478984,0.304767,0.692036,0.538244,0.137836,0.761398,0.327736,MONEY
0.360735,0.395513,0.8413,0.62355,0.512189,0.506689,0.287922,0.14575,0.783485,0.893719,0.311534,0.471739,0.225622,0.861955,0.72739,0.550965,0.821692,0.745823,0.657748,0.439573,0.44697,0.505356,0.871492,0.31836,0.153924,0.513758,0.769465,0.248892,0.104633,0.263626,0.555556,0.479468,0.278147,0.166873,0.832468,0.850182,0.519227,0.493864,0.343147,0.309037,0.422909,0.286051,0.173989,0.703503,0.445805,0.335665,0.803668,0.386353,0.881015,0.65908,0.420709,0.870385,0.497748,0.403061,0.137963,0.265495,0.725545,0.358249,0.80524,0.201313,0.368434,0.68149,0.740684,0.437249,0.517483,0.237697,0.682,0.547485,0.59695,0.848614,0.278748,0.453954,0.303635,0.599731,0.343958,0.713093,0.720275,0.894273,0.895473,0.236161,0.630426,0.229082,0.223378,0.443325,0.25937,0.559546,0.266527,0.447198,0.589489,0.417634,0.239309,0.55983,0.207679,0.218971,0.412673,0.252054,0.84198,0.36203,0.584564,0.318838,0.679075,0.637031,0.216103,0.449959,0.144446,0.125484,0.368576,0.397295,0.166387,0.105801,0.471694,0.53297,0.209876,0.87213,0.344094,0.543602,0.161354,0.146268,0.146017,0.156694,0.584971,0.667519,0.867922,0.264347,0.645988,0.229515,MONEY
0.843716,0.608378,0.329038,0.572239,0.757442,0.553777,0.56595,0.518855,0.453768,0.586116,0.877133,0.824149,0.447882,0.846053,0.126718,0.676544,0.355016,0.10087,0.435077,0.690298,0.321318,0.108934,0.693049,0.653851,0.770935,0.224302,0.615736,0.859249,0.687335,0.734079,0.80277,0.403277,0.135172,0.5629,0.548157,0.359919,0.630009,0.509436,0.476433,0.643419,0.690368,0.75316,0.733644,0.846802,0.40005,0.570407,0.274072,0.427004,0.750734,0.786525,0.783404,0.552849,0.578907,0.827953,0.630525,0.180044,0.286822,0.618084,0.598434,0.31586,0.833366,0.877309,0.230406,0.470706,0.764711,0.87478,0.552302,0.840217,0.519166,0.320414,0.657848,0.223892,0.433394,0.636592,0.769367,0.300859,0.885836,0.346218,0.343234,0.591544,0.387915,0.537387,0.331125,0.198263,0.325694,0.718407,0.67441,0.625831,0.287332,0.465103,0.682177,0.615326,0.108076,0.311433,0.555882,0.25959,0.575888,0.230969,0.279379,0.204032,0.73954,0.317765,0.837973,0.311192,0.852441,0.238051,0.482772,0.164259,0.170989,0.675113,0.701706,0.373874,0.287625,0.6815,0.532106,0.758824,0.869067,0.40102,0.660741,0.81904,0.884898,0.61379,0.441416,0.182435,0.391235,0.203599,MOTHER
0.68204,0.189627,0.304731,0.452532,0.578918,0.772849,0.69815,0.453567,0.291182,0.511748,0.252249,0.187001,0.590248,0.445686,0.70593,0.871789,0.1733,0.744844,0.58781,0.357294,0.790493,0.229416,0.577508,0.89179,0.152833,0.385599,0.389789,0.630574,0.376598,0.299893,0.387182,0.364344,0.135816,0.187704,0.731137,0.508617,0.455011,0.117873,0.3651,0.742779,0.671498,0.782513,0.894679,0.59111,0.21411,0.597736,0.417933,0.729054,0.77139,0.318782,0.842623,0.6486,0.223582,0.750508,0.415077,0.720841,0.845693,0.662813,0.149104,0.783135,0.461076,0.472269,0.131013,0.290114,0.721493,0.738743,0.794293,0.647895,0.415511,0.462263,0.869666,0.635637,0.355363,0.722845,0.569162,0.420872,0.436954,0.182456,0.29387,0.624696,0.461077,0.237842,0.722779,0.772829,0.847662,0.297808,0.236132,0.81199,0.402215,0.250962,0.56192,0.165648,0.543247,0.318313,0.84733,0.27622,0.667839,0.185926,0.772923,0.880784,0.653379,0.337593,0.399146,0.371153,0.11902,0.676635,0.806869,0.462149,0.174266,0.82179,0.497352,0.610182,0.858771,0.370278,0.696314,0.564888,0.840634,0.294965,0.455487,0.653198,0.480779,0.894237,0.520348,0.408187,0.389244,0.54687,MOTHER
0.0,0.0,0.0,-0.153543,-0.08444,-0.222879,-0.252103,-0.240949,-0.368014,-0.322964,-0.383107,-0.488942,-0.372624,-0.508569,-0.612934,-0.124988,-0.558207,-0.271968,-0.099612,-0.8022,-0.429999,-0.064772,-0.942373,-0.5532,-0.03468,-0.981671,-0.631203,0.000759,-0.547024,-0.230046,0.032663,-0.804351,-0.383606,0.074109,-0.942225,-0.512077,0.100643,-1.0,-0.601065,0.11857,-0.502111,-0.208922,0.153441,-0.740581,-0.342302,0.191301,-0.86896,-0.457955,0.202801,-0.904237,-0.534271,0.221678,-0.437367,-0.203495,0.271649,-0.61362,-0.315633,0.305739,-0.728343,-0.405327,0.311736,-0.784889,-0.470931,0.0,0.0,0.0,0.0,0.0,0.0,0.0,0.0,0.0,0.0,0.0,0.0,0.0,0.0,0.0,0.0,0.0,0.0,0.0,0.0,0.0,0.0,0.0,0.0,0.0,0.0,0.0,0.0,0.0,0.0,0.0,0.0,0.0,0.0,0.0,0.0,0.0,0.0,0.0,0.0,0.0,0.0,0.0,0.0,0.0,0.0,0.0,0.0,0.0,0.0,0.0,0.0,0.0,0.0,0.0,0.0,0.0,0.0,0.0,0.0,0.0,0.0,0.0,MOTHER
0.715049,0.199802,0.338087,0.287765,0.85687,0.619938,0.809496,0.886491,0.576663,0.117826,0.466018,0.460008,0.305442,0.485438,0.121745,0.640276,0.696834,0.289763,0.778638,0.36239,0.724382,0.208167,0.849431,0.483249,0.725237,0.445599,0.287976,0.741902,0.889108,0.421987,0.320207,0.135838,0.192602,0.697183,0.487241,0.799107,0.440739,0.847596,0.770321,0.47336,0.201096,0.761978,0.888767,0.363971,0.183593,0.594778,0.294538,0.43285,0.346846,0.885655,0.550624,0.614247,0.521904,0.481673,0.656772,0.414711,0.668839,0.242391,0.70534,0.859435,0.148788,0.77721,0.393612,0.581591,0.413134,0.200515,0.476654,0.46281,0.636412,0.193016,0.286675,0.651368,0.101588,0.387337,0.872332,0.433311,0.57852,0.572644,0.84841,0.681617,0.885345,0.232912,0.82773,0.860084,0.777418,0.206826,0.753019,0.623805,0.792028,0.277767,0.373705,0.194785,0.514558,0.740909,0.169346,0.147068,0.620592,0.644209,0.114968,0.252421,0.762762,0.563962,0.700798,0.694596,0.113162,0.639129,0.476961,0.713157,0.273146,0.453324,0.291615,0.66903,0.811299,0.440994,0.264777,0.455813,0.632586,0.850272,0.782291,0.297289,0.16455,0.585934,0.638356,0.86743,0.806787,0.554359,MOTHER
0.302666,0.436478,0.108642,0.162032,0.212812,0.741904,0.843672,0.251052,0.869624,0.248548,0.698352,0.441378,0.73563,0.797996,0.228766,0.201583,0.391472,0.472238,0.759965,0.760461,0.386392,0.540702,0.667511,0.888995,0.659957,0.611711,0.892961,0.535354,0.165687,0.840646,0.609686,0.729658,0.799895,0.388103,0.289023,0.14696,0.248142,0.41526,0.453035,0.369567,0.617837,0.552703,0.128448,0.175082,0.420961,0.278018,0.858408,0.447726,0.82509,0.772918,0.866935,0.31349,0.413713,0.320375,0.80955,0.392527,0.29452,0.32426,0.187557,0.830471,0.200309,0.346293,0.896655,0.158708,0.488566,0.57627,0.220625,0.603719,0.796738,0.512223,0.538764,0.751509,0.685466,0.427098,0.344111,0.211382,0.322648,0.852534,0.157806,0.379686,0.220182,0.733953,0.893828,0.44447,0.102277,0.260652,0.425315,0.463421,0.36675,0.327748,0.301609,0.120941,0.852209,0.662707,0.218813,0.35059,0.405466,0.127439,0.4246,0.332392,0.658582,0.51446,0.739457,0.158513,0.121084,0.53098,0.644182,0.846085,0.525257,0.186215,0.126318,0.49273,0.143131,0.754609,0.106042,0.26273,0.465093,0.695519,0.845664,0.590589,0.526321,0.141415,0.579716,0.246192,0.186255,0.168497,MOTHER
0.782359,0.502577,0.265541,0.542148,0.467825,0.428021,0.121719,0.242861,0.275973,0.234314,0.268314,0.357362,0.256865,0.459444,0.582617,0.732618,0.109899,0.595521,0.634363,0.157501,0.598272,0.512781,0.204577,0.420723,0.823243,0.379943,0.659138,0.637833,0.790704,0.325599,0.857792,0.206072,0.786606,0.693815,0.533331,0.236573,0.234441,0.472557,0.128407,0.768764,0.680866,0.249852,0.814597,0.455124,0.646782,0.416881,0.236973,0.223095,0.309839,0.106521,0.564762,0.572417,0.885053,0.844502,0.15133,0.37811,0.219576,0.166285,0.478094,0.514892,0.660764,0.273235,0.557714,0.400471,0.18773,0.457594,0.25604,0.564225,0.788414,0.19875,0.891283,0.292964,0.2839,0.190525,0.879412,0.641252,0.653671,0.477424,0.622167,0.540574,0.620632,0.423203,0.67082,0.484447,0.183985,0.615737,0.849728,0.423563,0.825316,0.407598,0.867686,0.481233,0.736367,0.482269,0.715832,0.431236,0.647068,0.566476,0.473185,0.89754,0.39009,0.129255,0.551846,0.843402,0.79492,0.885647,0.375519,0.702567,0.190394,0.309877,0.881421,0.509789,0.836712,0.486382,0.719571,0.797835,0.454236,0.296161,0.140764,0.804573,0.146056,0.5557,0.793685,0.622701,0.75254,0.604813,MOTHER
0.810239,0.116571,0.809823,0.121173,0.319927,0.387704,0.493408,0.7822,0.82844,0.777857,0.161345,0.119588,0.715748,0.3634,0.357434,0.372976,0.576311,0.730822,0.39708,0.571326,0.887988,0.827319,0.415765,0.462883,0.47034,0.660631,0.716759,0.240575,0.826865,0.404215,0.337036,0.251324,0.230841,0.52442,0.710404,0.14482,0.391495,0.652871,0.120523,0.640777,0.328081,0.77516,0.886126,0.564106,0.327619,0.879057,0.277268,0.677185,0.484657,0.589847,0.279225,0.757373,0.422049,0.855091,0.355341,0.665069,0.388222,0.713352,0.639174,0.443831,0.469472,0.584997,0.489726,0.267339,0.523983,0.616472,0.808738,0.199849,0.570406,0.738566,0.121911,0.421328,0.195393,0.287784,0.236173,0.826723,0.887441,0.103287,0.35788,0.113382,0.84301,0.330993,0.198131,0.194654,0.325288,0.782274,0.801838,0.522931,0.682107,0.869184,0.695262,0.33502,0.361694,0.609821,0.888044,0.422482,0.794566,0.319674,0.280229,0.547415,0.521284,0.598824,0.781324,0.496936,0.188231,0.255277,0.246627,0.898835,0.215578,0.509338,0.189306,0.105717,0.781624,0.5302,0.885671,0.163856,0.357085,0.422985,0.369895,0.776422,0.358805,0.85444,0.31262,0.880112,0.277644,0.742753,MOTHER
0.237003,0.263155,0.241567,0.434474,0.875533,0.377696,0.804968,0.18259,0.578385,0.267324,0.858631,0.899958,0.514784,0.563941,0.581338,0.508208,0.739528,0.749739,0.367815,0.827869,0.244754,0.464796,0.142974,0.166564,0.274117,0.707423,0.294148,0.537127,0.654476,0.648901,0.536529,0.87005,0.494212,0.574418,0.484896,0.45672,0.304996,0.858901,0.6089,0.302788,0.770491,0.403053,0.226823,0.2658,0.403323,0.756936,0.600366,0.505643,0.745378,0.403235,0.193996,0.891431,0.175625,0.684273,0.522676,0.670774,0.514683,0.586817,0.667731,0.600065,0.429487,0.701732,0.116684,0.877097,0.125401,0.567648,0.621038,0.222653,0.625428,0.624072,0.653084,0.154072,0.562577,0.894902,0.357671,0.625139,0.447557,0.184493,0.346146,0.230642,0.518243,0.342292,0.421944,0.843722,0.565691,0.761298,0.518297,0.854784,0.714102,0.272845,0.136344,0.417453,0.610921,0.277385,0.395533,0.139221,0.514578,0.101507,0.412512,0.769918,0.226686,0.689677,0.571709,0.736054,0.711948,0.161908,0.188814,0.893891,0.179236,0.63456,0.419368,0.336157,0.626147,0.612293,0.772136,0.574345,0.357254,0.219712,0.565159,0.813228,0.426305,0.680688,0.174775,0.586618,0.219898,0.722304,NAMASTE
0.0,0.0,0.0,0.114696,-0.044016,-0.062503,0.217657,-0.136563,-0.10354,0.300685,-0.197295,-0.145297,0.350144,-0.271748,-0.179347,0.126074,-0.414001,-0.06403,0.195939,-0.484484,-0.161797,0.237956,-0.352148,-0.229194,0.250395,-0.226366,-0.257779,0.07336,-0.476794,-0.079721,0.129388,-0.67522,-0.140732,0.181514,-0.833439,-0.18937,0.224292,-0.989054,-0.221293,-0.000978,-0.479606,-0.108845,0.007276,-0.711518,-0.170296,0.020371,-0.869667,-0.211776,0.036931,-1.0,-0.234217,-0.08869,-0.422532,-0.143868,-0.129233,-0.594335,-0.191007,-0.14782,-0.727216,-0.206456,-0.157375,-0.842906,-0.212151,0.0,0.0,0.0,-0.120586,-0.051968,-0.076421,-0.188362,-0.176037,-0.12248,-0.189389,-0.283014,-0.162285,-0.166165,-0.349988,-0.20014,-0.094047,-0.471068,-0.083993,-0.1492,-0.689088,-0.140736,-0.187308,-0.832231,-0.185697,-0.214767,-0.941207,-0.215536,-0.023843,-0.485549,-0.082265,-0.014646,-0.711284,-0.131459,-0.025055,-0.879202,-0.165826,-0.036157,-1.0,-0.188232,0.035309,-0.461806,-0.089589,0.066727,-0.670212,-0.131636,0.075416,-0.814155,-0.157293,0.079264,-0.917179,-0.172261,0.084743,-0.407436,-0.105021,0.11988,-0.573554,-0.140255,0.136037,-0.694435,-0.154711,0.14505,-0.791335,-0.161745,NAMASTE
0.589521,0.830062,0.39054,0.758443,0.522146,0.275413,0.798307,0.206738,0.514348,0.181265,0.346501,0.340754,0.53469,0.389718,0.705043,0.586719,0.401796,0.167126,0.76484,0.567008,0.442418,0.798521,0.247217,0.79677,0.245058,0.101195,0.353987,0.26328,0.8533,0.340145,0.434927,0.589596,0.561986,0.106793,0.899003,0.717864,0.466161,0.389191,0.106039,0.457546,0.896299,0.186156,0.128812,0.246619,0.80695,0.820403,0.553676,0.588766,0.438664,0.669689,0.279789,0.614595,0.302944,0.298746,0.189351,0.501387,0.853301,0.207557,0.575963,0.372651,0.587211,0.40422,0.397415,0.650524,0.807638,0.768254,0.189306,0.596343,0.548488,0.438835,0.487296,0.474224,0.131041,0.379186,0.89905,0.573712,0.772286,0.250096,0.17193,0.106169,0.411326,0.426638,0.293116,0.121412,0.133244,0.752273,0.308337,0.741133,0.672206,0.737617,0.251956,0.168181,0.525921,0.74553,0.534148,0.441989,0.525643,0.425752,0.898525,0.444217,0.135885,0.847861,0.61228,0.153884,0.563662,0.526598,0.455381,0.482982,0.724062,0.411425,0.673506,0.841689,0.857231,0.12434,0.416018,0.860538,0.674971,0.62128,0.390307,0.658566,0.607768,0.637806,0.663579,0.556796,0.631449,0.455344,NAMASTE
0.888761,0.152441,0.459409,0.356871,0.645304,0.281707,0.184178,0.786998,0.796818,0.557044,0.690691,0.531338,0.208499,0.874379,0.678833,0.615425,0.766591,0.43834,0.82287,0.253486,0.518669,0.178646,0.255268,0.730645,0.635812,0.120368,0.592097,0.389619,0.702446,0.750055,0.463071,0.776357,0.491038,0.423612,0.277173,0.177697,0.600417,0.760002,0.39726,0.731485,0.856796,0.254856,0.802946,0.60641,0.307,0.211198,0.471938,0.72202,0.704578,0.442059,0.364203,0.632206,0.819843,0.330847,0.395817,0.404919,0.826416,0.136579,0.665696,0.589335,0.316377,0.829751,0.750006,0.852922,0.869265,0.291023,0.63434,0.563423,0.606041,0.151046,0.165219,0.353477,0.748342,0.29226,0.479022,0.379488,0.143405,0.286622,0.445169,0.696705,0.163757,0.603528,0.464956,0.839736,0.775276,0.331548,0.426713,0.705106,0.228043,0.520077,0.68116,0.382235,0.34421,0.135431,0.192008,0.660776,0.562082,0.524405,0.598082,0.26056,0.155024,0.411243,0.884797,0.613635,0.844781,0.789471,0.824362,0.16955,0.38853,0.284923,0.115306,0.539568,0.494637,0.368518,0.122075,0.708596,0.347643,0.770329,0.576399,0.37831,0.460984,0.36774,0.660988,0.287254,0.678498,0.770746,NAMASTE
0.0,0.0,0.0,0.107247,-0.101602,-0.044917,0.199879,-0.297886,-0.064679,0.227409,-0.450944,-0.08544,0.246933,-0.555532,-0.106093,0.104027,-0.547466,-0.007195,0.10874,-0.723232,-0.063413,0.103012,-0.799758,-0.114798,0.08703,-0.852736,-0.145276,0.026669,-0.560428,-0.018284,0.043048,-0.76068,-0.066855,0.039649,-0.888071,-0.113084,0.02421,-0.992705,-0.139505,-0.052435,-0.547081,-0.039497,-0.051129,-0.756268,-0.084125,-0.055577,-0.890521,-0.10972,-0.065207,-1.0,-0.12046,-0.139405,-0.499847,-0.066242,-0.13729,-0.66936,-0.097014,-0.137074,-0.780304,-0.102846,-0.137876,-0.875161,-0.101831,0.0,0.0,0.0,-0.199314,-0.176293,-0.043457,-0.475088,-0.306419,-0.092858,-0.68018,-0.299832,-0.136482,-0.809421,-0.188833,-0.193821,-0.617246,-0.474466,-0.170487,-0.833873,-0.150968,-0.269327,-0.928949,0.112651,-0.334522,-0.980749,0.325635,-0.371475,-0.537963,-0.356501,-0.192118,-0.755872,-0.007515,-0.259465,-0.856243,0.257163,-0.29675,-0.910798,0.47097,-0.336308,-0.442182,-0.178889,-0.212262,-0.656354,0.126054,-0.27689,-0.758535,0.349076,-0.29379,-0.810468,0.518799,-0.311982,-0.339874,0.042726,-0.232996,-0.524138,0.254722,-0.30021,-0.61358,0.404047,-0.311321,-0.666882,0.525534,-0.314578,NAMASTE
0.547283,0.899541,0.556252,0.450671,0.167628,0.140351,0.828956,0.231387,0.342771,0.435608,0.781901,0.43952,0.86918,0.310216,0.122798,0.588606,0.143539,0.204521,0.782525,0.72483,0.732818,0.148681,0.677889,0.559508,0.779331,0.139077,0.498989,0.256455,0.895425,0.130164,0.389696,0.580183,0.263455,0.160835,0.102895,0.432703,0.299152,0.637725,0.691836,0.750946,0.770353,0.640233,0.799989,0.872635,0.657623,0.656759,0.18801,0.835836,0.328609,0.757288,0.645103,0.477052,0.706682,0.512757,0.474814,0.446306,0.717396,0.820922,0.544771,0.164332,0.283183,0.257638,0.456635,0.631931,0.401712,0.658044,0.85013,0.719261,0.802622,0.587785,0.632715,0.52604,0.65943,0.382317,0.830718,0.693262,0.275642,0.822024,0.846129,0.73969,0.322737,0.609073,0.294461,0.804666,0.103789,0.719404,0.322062,0.678133,0.638716,0.414173,0.898057,0.895212,0.311521,0.480415,0.144896,0.231299,0.678496,0.50532,0.110893,0.740768,0.281099,0.889097,0.327836,0.788022,0.745344,0.726995,0.274209,0.496933,0.201994,0.683727,0.660969,0.403693,0.252397,0.897957,0.86754,0.479421,0.237788,0.201044,0.421401,0.893287,0.224258,0.72564,0.791454,0.669206,0.144157,0.104386,NAMASTE
0.535724,0.555925,0.499551,0.751294,0.869682,0.183619,0.299436,0.89511,0.67555,0.792871,0.807836,0.55724,0.344348,0.71609,0.469771,0.656861,0.693229,0.468684,0.835929,0.335571,0.5703,0.323009,0.184536,0.891552,0.840964,0.399012,0.557279,0.220436,0.508247,0.479472,0.448671,0.218663,0.570674,0.465776,0.58744,0.784013,0.685029,0.626257,0.434697,0.205431,0.59884,0.224558,0.602823,0.795732,0.567964,0.49208,0.328268,0.277776,0.606931,0.24296,0.432317,0.192128,0.691237,0.160431,0.868476,0.447148,0.389768,0.644032,0.594402,0.507804,0.386877,0.258027,0.40791,0.18057,0.827926,0.13763,0.859558,0.704809,0.207747,0.691497,0.765395,0.885508,0.805788,0.622379,0.173145,0.467097,0.783215,0.547681,0.483611,0.687986,0.214808,0.187567,0.158303,0.63919,0.525323,0.412439,0.226934,0.561708,0.795592,0.491939,0.163946,0.710404,0.43757,0.686904,0.47933,0.508828,0.117642,0.185071,0.864546,0.389519,0.719798,0.288014,0.608208,0.691039,0.344736,0.154202,0.739816,0.582618,0.778814,0.212187,0.415609,0.828898,0.355626,0.148069,0.348324,0.426002,0.590318,0.853192,0.291786,0.897681,0.153877,0.164587,0.666748,0.8783,0.521796,0.49276,NAMASTE
0.771611,0.803599,0.125241,0.309258,0.429921,0.556083,0.120081,0.827751,0.711054,0.505991,0.380786,0.504286,0.240964,0.776166,0.374846,0.221892,0.310363,0.139002,0.798884,0.352827,0.332499,0.80973,0.105245,0.261608,0.750407,0.474703,0.26986,0.845962,0.839236,0.329596,0.781468,0.396068,0.296493,0.76158,0.378305,0.436012,0.119354,0.860712,0.432104,0.655077,0.20861,0.357924,0.864094,0.640208,0.790765,0.121104,0.443231,0.555993,0.751436,0.542254,0.737318,0.805191,0.198764,0.712509,0.546903,0.269729,0.458649,0.830159,0.712301,0.661082,0.284622,0.369576,0.669011,0.537887,0.846979,0.398811,0.8988,0.363501,0.500003,0.415407,0.568439,0.729323,0.258724,0.842454,0.432588,0.778408,0.437354,0.453078,0.285314,0.612186,0.716773,0.254825,0.531392,0.712827,0.563698,0.493078,0.275395,0.816704,0.322852,0.41316,0.405135,0.601035,0.707796,0.509284,0.873615,0.735492,0.790903,0.179292,0.861414,0.733124,0.8713,0.302283,0.223417,0.840025,0.217805,0.174587,0.7151,0.527774,0.226721,0.349974,0.130878,0.650146,0.543425,0.839947,0.282419,0.419319,0.479269,0.393187,0.655856,0.127593,0.709703,0.181601,0.221712,0.139822,0.21267,0.812301,NAMASTE
0.311574,0.236792,0.418403,0.142897,0.269649,0.30601,0.711427,0.817439,0.894055,0.289092,0.106941,0.498695,0.718797,0.289738,0.165598,0.764288,0.324023,0.476626,0.582728,0.546772,0.118453,0.870089,0.186876,0.589673,0.102874,0.12694,0.272252,0.442974,0.623571,0.412781,0.484955,0.374896,0.667438,0.163605,0.120033,0.28808,0.163012,0.365526,0.671003,0.792023,0.795349,0.398682,0.183254,0.817664,0.617749,0.700043,0.245797,0.482041,0.881742,0.106244,0.784653,0.488546,0.308571,0.876373,0.685629,0.227462,0.169743,0.538024,0.490065,0.152309,0.722339,0.761357,0.710398,0.412035,0.113728,0.116526,0.376879,0.301816,0.155611,0.485854,0.679691,0.837357,0.384024,0.795177,0.870063,0.819396,0.287777,0.247683,0.357137,0.353086,0.435939,0.543838,0.157483,0.259405,0.371101,0.149051,0.596517,0.592873,0.683442,0.61265,0.241257,0.731904,0.182396,0.438485,0.451226,0.312876,0.405354,0.301575,0.805062,0.26956,0.299518,0.841719,0.679172,0.135769,0.203251,0.815076,0.280834,0.8124,0.455032,0.8296,0.878087,0.775397,0.794439,0.517455,0.761058,0.143488,0.5431,0.882077,0.42473,0.218989,0.493052,0.712737,0.295541,0.307531,0.200646,0.592482,NAMASTE
0.0,0.0,0.0,-0.117129,-0.266647,-0.09082,-0.192307,-0.561387,-0.173997,-0.256443,-0.801254,-0.258213,-0.326328,-0.990597,-0.334424,0.179082,-0.876275,-0.084085,0.154079,-1.0,-0.217409,0.017345,-0.870174,-0.31555,-0.090466,-0.728496,-0.363633,0.314661,-0.771855,-0.097527,0.248063,-0.864544,-0.213838,0.092654,-0.731204,-0.268191,-0.021185,-0.585605,-0.280314,0.400709,-0.602314,-0.126614,0.249913,-0.590197,-0.223741,0.09747,-0.449862,-0.223748,-0.002272,-0.316238,-0.199807,0.448448,-0.393335,-0.166525,0.301606,-0.387845,-0.219633,0.170151,-0.300003,-0.201699,0.087895,-0.207899,-0.168398,0.0,0.0,0.0,0.0,0.0,0.0,0.0,0.0,0.0,0.0,0.0,0.0,0.0,0.0,0.0,0.0,0.0,0.0,0.0,0.0,0.0,0.0,0.0,0.0,0.0,0.0,0.0,0.0,0.0,0.0,0.0,0.0,0.0,0.0,0.0,0.0,0.0,0.0,0.0,0.0,0.0,0.0,0.0,0.0,0.0,0.0,0.0,0.0,0.0,0.0,0.0,0.0,0.0,0.0,0.0,0.0,0.0,0.0,0.0,0.0,0.0,0.0,0.0,NAMASTE
0.44263,0.330709,0.439267,0.386367,0.296196,0.247972,0.856555,0.373252,0.57978,0.495554,0.160507,0.464484,0.439405,0.331684,0.631211,0.472057,0.450762,0.860686,0.263391,0.31771,0.457259,0.227399,0.356163,0.543562,0.233735,0.264333,0.101346,0.811286,0.85764,0.634347,0.672043,0.125643,0.618694,0.459254,0.103125,0.266561,0.211215,0.887551,0.400158,0.163302,0.504104,0.817754,0.598977,0.499463,0.176774,0.142337,0.710522,0.242271,0.627387,0.45233,0.875958,0.244743,0.748183,0.25927,0.350676,0.281877,0.230765,0.353122,0.849072,0.784669,0.232037,0.842203,0.399052,0.553272,0.685677,0.221315,0.506457,0.529288,0.60435,0.864552,0.479311,0.821306,0.28106,0.506726,0.75888,0.217246,0.218922,0.131969,0.241639,0.462309,0.797139,0.826154,0.776942,0.595993,0.361433,0.463163,0.599149,0.673118,0.744071,0.282142,0.587211,0.240656,0.578687,0.800404,0.849141,0.84251,0.304047,0.860287,0.6051,0.281745,0.872399,0.259766,0.822433,0.445451,0.481888,0.508174,0.609881,0.893501,0.726601,0.518408,0.519795,0.30961,0.689193,0.377908,0.37051,0.714771,0.163708,0.72717,0.358205,0.234407,0.68005,0.713726,0.496479,0.110878,0.686545,0.364427,NAMASTE
0.0,0.0,0.0,-0.032675,0.045708,-0.085332,-0.067315,0.121812,-0.199585,-0.092024,0.22774,-0.315969,-0.13873,0.305913,-0.443973,-0.065542,-0.254521,-0.241924,-0.089491,0.068548,-0.389981,-0.116316,0.342652,-0.496138,-0.129188,0.537009,-0.55188,-0.03089,-0.253845,-0.263258,-0.041231,0.15178,-0.391203,-0.06907,0.479036,-0.437591,-0.08854,0.720464,-0.458644,-0.006507,-0.198846,-0.283456,-0.016444,0.203077,-0.411584,-0.036523,0.5129,-0.401897,-0.061639,0.745479,-0.370838,0.011747,-0.107581,-0.309701,0.001087,0.183465,-0.39952,-0.015549,0.4329,-0.367814,-0.040215,0.632358,-0.32263,0.0,0.0,0.0,-0.110263,-0.121391,-0.012158,-0.1862,-0.313413,-0.038677,-0.206852,-0.489004,-0.066782,-0.201495,-0.621392,-0.09534,-0.240803,-0.326006,-0.087933,-0.331545,-0.564023,-0.151393,-0.364461,-0.732555,-0.18168,-0.379841,-0.857342,-0.194495,-0.16516,-0.348819,-0.114772,-0.178505,-0.654986,-0.170124,-0.170196,-0.856995,-0.192435,-0.156161,-1.0,-0.201468,-0.067866,-0.353357,-0.141145,-0.055818,-0.653001,-0.187877,-0.03429,-0.838787,-0.206424,-0.015713,-0.974742,-0.212193,0.038077,-0.348471,-0.166437,0.061024,-0.584165,-0.200406,0.087751,-0.733351,-0.206206,0.111956,-0.853727,-0.204058,NAMASTE
0.0,0.0,0.0,-0.096521,-0.310088,-0.065659,-0.037292,-0.644511,-0.096039,0.084946,-0.853459,-0.123284,0.198952,-1.0,-0.144841,0.267753,-0.587654,-0.020195,0.425249,-0.734379,-0.075124,0.464696,-0.840502,-0.127496,0.451155,-0.931274,-0.161453,0.341111,-0.422895,-0.024793,0.470126,-0.559982,-0.072769,0.470235,-0.668875,-0.119493,0.421899,-0.74741,-0.150206,0.373475,-0.238469,-0.042303,0.489426,-0.363315,-0.097831,0.485314,-0.45965,-0.126207,0.438666,-0.532523,-0.139576,0.386574,-0.023968,-0.065451,0.482125,-0.11522,-0.119046,0.480117,-0.180979,-0.135748,0.441167,-0.232084,-0.139225,0.0,0.0,0.0,0.0,0.0,0.0,0.0,0.0,0.0,0.0,0.0,0.0,0.0,0.0,0.0,0.0,0.0,0.0,0.0,0.0,0.0,0.0,0.0,0.0,0.0,0.0,0.0,0.0,0.0,0.0,0.0,0.0,0.0,0.0,0.0,0.0,0.0,0.0,0.0,0.0,0.0,0.0,0.0,0.0,0.0,0.0,0.0,0.0,0.0,0.0,0.0,0.0,0.0,0.0,0.0,0.0,0.0,0.0,0.0,0.0,0.0,0.0,0.0,NAMASTE
0.0,0.0,0.0,0.106931,-0.140801,-0.001838,0.162435,-0.283825,-0.009065,0.183752,-0.382064,-0.032102,0.166145,-0.477225,-0.052054,0.088689,-0.534279,0.054377,0.126005,-0.638167,-0.00592,0.150697,-0.577088,-0.065876,0.154885,-0.494315,-0.096108,0.040694,-0.569613,0.018839,0.059089,-0.794284,-0.005975,0.083754,-0.911407,-0.038469,0.101819,-1.0,-0.062903,-0.015651,-0.563669,-0.030183,-0.013032,-0.78308,-0.056064,0.002662,-0.902577,-0.074229,0.020215,-0.995825,-0.084989,-0.072829,-0.518704,-0.083709,-0.084079,-0.693928,-0.096695,-0.085427,-0.797924,-0.090425,-0.080125,-0.888439,-0.085566,0.0,0.0,0.0,-0.08981,-0.117366,-0.023981,-0.133126,-0.281891,-0.045213,-0.14688,-0.417134,-0.075166,-0.15164,-0.530027,-0.101365,-0.027988,-0.490805,0.0101,-0.066983,-0.613625,-0.065412,-0.105809,-0.595571,-0.131439,-0.128391,-0.533557,-0.164835,0.027721,-0.519279,-0.011003,0.04476,-0.7525,-0.053319,0.036746,-0.894267,-0.085838,0.025369,-1.0,-0.108318,0.079128,-0.504749,-0.045743,0.118771,-0.714969,-0.081439,0.127742,-0.840912,-0.103997,0.126934,-0.943475,-0.117695,0.120952,-0.453699,-0.08596,0.166718,-0.608786,-0.101966,0.177607,-0.710314,-0.105649,0.174827,-0.795917,-0.109085,NAMASTE
0.895753,0.446374,0.707391,0.843056,0.796404,0.535714,0.480691,0.494272,0.545958,0.330985,0.310413,0.734601,0.169537,0.149945,0.882474,0.1819,0.478315,0.535168,0.683943,0.466711,0.295871,0.352872,0.469528,0.85708,0.867979,0.348695,0.223239,0.515049,0.823069,0.111855,0.296738,0.806146,0.340194,0.378076,0.214458,0.784819,0.768009,0.73422,0.492586,0.754305,0.126287,0.760538,0.553775,0.837199,0.211514,0.826299,0.461769,0.770713,0.603569,0.369071,0.740364,0.628273,0.734795,0.797886,0.567013,0.315845,0.895966,0.795672,0.752807,0.70037,0.858445,0.852203,0.571139,0.494412,0.480978,0.836331,0.829166,0.364282,0.345752,0.843316,0.281273,0.518161,0.131498,0.638715,0.419349,0.727894,0.714305,0.346536,0.182171,0.77821,0.306297,0.588663,0.134173,0.624264,0.178145,0.429706,0.211245,0.88373,0.212759,0.443072,0.808079,0.78414,0.524241,0.155022,0.219786,0.767342,0.592976,0.633755,0.670973,0.884821,0.54163,0.609541,0.106352,0.526483,0.470094,0.189695,0.876804,0.681846,0.392136,0.496094,0.567964,0.248841,0.334151,0.492802,0.139543,0.215981,0.882422,0.587873,0.834675,0.169393,0.39459,0.307381,0.755287,0.845053,0.297875,0.371754,NAMASTE
0.0,0.0,0.0,0.139742,0.078896,-0.080092,0.2315,0.255069,-0.119741,0.272814,0.431856,-0.147016,0.287801,0.590624,-0.166179,0.078567,0.511448,-0.045167,0.110344,0.757336,-0.068848,0.14201,0.900429,-0.091668,0.163859,1.0,-0.107362,0.025886,0.520627,-0.021798,0.059107,0.757791,-0.031322,0.097341,0.889372,-0.044421,0.12092,0.994142,-0.055465,-0.011487,0.515582,-0.008398,0.019284,0.730202,-0.0184,0.058194,0.854451,-0.018727,0.085629,0.959028,-0.019165,-0.035135,0.498279,-0.003515,-0.005234,0.690058,-0.015768,0.020981,0.799628,-0.013828,0.038265,0.88887,-0.009033,0.0,0.0,0.0,0.0,0.0,0.0,0.0,0.0,0.0,0.0,0.0,0.0,0.0,0.0,0.0,0.0,0.0,0.0,0.0,0.0,0.0,0.0,0.0,0.0,0.0,0.0,0.0,0.0,0.0,0.0,0.0,0.0,0.0,0.0,0.0,0.0,0.0,0.0,0.0,0.0,0.0,0.0,0.0,0.0,0.0,0.0,0.0,0.0,0.0,0.0,0.0,0.0,0.0,0.0,0.0,0.0,0.0,0.0,0.0,0.0,0.0,0.0,0.0,NAMASTE
0.296408,0.642163,0.612242,0.259287,0.398955,0.151442,0.13309,0.39022,0.638901,0.102308,0.72507,0.17668,0.258749,0.357132,0.723535,0.845722,0.828962,0.598341,0.723147,0.843922,0.633845,0.193059,0.469883,0.116657,0.630702,0.58856,0.898055,0.137309,0.107311,0.133304,0.287242,0.399564,0.533428,0.536602,0.727485,0.346415,0.814179,0.614357,0.100881,0.226863,0.615197,0.32953,0.765944,0.30151,0.730027,0.426905,0.454193,0.599451,0.313842,0.796081,0.39025,0.264984,0.395972,0.680377,0.725529,0.443023,0.573746,0.335105,0.166808,0.374931,0.684408,0.298106,0.598988,0.569632,0.647982,0.631177,0.557198,0.784966,0.485263,0.858157,0.446667,0.378182,0.870282,0.39612,0.116451,0.655118,0.734683,0.310815,0.803081,0.317557,0.364559,0.108645,0.497609,0.897929,0.683678,0.488155,0.174216,0.316833,0.447013,0.517277,0.83119,0.109541,0.777099,0.594143,0.382429,0.134403,0.870698,0.694283,0.381304,0.891005,0.540344,0.253666,0.129317,0.145463,0.602523,0.705011,0.378475,0.599075,0.438898,0.748498,0.212972,0.484464,0.352272,0.276383,0.696673,0.854555,0.13464,0.506039,0.75609,0.37045,0.533297,0.415313,0.376022,0.638896,0.24705,0.660982,NAMASTE
0.388856,0.74818,0.287266,0.598647,0.291296,0.827458,0.888279,0.275151,0.676475,0.81025,0.251592,0.286229,0.239429,0.769943,0.862172,0.507017,0.241049,0.753462,0.347367,0.179643,0.39234,0.842674,0.801392,0.512631,0.481375,0.220154,0.24958,0.18201,0.653495,0.561292,0.745843,0.325181,0.169295,0.124913,0.292099,0.881395,0.59336,0.852408,0.465114,0.644358,0.590173,0.356313,0.724431,0.472485,0.699485,0.294066,0.630643,0.598182,0.403482,0.899139,0.358325,0.175664,0.108102,0.237914,0.289356,0.229752,0.546268,0.650732,0.168368,0.39117,0.15761,0.101072,0.119086,0.578604,0.875782,0.412233,0.635354,0.661244,0.730321,0.819431,0.828888,0.306967,0.22101,0.10646,0.708345,0.84215,0.865862,0.593718,0.882634,0.633939,0.631963,0.509308,0.107638,0.196671,0.249878,0.153516,0.458073,0.369139,0.562059,0.294801,0.535562,0.390783,0.448175,0.786571,0.123505,0.839773,0.58511,0.136019,0.254587,0.805432,0.572188,0.764048,0.822629,0.889638,0.599904,0.625258,0.853549,0.719612,0.515183,0.488736,0.560308,0.530707,0.896892,0.132921,0.695867,0.845546,0.748957,0.124143,0.126117,0.871429,0.891139,0.650566,0.877486,0.731567,0.259008,0.622922,NAMASTE
0.395445,0.800118,0.770259,0.485223,0.226981,0.621628,0.776469,0.429952,0.211089,0.646735,0.68474,0.628096,0.103589,0.376112,0.814034,0.773754,0.489266,0.448344,0.477953,0.812235,0.578125,0.673168,0.171688,0.743131,0.679358,0.806582,0.774579,0.104502,0.518045,0.556324,0.206021,0.755274,0.396703,0.150968,0.483084,0.280708,0.402883,0.151775,0.122719,0.304971,0.569664,0.319118,0.436542,0.408943,0.652807,0.263858,0.440623,0.810559,0.725687,0.24943,0.551718,0.321765,0.736087,0.684282,0.863818,0.385014,0.653959,0.388741,0.367554,0.318782,0.228916,0.786658,0.495843,0.410213,0.204462,0.273397,0.801261,0.673693,0.47452,0.535017,0.826587,0.447636,0.651894,0.68204,0.378794,0.652672,0.612721,0.34964,0.411851,0.166137,0.193848,0.606858,0.313787,0.163498,0.638814,0.391913,0.816606,0.47551,0.879938,0.372541,0.511376,0.279569,0.435423,0.403345,0.650134,0.325358,0.426694,0.249681,0.350808,0.789284,0.854468,0.185544,0.81678,0.268407,0.484275,0.103436,0.71379,0.540168,0.316701,0.138567,0.889987,0.296654,0.890327,0.56955,0.809233,0.745106,0.797836,0.276677,0.613811,0.524669,0.347952,0.700884,0.800534,0.489572,0.635908,0.681783,NAMASTE
0.849074,0.17329,0.432093,0.116047,0.16344,0.779539,0.384466,0.871887,0.354588,0.614638,0.864857,0.813063,0.723212,0.836845,0.308928,0.180518,0.467808,0.12971,0.360983,0.569472,0.360588,0.692025,0.855357,0.231485,0.422247,0.352051,0.520903,0.34009,0.355843,0.140994,0.171224,0.702641,0.233194,0.51177,0.835178,0.71946,0.793065,0.144783,0.362577,0.568159,0.643025,0.588277,0.204965,0.870136,0.796649,0.105693,0.807698,0.825038,0.654536,0.841281,0.147146,0.628907,0.701782,0.382764,0.243434,0.17882,0.373806,0.899963,0.508811,0.891725,0.638913,0.565406,0.525429,0.522899,0.130177,0.637153,0.176221,0.117475,0.417675,0.729847,0.500109,0.57659,0.835144,0.403741,0.159854,0.464551,0.271239,0.669912,0.797897,0.327424,0.26481,0.342126,0.479662,0.651929,0.41239,0.720623,0.85203,0.826881,0.484888,0.42811,0.319687,0.657448,0.691337,0.757374,0.49384,0.542265,0.35532,0.772813,0.864188,0.431686,0.814233,0.770743,0.248982,0.331612,0.883018,0.288328,0.771882,0.51461,0.303252,0.898987,0.860515,0.463773,0.357996,0.644269,0.703042,0.794018,0.277657,0.111478,0.801357,0.818196,0.506616,0.248078,0.766107,0.823139,0.145153,0.299853,NAMASTE
0.0,0.0,0.0,0.121129,-0.198351,0.070356,0.181495,-0.470612,0.092214,0.171891,-0.673277,0.085921,0.119606,-0.807529,0.078809,0.260777,-0.664467,0.11805,0.195764,-0.953553,0.089154,0.144451,-0.899104,0.045586,0.126849,-0.75848,0.023148,0.18914,-0.695002,0.062993,0.125759,-0.992434,0.051929,0.085213,-0.925193,0.021184,0.07528,-0.779355,0.001278,0.09649,-0.709333,0.005581,0.039715,-1.0,0.008052,0.017297,-0.917734,0.009373,0.024817,-0.787927,0.007521,-0.008452,-0.70126,-0.048514,-0.050208,-0.943638,-0.036884,-0.056694,-0.885735,-0.009662,-0.043224,-0.775485,0.012052,0.0,0.0,0.0,0.0,0.0,0.0,0.0,0.0,0.0,0.0,0.0,0.0,0.0,0.0,0.0,0.0,0.0,0.0,0.0,0.0,0.0,0.0,0.0,0.0,0.0,0.0,0.0,0.0,0.0,0.0,0.0,0.0,0.0,0.0,0.0,0.0,0.0,0.0,0.0,0.0,0.0,0.0,0.0,0.0,0.0,0.0,0.0,0.0,0.0,0.0,0.0,0.0,0.0,0.0,0.0,0.0,0.0,0.0,0.0,0.0,0.0,0.0,0.0,NAMASTE
0.365535,0.519593,0.6665,0.447111,0.613491,0.170687,0.304316,0.276967,0.597568,0.357384,0.865882,0.619369,0.305392,0.718367,0.114841,0.807215,0.836719,0.707834,0.755913,0.843824,0.394665,0.134416,0.395423,0.530333,0.482662,0.446869,0.722242,0.12727,0.825701,0.688475,0.256317,0.841994,0.58861,0.855397,0.83755,0.599607,0.546397,0.880968,0.330979,0.714827,0.353723,0.636464,0.589844,0.145498,0.821051,0.593396,0.618581,0.766767,0.143456,0.127874,0.820997,0.381438,0.38056,0.346825,0.493697,0.290773,0.175286,0.894547,0.507313,0.830544,0.543384,0.651523,0.174648,0.263541,0.850309,0.428516,0.378066,0.495555,0.638504,0.122533,0.819248,0.40158,0.198168,0.237678,0.348585,0.655677,0.731547,0.806438,0.851132,0.32298,0.552888,0.719436,0.116493,0.287286,0.305149,0.846304,0.69337,0.769948,0.342224,0.746273,0.605613,0.453766,0.488155,0.882838,0.76657,0.583137,0.533155,0.866321,0.255273,0.832228,0.702331,0.247589,0.777285,0.665675,0.409756,0.191859,0.193454,0.143451,0.527769,0.559184,0.795132,0.104619,0.676386,0.612835,0.122392,0.709978,0.442472,0.340351,0.544651,0.765546,0.103704,0.756232,0.793866,0.340661,0.64894,0.580908,NO
0.121045,0.410052,0.690353,0.356944,0.877917,0.285603,0.609269,0.372895,0.12116,0.64058,0.286591,0.721803,0.884812,0.238468,0.689756,0.838496,0.665784,0.323607,0.206346,0.41637,0.285739,0.188925,0.643976,0.612221,0.881728,0.391815,0.468758,0.14236,0.641604,0.865773,0.512417,0.713563,0.286584,0.555091,0.170132,0.891788,0.262866,0.539551,0.284292,0.178861,0.126833,0.715417,0.416771,0.385984,0.232023,0.284214,0.678111,0.867987,0.442643,0.745498,0.350776,0.212252,0.716288,0.846946,0.825881,0.842557,0.487943,0.26477,0.619289,0.114366,0.319443,0.700432,0.134252,0.802892,0.886103,0.326307,0.85254,0.173519,0.366794,0.483997,0.586496,0.353195,0.241328,0.621575,0.764815,0.6764,0.884328,0.518083,0.846711,0.80967,0.399569,0.803814,0.426173,0.550824,0.188806,0.812296,0.586476,0.840282,0.299881,0.606827,0.693155,0.851442,0.6963,0.168983,0.345839,0.74619,0.182818,0.695864,0.669453,0.704146,0.23509,0.103441,0.220336,0.638396,0.547086,0.827685,0.261919,0.150238,0.264043,0.107284,0.256733,0.588912,0.311147,0.224638,0.127573,0.16865,0.668254,0.615552,0.396973,0.736204,0.208101,0.81684,0.273511,0.519016,0.881736,0.152471,NO
0.187057,0.649181,0.778112,0.357027,0.425785,0.122688,0.143318,0.841748,0.348673,0.542664,0.344615,0.395786,0.117227,0.851808,0.780114,0.602156,0.870703,0.842213,0.341083,0.397509,0.775425,0.446108,0.392678,0.289047,0.519089,0.753226,0.855139,0.631306,0.213263,0.37167,0.451365,0.136102,0.845184,0.757108,0.190617,0.703505,0.427794,0.391497,0.705347,0.841699,0.527443,0.669763,0.689221,0.724131,0.429046,0.320704,0.236691,0.640427,0.808662,0.206049,0.612268,0.224254,0.705921,0.431414,0.859432,0.234321,0.174599,0.184478,0.157249,0.429328,0.329626,0.586174,0.540261,0.567038,0.343148,0.642583,0.311287,0.162891,0.885061,0.505771,0.200198,0.232898,0.111858,0.854642,0.499779,0.775384,0.381566,0.245628,0.545267,0.300562,0.720272,0.852309,0.344357,0.629745,0.119813,0.200698,0.693109,0.614691,0.352605,0.625877,0.292981,0.760417,0.470262,0.162158,0.40416,0.138247,0.738511,0.881772,0.599715,0.314014,0.748121,0.827281,0.102634,0.192533,0.764413,0.288352,0.875877,0.675721,0.574726,0.389181,0.697718,0.275227,0.201201,0.5025,0.382966,0.857082,0.420562,0.84574,0.285599,0.654756,0.176264,0.329313,0.71985,0.755189,0.890281,0.389138,NO
0.867798,0.429217,0.455828,0.405718,0.221065,0.843033,0.171714,0.74457,0.241411,0.180818,0.708169,0.605273,0.287524,0.532754,0.172706,0.831658,0.385383,0.745708,0.795176,0.494803,0.69335,0.22658,0.657367,0.605923,0.483515,0.198836,0.866577,0.834893,0.653049,0.673413,0.11292,0.730104,0.889384,0.417058,0.314369,0.395968,0.140849,0.754376,0.409162,0.781135,0.375758,0.141587,0.769832,0.430849,0.66719,0.111225,0.405266,0.860738,0.604739,0.831658,0.331924,0.466858,0.152456,0.741781,0.269224,0.19423,0.463511,0.817752,0.797938,0.265464,0.648533,0.518368,0.335632,0.358423,0.12882,0.441628,0.585027,0.140159,0.455853,0.769297,0.424674,0.811826,0.37632,0.823876,0.247274,0.226384,0.317711,0.206912,0.267921,0.564207,0.216473,0.282475,0.606222,0.492614,0.193487,0.175459,0.719314,0.198448,0.653787,0.32855,0.875831,0.227054,0.601418,0.157884,0.613807,0.24155,0.888077,0.525858,0.816237,0.497666,0.445306,0.116657,0.888932,0.786368,0.898596,0.139925,0.103376,0.236644,0.192586,0.141133,0.826319,0.391442,0.618826,0.629959,0.187328,0.817409,0.591184,0.548524,0.699532,0.729363,0.571019,0.170328,0.585517,0.854868,0.83666,0.178515,NO
0.731359,0.2284,0.822075,0.395059,0.15443,0.246387,0.286428,0.509388,0.10215,0.624312,0.875468,0.444204,0.796496,0.216156,0.393284,0.2578,0.893864,0.118251,0.686899,0.555323,0.131398,0.450219,0.147781,0.582648,0.657172,0.884173,0.320031,0.619924,0.212367,0.11438,0.539139,0.383826,0.559953,0.338591,0.101941,0.840525,0.508776,0.232689,0.190294,0.40509,0.483637,0.564868,0.777315,0.842557,0.581272,0.424191,0.69715,0.570739,0.775207,0.348922,0.153884,0.782543,0.676176,0.581094,0.111797,0.337815,0.405554,0.445083,0.587594,0.772582,0.885545,0.429671,0.587293,0.530075,0.731867,0.633184,0.634331,0.469072,0.47953,0.281601,0.359544,0.809881,0.162836,0.42691,0.231266,0.299461,0.287859,0.225401,0.245115,0.823691,0.435495,0.369781,0.666548,0.690781,0.687874,0.890201,0.413171,0.143249,0.595429,0.180191,0.630906,0.29023,0.138608,0.496653,0.752488,0.308871,0.659954,0.301084,0.20534,0.297351,0.482622,0.734406,0.516674,0.866265,0.557948,0.31723,0.118695,0.587657,0.107382,0.329779,0.879113,0.309338,0.462081,0.661653,0.322728,0.68809,0.411567,0.326122,0.567685,0.656004,0.887505,0.853202,0.878126,0.196962,0.650768,0.480239,NO
0.826215,0.839308,0.788301,0.205013,0.806752,0.41942,0.697216,0.495159,0.359901,0.275108,0.507637,0.539507,0.549278,0.782506,0.380649,0.411631,0.600277,0.564112,0.682836,0.766095,0.211022,0.206927,0.795841,0.782733,0.353497,0.773331,0.234292,0.223182,0.633359,0.859633,0.114625,0.854192,0.630275,0.540111,0.191972,0.646717,0.360976,0.71525,0.492923,0.408636,0.539661,0.363614,0.413636,0.824273,0.462562,0.570236,0.437691,0.315108,0.458279,0.654188,0.684878,0.850976,0.130908,0.64376,0.416206,0.774383,0.44646,0.373891,0.488115,0.429362,0.53177,0.386027,0.380588,0.312062,0.483703,0.705582,0.503363,0.29006,0.463171,0.679181,0.856332,0.147728,0.789995,0.689132,0.3738,0.368042,0.113603,0.873618,0.116923,0.873886,0.401534,0.238529,0.853301,0.649857,0.32977,0.479639,0.267208,0.415184,0.289645,0.886625,0.354897,0.831443,0.120825,0.170311,0.879705,0.359157,0.880816,0.206824,0.391055,0.551586,0.826654,0.16387,0.738145,0.653056,0.570512,0.191453,0.88369,0.808742,0.432187,0.366453,0.564142,0.776384,0.830599,0.809415,0.225879,0.455194,0.802025,0.799212,0.864692,0.446261,0.744761,0.759207,0.475616,0.16549,0.536627,0.482366,NO
0.20752,0.742459,0.818405,0.649827,0.232122,0.837543,0.403384,0.665524,0.477827,0.742292,0.732104,0.857647,0.60713,0.459481,0.756189,0.350387,0.479141,0.781776,0.479206,0.172501,0.417152,0.204263,0.38091,0.594257,0.305216,0.214043,0.376809,0.377883,0.318953,0.519233,0.522276,0.717648,0.480369,0.775913,0.600911,0.807594,0.816655,0.740222,0.838977,0.207093,0.763246,0.594716,0.652537,0.13014,0.575625,0.821422,0.684664,0.452244,0.342351,0.730849,0.324344,0.435289,0.895083,0.761523,0.661626,0.589441,0.624516,0.570859,0.50142,0.552731,0.43065,0.594878,0.363021,0.794437,0.510192,0.361212,0.898045,0.87281,0.340536,0.720175,0.401827,0.772641,0.77315,0.591011,0.798265,0.87181,0.757581,0.752663,0.229288,0.601339,0.342758,0.762636,0.254219,0.297475,0.209533,0.507913,0.751978,0.684899,0.146925,0.302203,0.8587,0.131637,0.579629,0.119345,0.723674,0.56518,0.171518,0.631066,0.582426,0.39631,0.297087,0.682353,0.354352,0.808769,0.695278,0.587415,0.219416,0.204716,0.861222,0.363085,0.750605,0.606592,0.259755,0.483514,0.827368,0.513258,0.545771,0.754337,0.794402,0.370765,0.60791,0.317153,0.573474,0.211052,0.548096,0.179713,NO
0.766543,0.402767,0.238153,0.370305,0.778249,0.620149,0.171869,0.621637,0.329383,0.287886,0.296164,0.142522,0.505372,0.284916,0.261683,0.510515,0.457259,0.533529,0.892883,0.382924,0.745426,0.838242,0.315316,0.879377,0.316917,0.479699,0.63128,0.68837,0.829936,0.19158,0.784199,0.882058,0.447744,0.724971,0.632834,0.398955,0.578911,0.682062,0.431175,0.683982,0.797999,0.297081,0.694641,0.760259,0.255113,0.107749,0.40159,0.832936,0.350535,0.114157,0.37952,0.202559,0.315932,0.249846,0.59661,0.172102,0.108144,0.254535,0.106749,0.745806,0.295383,0.419003,0.82374,0.452797,0.574964,0.260986,0.780191,0.866118,0.3664,0.505533,0.182056,0.105714,0.229399,0.811331,0.673895,0.640985,0.44263,0.151064,0.418737,0.380459,0.558478,0.11702,0.252259,0.393254,0.520943,0.488906,0.172973,0.23635,0.664681,0.274447,0.725571,0.343332,0.418379,0.569896,0.113466,0.158271,0.576047,0.773884,0.425567,0.350536,0.899332,0.801429,0.796963,0.101025,0.615986,0.32514,0.332875,0.584677,0.470075,0.461667,0.727117,0.204712,0.651082,0.899362,0.103669,0.294896,0.150961,0.476982,0.262456,0.45257,0.618477,0.520052,0.800936,0.805059,0.874914,0.804265,OKAY
0.856881,0.380894,0.354197,0.605394,0.122574,0.395633,0.148494,0.488302,0.577601,0.241597,0.822468,0.376353,0.15893,0.831017,0.431143,0.833052,0.54484,0.331023,0.301432,0.623476,0.107215,0.134759,0.658985,0.323792,0.743145,0.500132,0.278161,0.653109,0.640068,0.786269,0.67739,0.619724,0.589032,0.147224,0.292753,0.729453,0.768602,0.771112,0.524296,0.595115,0.398472,0.155528,0.841437,0.760262,0.130689,0.236975,0.590148,0.432386,0.727685,0.218951,0.6276,0.28166,0.774685,0.684687,0.693223,0.417645,0.327066,0.33905,0.617431,0.437405,0.392226,0.329182,0.759213,0.756571,0.751275,0.666657,0.255389,0.893358,0.621046,0.192605,0.569245,0.635645,0.459252,0.536913,0.391309,0.848137,0.788522,0.567552,0.668373,0.732252,0.305482,0.455834,0.534964,0.809417,0.18292,0.384674,0.309753,0.173132,0.607779,0.396802,0.357726,0.304294,0.337705,0.399699,0.290853,0.834247,0.52997,0.261796,0.578559,0.535707,0.584588,0.265763,0.512201,0.437564,0.385402,0.149445,0.372662,0.884193,0.368687,0.546847,0.197967,0.682809,0.659964,0.237668,0.327815,0.710567,0.575901,0.518965,0.400523,0.816582,0.772911,0.37854,0.104004,0.117492,0.359133,0.482723,OKAY
0.574521,0.746656,0.484596,0.861027,0.588736,0.574715,0.473742,0.869621,0.591287,0.794643,0.221838,0.261341,0.737862,0.361029,0.137398,0.153012,0.607019,0.699912,0.628324,0.386051,0.671913,0.836261,0.302073,0.365364,0.370993,0.277298,0.536659,0.655126,0.639499,0.535066,0.222271,0.601631,0.359351,0.879605,0.735126,0.568605,0.787089,0.795409,0.866634,0.577962,0.350018,0.84698,0.325342,0.85994,0.415855,0.379043,0.684985,0.665114,0.834953,0.588246,0.55199,0.271306,0.829058,0.13927,0.87172,0.533003,0.598922,0.149529,0.174124,0.699589,0.103025,0.260521,0.751287,0.146223,0.775329,0.20564,0.620626,0.200948,0.394523,0.557676,0.559545,0.177763,0.308628,0.369347,0.258792,0.60363,0.831016,0.329228,0.791886,0.762044,0.329133,0.217785,0.189621,0.416757,0.72066,0.437476,0.514077,0.56685,0.569567,0.441528,0.203276,0.199063,0.257671,0.265277,0.488388,0.427022,0.876035,0.86565,0.831603,0.314375,0.199678,0.496168,0.844245,0.687476,0.362322,0.483382,0.285567,0.147136,0.825488,0.561299,0.743168,0.538019,0.104796,0.689456,0.21005,0.617648,0.104086,0.833635,0.226141,0.207798,0.607432,0.249512,0.646492,0.491474,0.651342,0.674178,OKAY
0.430892,0.655218,0.546898,0.890293,0.782667,0.369282,0.553975,0.647763,0.326306,0.345959,0.847717,0.695308,0.737648,0.880245,0.681441,0.305669,0.342582,0.548917,0.107378,0.739302,0.362797,0.201379,0.224341,0.899115,0.685937,0.689873,0.875269,0.320184,0.311712,0.721944,0.129879,0.582547,0.697649,0.825965,0.353271,0.371485,0.41403,0.8259,0.850133,0.24869,0.339741,0.446463,0.176188,0.339252,0.82959,0.766012,0.513318,0.817641,0.493836,0.717254,0.328236,0.821153,0.669573,0.440073,0.331061,0.197867,0.200829,0.626236,0.361136,0.119529,0.708498,0.662985,0.201945,0.747167,0.336533,0.256972,0.783453,0.806272,0.231163,0.490832,0.793742,0.343199,0.278816,0.1876,0.116066,0.41655,0.225961,0.465589,0.513281,0.654763,0.811555,0.635823,0.447486,0.88604,0.661173,0.28266,0.318265,0.808902,0.469823,0.40184,0.489377,0.331781,0.888284,0.201445,0.494264,0.300596,0.848725,0.23603,0.682504,0.147827,0.144674,0.815168,0.570927,0.122188,0.31354,0.210967,0.428004,0.39492,0.296019,0.878867,0.549576,0.432981,0.394819,0.436593,0.557212,0.875813,0.104026,0.66026,0.492064,0.389911,0.648897,0.337431,0.781667,0.866905,0.532894,0.285549,OKAY
0.634456,0.362603,0.852169,0.528379,0.645339,0.490895,0.634641,0.833853,0.759316,0.663772,0.122812,0.463421,0.277134,0.131766,0.352956,0.858322,0.697369,0.440209,0.523482,0.714665,0.352748,0.445829,0.714627,0.875601,0.508336,0.128448,0.33795,0.317824,0.501857,0.134734,0.826387,0.765834,0.721382,0.260697,0.118448,0.233776,0.585327,0.816363,0.661196,0.867708,0.765903,0.603007,0.163036,0.449281,0.735209,0.821407,0.647906,0.809021,0.668437,0.270643,0.132068,0.62604,0.684451,0.592164,0.610024,0.885891,0.372176,0.524198,0.42956,0.278056,0.765275,0.776266,0.717173,0.742441,0.815023,0.231665,0.41867,0.425169,0.846415,0.314034,0.337829,0.200607,0.220166,0.317932,0.581966,0.863268,0.382189,0.788384,0.445842,0.592976,0.467273,0.652159,0.53605,0.289377,0.663077,0.393359,0.892756,0.481781,0.493842,0.756752,0.471165,0.804223,0.510619,0.773418,0.888524,0.207155,0.322454,0.237946,0.523442,0.302481,0.282548,0.215059,0.816264,0.520107,0.272374,0.291999,0.76734,0.40977,0.751951,0.629387,0.13396,0.188917,0.110145,0.649573,0.633832,0.505958,0.614435,0.853932,0.191654,0.607967,0.525279,0.206087,0.100407,0.160623,0.510148,0.416972,OKAY
0.82732,0.662962,0.819113,0.716733,0.757194,0.805281,0.610383,0.3618,0.746659,0.231007,0.700033,0.254788,0.704001,0.414269,0.87734,0.376373,0.673361,0.501211,0.24254,0.169879,0.871291,0.689021,0.899585,0.877599,0.865982,0.802557,0.484376,0.167694,0.381221,0.227338,0.403873,0.642561,0.586948,0.747862,0.326646,0.1113,0.153496,0.250061,0.848065,0.133466,0.485406,0.510462,0.227301,0.527092,0.266375,0.579507,0.746607,0.809528,0.330601,0.246669,0.751073,0.426504,0.450901,0.693839,0.703116,0.724886,0.229311,0.65125,0.134656,0.194784,0.860958,0.332752,0.657744,0.755993,0.397843,0.184704,0.152185,0.476677,0.499763,0.525324,0.535061,0.572746,0.537615,0.56617,0.805096,0.155477,0.365742,0.25023,0.649962,0.409787,0.10877,0.726694,0.550444,0.618382,0.414898,0.814451,0.214441,0.182314,0.819807,0.648798,0.35178,0.582174,0.297958,0.557162,0.178498,0.269932,0.785164,0.507277,0.139017,0.374655,0.592472,0.13725,0.882105,0.350769,0.278317,0.218242,0.705007,0.304102,0.14709,0.342764,0.866585,0.351653,0.892682,0.429336,0.87411,0.881385,0.810413,0.517648,0.326081,0.797965,0.438638,0.76652,0.201053,0.528491,0.386571,0.66023,OKAY
0.579696,0.746248,0.304011,0.550286,0.409425,0.151866,0.354244,0.234191,0.318454,0.527508,0.336959,0.232343,0.463727,0.312043,0.706153,0.591148,0.162859,0.4982,0.699449,0.183788,0.685985,0.146879,0.193316,0.269792,0.590951,0.198577,0.753759,0.610907,0.22277,0.2568,0.428593,0.534774,0.543897,0.777463,0.360012,0.534611,0.312546,0.784865,0.312512,0.459742,0.367136,0.578244,0.145319,0.87806,0.241259,0.823149,0.507463,0.256875,0.873496,0.341962,0.273526,0.625452,0.110667,0.667947,0.101541,0.579718,0.334665,0.342561,0.630338,0.444921,0.721744,0.469207,0.634152,0.885668,0.748964,0.242532,0.820893,0.640089,0.567938,0.77773,0.690305,0.785347,0.626212,0.600426,0.39007,0.317087,0.579302,0.129241,0.686998,0.65952,0.772748,0.210949,0.135159,0.727981,0.755047,0.326486,0.41591,0.20265,0.135477,0.358866,0.327682,0.261751,0.792267,0.107141,0.675502,0.326869,0.104151,0.395941,0.140752,0.320771,0.275742,0.756638,0.714697,0.167104,0.215301,0.218295,0.644298,0.505653,0.500487,0.692441,0.131785,0.158612,0.256456,0.266127,0.788129,0.670788,0.511211,0.113568,0.344689,0.748299,0.169497,0.619769,0.570018,0.373368,0.740328,0.870154,OKAY
0.693549,0.497625,0.247208,0.454096,0.663466,0.846437,0.641843,0.440181,0.320342,0.612204,0.479136,0.25835,0.584096,0.569037,0.891087,0.812149,0.209631,0.574288,0.357812,0.264062,0.835869,0.744261,0.834235,0.354947,0.406858,0.802006,0.578364,0.225992,0.53909,0.621819,0.723278,0.1611,0.640841,0.269957,0.506842,0.411122,0.57728,0.165827,0.862562,0.331689,0.351552,0.669077,0.888904,0.661894,0.417244,0.7544,0.470626,0.81575,0.565665,0.134818,0.260335,0.173493,0.127993,0.631509,0.108749,0.763643,0.68027,0.700707,0.804785,0.252179,0.232992,0.628866,0.697881,0.444927,0.55731,0.439797,0.331487,0.315893,0.725732,0.583764,0.276324,0.306142,0.24199,0.579311,0.389975,0.575232,0.291145,0.792978,0.797161,0.760459,0.133935,0.723748,0.763589,0.554599,0.361134,0.738342,0.82216,0.61725,0.336966,0.671963,0.45032,0.118361,0.58121,0.865281,0.39407,0.329192,0.658182,0.739437,0.446694,0.497892,0.136564,0.170558,0.155718,0.316629,0.684011,0.753379,0.200029,0.749945,0.673786,0.530206,0.377147,0.16752,0.160619,0.687824,0.850875,0.241966,0.360839,0.76634,0.209201,0.417941,0.510616,0.710865,0.526264,0.698375,0.240971,0.723648,PAIN
0.302184,0.780276,0.527973,0.319007,0.274987,0.37689,0.546994,0.419903,0.243426,0.265435,0.794407,0.656374,0.828173,0.248283,0.221652,0.147121,0.329136,0.876664,0.821605,0.514565,0.214954,0.585882,0.694099,0.850948,0.687721,0.525319,0.729886,0.202214,0.294643,0.666783,0.57389,0.884654,0.690236,0.878413,0.830441,0.325077,0.602758,0.573563,0.449405,0.625117,0.551289,0.707372,0.28389,0.858444,0.546957,0.40822,0.203586,0.298908,0.871186,0.719157,0.57801,0.447842,0.598743,0.498075,0.755158,0.797724,0.830073,0.356432,0.810208,0.137542,0.838399,0.127618,0.282544,0.372245,0.129198,0.835784,0.433682,0.457125,0.70836,0.858765,0.815817,0.893522,0.115168,0.863138,0.226611,0.152734,0.595835,0.593481,0.755889,0.390519,0.853975,0.538854,0.304597,0.797683,0.739703,0.39999,0.596516,0.687411,0.296774,0.191287,0.2636,0.42006,0.589809,0.854846,0.496614,0.410221,0.529977,0.146699,0.758144,0.531549,0.398068,0.736508,0.295809,0.794016,0.526426,0.486204,0.425267,0.3881,0.160839,0.80846,0.276124,0.268559,0.343471,0.603081,0.158281,0.513741,0.666663,0.219918,0.731767,0.671868,0.730662,0.881588,0.163255,0.400402,0.263234,0.562402,PAIN
0.566411,0.540184,0.218326,0.571804,0.636075,0.146732,0.849014,0.732942,0.628744,0.341773,0.87989,0.829302,0.684967,0.722453,0.40677,0.177802,0.590165,0.786854,0.600702,0.479703,0.68823,0.202574,0.650863,0.635392,0.571468,0.893887,0.385655,0.814682,0.561571,0.350252,0.674397,0.724765,0.594822,0.297067,0.531278,0.331259,0.811282,0.868167,0.191101,0.268992,0.838529,0.366666,0.894579,0.373194,0.446559,0.102886,0.38265,0.435679,0.567025,0.668166,0.385414,0.449164,0.145485,0.422112,0.555183,0.728411,0.554987,0.659373,0.791532,0.861918,0.704239,0.430725,0.555021,0.332303,0.859085,0.865078,0.28572,0.3517,0.335589,0.271831,0.682988,0.577536,0.545435,0.723401,0.249596,0.494081,0.461403,0.384878,0.693346,0.335469,0.849013,0.234814,0.716542,0.130227,0.208169,0.312392,0.729086,0.799022,0.206928,0.21038,0.891518,0.281639,0.599599,0.627429,0.604872,0.107566,0.238525,0.413812,0.847717,0.331231,0.331367,0.45984,0.521219,0.462712,0.868247,0.149906,0.100121,0.533727,0.84079,0.431871,0.161423,0.856543,0.846274,0.317979,0.619965,0.870569,0.570012,0.628003,0.10826,0.234846,0.341181,0.277881,0.862143,0.694455,0.655405,0.264241,PAIN
0.84284,0.754411,0.584399,0.833724,0.533745,0.155142,0.675756,0.550047,0.217057,0.105438,0.135361,0.676222,0.633755,0.157566,0.125111,0.245834,0.215424,0.177386,0.875079,0.251607,0.633451,0.360725,0.490978,0.668047,0.799759,0.851658,0.375674,0.369197,0.817756,0.137361,0.338273,0.198245,0.537102,0.741183,0.186128,0.575811,0.15127,0.362496,0.883583,0.794545,0.138899,0.193158,0.117678,0.56404,0.675004,0.363817,0.512955,0.424739,0.768849,0.246904,0.716003,0.495418,0.38489,0.161348,0.638473,0.173412,0.308665,0.84083,0.591597,0.281058,0.372166,0.284089,0.143536,0.55245,0.641608,0.295303,0.851084,0.304723,0.473041,0.315286,0.61324,0.480578,0.296487,0.814856,0.160207,0.25581,0.739019,0.451766,0.884027,0.248316,0.721834,0.163161,0.417119,0.409634,0.28939,0.11567,0.501233,0.198846,0.894646,0.23552,0.668965,0.870687,0.43844,0.339174,0.88131,0.882545,0.619237,0.638641,0.384785,0.516135,0.165268,0.416853,0.320092,0.686487,0.834826,0.693438,0.791575,0.690327,0.397874,0.476033,0.754684,0.269846,0.863165,0.3279,0.484929,0.252841,0.890937,0.884214,0.280551,0.495445,0.430044,0.48557,0.633743,0.640446,0.283692,0.482168,PAIN
0.187238,0.154808,0.119255,0.443734,0.519595,0.470833,0.298239,0.117926,0.151725,0.529163,0.760466,0.469501,0.804232,0.735808,0.427602,0.228011,0.296089,0.228496,0.664336,0.718578,0.350653,0.885635,0.580114,0.312812,0.641284,0.29895,0.60037,0.600767,0.871006,0.518826,0.42213,0.869799,0.300802,0.196572,0.617222,0.748444,0.399783,0.571216,0.43464,0.310315,0.377537,0.22289,0.28366,0.37947,0.696354,0.147879,0.80728,0.89057,0.89539,0.216691,0.542092,0.540451,0.119281,0.773707,0.294139,0.150393,0.136145,0.604035,0.465394,0.491864,0.607804,0.166542,0.353017,0.157761,0.511717,0.59264,0.896417,0.220347,0.864232,0.891,0.400439,0.40235,0.695514,0.642766,0.501865,0.25438,0.570766,0.530771,0.78501,0.691351,0.707317,0.839362,0.762066,0.628522,0.281325,0.196665,0.500125,0.607631,0.358003,0.379529,0.463283,0.5754,0.543225,0.76267,0.467264,0.642727,0.12805,0.688189,0.276309,0.673845,0.330375,0.223453,0.683333,0.622494,0.841679,0.584499,0.237216,0.672999,0.794207,0.127475,0.699947,0.836743,0.534402,0.747585,0.223994,0.486075,0.808353,0.35972,0.154675,0.169218,0.776749,0.753831,0.705018,0.134301,0.581647,0.354939,PAIN
0.239629,0.19117,0.756863,0.334012,0.518041,0.516284,0.279017,0.541856,0.49359,0.52822,0.6507,0.570687,0.319275,0.540497,0.424693,0.322616,0.213649,0.100926,0.424312,0.405157,0.345154,0.832272,0.588649,0.140031,0.869309,0.312794,0.883149,0.203021,0.349171,0.71869,0.644467,0.702824,0.693114,0.438368,0.765413,0.161832,0.431612,0.107463,0.301157,0.412662,0.779117,0.179608,0.689126,0.847972,0.61924,0.77858,0.745646,0.126532,0.173723,0.239551,0.196853,0.728548,0.203816,0.862676,0.619055,0.556942,0.277786,0.684427,0.73752,0.66574,0.239694,0.364376,0.170014,0.400691,0.340844,0.669729,0.624946,0.358505,0.104545,0.746973,0.481158,0.383039,0.437855,0.750366,0.366322,0.175314,0.528999,0.64406,0.291471,0.262814,0.370916,0.789195,0.580822,0.792945,0.195749,0.619134,0.270798,0.175032,0.15673,0.849164,0.692613,0.540527,0.437033,0.103752,0.226326,0.25615,0.560396,0.436693,0.769117,0.665774,0.647121,0.716425,0.618482,0.375523,0.844538,0.141929,0.360016,0.309627,0.296711,0.422653,0.187919,0.170362,0.504576,0.256749,0.381516,0.262216,0.354733,0.790916,0.604086,0.693104,0.385197,0.298201,0.847282,0.787767,0.15755,0.854266,PAIN
0.542766,0.5292,0.186609,0.438704,0.242427,0.296744,0.47855,0.655381,0.112446,0.158812,0.784273,0.567451,0.113779,0.195058,0.218191,0.653066,0.807278,0.714201,0.567358,0.554194,0.642496,0.22118,0.566895,0.48451,0.734955,0.271512,0.114038,0.420273,0.135589,0.380952,0.714155,0.53119,0.701357,0.787283,0.227325,0.78111,0.764824,0.894042,0.195312,0.397758,0.640658,0.822474,0.189822,0.374483,0.513569,0.705064,0.342892,0.564172,0.265353,0.820373,0.352387,0.382751,0.831166,0.359322,0.349207,0.804167,0.771784,0.300859,0.102627,0.136331,0.403434,0.117967,0.866181,0.509363,0.751225,0.395019,0.479903,0.379706,0.806177,0.164378,0.756351,0.411981,0.822792,0.638537,0.290901,0.769186,0.253999,0.279294,0.305327,0.594437,0.106639,0.145893,0.262222,0.798933,0.583806,0.528305,0.195333,0.761343,0.201997,0.120161,0.678684,0.178596,0.232782,0.398504,0.82275,0.600373,0.7805,0.407966,0.194513,0.574693,0.465628,0.789907,0.6215,0.141265,0.818514,0.57806,0.614244,0.381123,0.206862,0.626176,0.23059,0.823606,0.844919,0.586091,0.304577,0.399149,0.607062,0.130958,0.451464,0.879833,0.692191,0.432262,0.821443,0.569981,0.869776,0.18151,PAIN
0.378539,0.712223,0.601979,0.34769,0.149889,0.258842,0.885109,0.639256,0.414039,0.837863,0.642057,0.86118,0.220608,0.726006,0.821725,0.877619,0.399605,0.25774,0.435415,0.570763,0.628589,0.634717,0.192955,0.772333,0.216336,0.271901,0.500884,0.531918,0.659745,0.450495,0.749803,0.557359,0.178709,0.117912,0.87136,0.280173,0.233739,0.491818,0.578579,0.349486,0.445066,0.151411,0.20726,0.562914,0.797152,0.858843,0.631111,0.728875,0.342987,0.250295,0.121742,0.638591,0.65631,0.475153,0.644352,0.279729,0.255603,0.502417,0.352517,0.113176,0.182599,0.577124,0.546238,0.78468,0.269952,0.874222,0.427793,0.222228,0.789941,0.492882,0.497942,0.891195,0.85365,0.26919,0.104304,0.222288,0.334205,0.860372,0.789121,0.320997,0.572652,0.432466,0.383363,0.595513,0.73429,0.133344,0.718038,0.724261,0.437042,0.142796,0.523715,0.381686,0.142768,0.240754,0.367183,0.272587,0.654144,0.444133,0.244941,0.70912,0.524215,0.193083,0.839906,0.82101,0.207558,0.512104,0.686143,0.896248,0.765806,0.790517,0.435313,0.628768,0.844308,0.414463,0.21777,0.676903,0.24278,0.148432,0.693603,0.191762,0.690308,0.882837,0.743275,0.333952,0.134123,0.377608,PLEASE
0.869852,0.434843,0.42842,0.433506,0.478232,0.637553,0.257465,0.287267,0.883347,0.630037,0.313468,0.681615,0.444122,0.326976,0.153837,0.737132,0.484114,0.558292,0.193421,0.728453,0.238208,0.685753,0.31149,0.101927,0.73172,0.767932,0.556637,0.833926,0.434171,0.35005,0.795545,0.170506,0.593664,0.512604,0.37208,0.64041,0.802754,0.143199,0.312666,0.625572,0.802635,0.383126,0.416674,0.450465,0.200096,0.193728,0.5737,0.215288,0.820679,0.20496,0.635725,0.504201,0.641186,0.128966,0.879639,0.650758,0.113873,0.711937,0.294321,0.381552,0.564968,0.800196,0.752008,0.209525,0.815236,0.668924,0.571025,0.775367,0.617575,0.263021,0.657931,0.654791,0.305368,0.73418,0.433918,0.698543,0.249196,0.706316,0.295061,0.186974,0.48202,0.68759,0.15498,0.177605,0.671559,0.667394,0.446499,0.811513,0.564267,0.546515,0.800644,0.444521,0.212132,0.109014,0.176368,0.552141,0.836036,0.448732,0.546478,0.182934,0.305861,0.372817,0.279204,0.599984,0.399999,0.387526,0.277311,0.459254,0.521959,0.296008,0.692288,0.299631,0.246385,0.391263,0.316091,0.486559,0.795599,0.843553,0.550869,0.608056,0.279186,0.632973,0.758404,0.161503,0.323005,0.471985,PLEASE
0.253027,0.23374,0.332076,0.176623,0.542544,0.334817,0.681404,0.238111,0.648011,0.296129,0.887608,0.815167,0.822784,0.796096,0.88775,0.800896,0.358423,0.200088,0.473771,0.754078,0.709761,0.894666,0.153588,0.330611,0.602852,0.743411,0.336377,0.520542,0.388759,0.632256,0.322984,0.705059,0.741886,0.267122,0.801163,0.385313,0.338019,0.771715,0.115052,0.25303,0.422364,0.361812,0.467895,0.537877,0.848407,0.806387,0.387432,0.616504,0.296525,0.108737,0.367481,0.140439,0.643699,0.811562,0.10613,0.470391,0.659929,0.339964,0.847062,0.659307,0.890605,0.610223,0.326384,0.729867,0.714153,0.788236,0.564986,0.469515,0.203085,0.824203,0.468308,0.202399,0.297239,0.445001,0.331522,0.430644,0.74718,0.172762,0.360493,0.530383,0.844397,0.818852,0.321643,0.412517,0.520691,0.150368,0.364223,0.834284,0.360899,0.41752,0.67807,0.664979,0.361294,0.634318,0.662132,0.430148,0.835394,0.881235,0.339255,0.408155,0.164561,0.154899,0.820116,0.608639,0.310645,0.729538,0.879766,0.715627,0.506455,0.650621,0.821047,0.55942,0.691716,0.429739,0.773251,0.59901,0.324342,0.65447,0.778898,0.708467,0.799917,0.864366,0.6737,0.715223,0.680866,0.792162,PLEASE
0.305429,0.108472,0.462115,0.515201,0.326026,0.250173,0.848127,0.180812,0.307947,0.535947,0.447425,0.147002,0.658791,0.100586,0.384067,0.885572,0.554511,0.386075,0.595061,0.334882,0.872169,0.193023,0.218155,0.399813,0.817505,0.166857,0.432015,0.106659,0.342451,0.105812,0.657478,0.754219,0.64475,0.886419,0.429029,0.114071,0.86601,0.741283,0.563676,0.399345,0.828913,0.896773,0.396501,0.448885,0.278845,0.192909,0.304663,0.641538,0.717246,0.782207,0.424214,0.126414,0.203274,0.381454,0.492971,0.128439,0.295099,0.892684,0.136296,0.247343,0.366341,0.313059,0.70519,0.383232,0.336194,0.298415,0.423192,0.154589,0.538255,0.228711,0.108968,0.887381,0.632648,0.558821,0.790779,0.184458,0.394816,0.858872,0.306821,0.337008,0.746167,0.652987,0.65274,0.549522,0.586734,0.458859,0.364472,0.294458,0.832839,0.878448,0.212002,0.726996,0.243458,0.36402,0.547862,0.420332,0.515554,0.313559,0.693487,0.522239,0.220119,0.498358,0.622884,0.320462,0.886775,0.748453,0.441427,0.189027,0.784542,0.125247,0.726576,0.764326,0.241003,0.782321,0.502581,0.494613,0.113018,0.722129,0.828347,0.508341,0.318506,0.100821,0.384191,0.221719,0.306633,0.684266,PLEASE
0.477291,0.753784,0.424182,0.410237,0.86795,0.720621,0.628453,0.322009,0.318005,0.606316,0.245959,0.802225,0.894547,0.612467,0.287083,0.210657,0.453819,0.72195,0.544389,0.165172,0.863288,0.290082,0.772319,0.835537,0.79177,0.546654,0.612986,0.158191,0.384646,0.187254,0.271094,0.519531,0.257169,0.834941,0.853126,0.604969,0.863035,0.887309,0.872486,0.258388,0.615942,0.189965,0.644095,0.417816,0.817825,0.651353,0.178959,0.878607,0.13143,0.598099,0.130625,0.747141,0.124532,0.411311,0.403796,0.154602,0.843638,0.351407,0.78747,0.288769,0.727564,0.708005,0.114323,0.835653,0.324777,0.721788,0.237341,0.371007,0.197061,0.265195,0.492853,0.456011,0.678116,0.817522,0.863677,0.70674,0.410978,0.828519,0.813649,0.265887,0.689857,0.440672,0.19219,0.373381,0.715118,0.364931,0.275891,0.257508,0.866472,0.595264,0.669952,0.321906,0.16221,0.391011,0.775173,0.555009,0.125422,0.755518,0.106362,0.121044,0.500797,0.244665,0.426069,0.71996,0.165587,0.603225,0.152999,0.133909,0.61479,0.576786,0.58565,0.616924,0.398793,0.55238,0.76155,0.879745,0.100817,0.239602,0.774328,0.625267,0.334861,0.607982,0.19244,0.389482,0.734725,0.622738,PLEASE
0.781607,0.480828,0.623277,0.750866,0.786054,0.320782,0.332054,0.131575,0.684645,0.403324,0.878958,0.529694,0.506025,0.81414,0.738111,0.845209,0.894503,0.266419,0.887955,0.203975,0.564613,0.414006,0.38929,0.870906,0.410805,0.679776,0.825474,0.264269,0.1207,0.68619,0.871084,0.839922,0.379031,0.367088,0.405697,0.503938,0.31386,0.299606,0.776697,0.806006,0.616027,0.105792,0.272625,0.124382,0.269292,0.781918,0.491163,0.197509,0.119218,0.818156,0.886029,0.69871,0.127042,0.786757,0.833535,0.298619,0.230019,0.665015,0.54029,0.545165,0.722529,0.874499,0.757519,0.214404,0.823163,0.500649,0.898763,0.312236,0.178069,0.125408,0.820625,0.605069,0.519658,0.895216,0.260092,0.796171,0.70179,0.336333,0.354469,0.575411,0.804066,0.23104,0.297775,0.841537,0.832449,0.716,0.575253,0.686734,0.39975,0.346493,0.541141,0.827343,0.320085,0.392746,0.117226,0.461872,0.159638,0.142019,0.618441,0.145363,0.380528,0.828413,0.142037,0.615348,0.796661,0.484946,0.73695,0.889615,0.585213,0.812229,0.575905,0.572764,0.831961,0.827029,0.395815,0.550744,0.193959,0.162361,0.599633,0.705872,0.870543,0.105028,0.809388,0.719791,0.616228,0.802061,PLEASE
0.798998,0.314679,0.674924,0.752159,0.713651,0.236469,0.432332,0.754126,0.532588,0.648496,0.260746,0.19357,0.608131,0.853917,0.500788,0.55493,0.624828,0.154389,0.280647,0.124755,0.244865,0.108387,0.742945,0.271874,0.548542,0.500333,0.278654,0.444086,0.255285,0.176331,0.635744,0.585964,0.663961,0.225147,0.138928,0.877525,0.49076,0.87853,0.772637,0.311162,0.847883,0.617385,0.41162,0.419247,0.88102,0.177474,0.844635,0.403028,0.660635,0.658795,0.528439,0.537972,0.595244,0.585006,0.532868,0.132622,0.348355,0.840951,0.187259,0.576689,0.889706,0.50547,0.311467,0.53701,0.219211,0.244061,0.440052,0.582409,0.175329,0.266563,0.636656,0.572973,0.636464,0.289482,0.765053,0.624438,0.630696,0.295918,0.313383,0.219972,0.44362,0.461569,0.500778,0.449287,0.867735,0.870385,0.632056,0.480022,0.278454,0.360975,0.219298,0.867596,0.62284,0.793082,0.599134,0.134105,0.502931,0.504518,0.161305,0.42716,0.604384,0.836147,0.635762,0.653218,0.117684,0.514157,0.278296,0.12368,0.767746,0.649935,0.465824,0.483367,0.232147,0.668811,0.344823,0.241629,0.405657,0.687213,0.826072,0.409694,0.293173,0.884017,0.877474,0.874744,0.500838,0.416734,PLEASE
0.634477,0.169425,0.26425,0.341154,0.162701,0.119542,0.886964,0.577851,0.564278,0.205156,0.676779,0.397199,0.793972,0.139011,0.662751,0.621086,0.393611,0.618622,0.168622,0.276768,0.762663,0.388823,0.383487,0.873197,0.76429,0.852936,0.353892,0.685607,0.776576,0.420565,0.680933,0.813744,0.725323,0.637637,0.410029,0.109738,0.766625,0.876941,0.142825,0.351854,0.678536,0.581948,0.161288,0.713602,0.255758,0.897222,0.444498,0.370267,0.853971,0.293357,0.802501,0.661739,0.761546,0.731831,0.129388,0.214602,0.820128,0.716546,0.561999,0.156958,0.670199,0.189914,0.516717,0.845285,0.867932,0.869603,0.673116,0.516782,0.112019,0.868896,0.46507,0.160979,0.127306,0.316977,0.386239,0.610883,0.625098,0.42348,0.65998,0.749665,0.703943,0.55359,0.685425,0.700836,0.418868,0.724811,0.139901,0.388719,0.283461,0.229002,0.784751,0.755488,0.692204,0.2429,0.716034,0.594627,0.837564,0.457386,0.27886,0.611448,0.584843,0.60287,0.585741,0.881843,0.498013,0.17096,0.828204,0.349213,0.125505,0.788322,0.424949,0.644603,0.460423,0.388438,0.601794,0.104681,0.824978,0.453239,0.29985,0.801112,0.495478,0.306338,0.611779,0.130269,0.295029,0.86954,SAD
0.278017,0.332805,0.260714,0.612107,0.723889,0.555172,0.129937,0.761459,0.548187,0.43008,0.643832,0.175577,0.248342,0.843998,0.76817,0.70173,0.128073,0.746659,0.394041,0.56485,0.790301,0.786239,0.854059,0.24442,0.738027,0.792675,0.865928,0.137983,0.727694,0.737822,0.210568,0.697134,0.632834,0.678721,0.180618,0.362467,0.339513,0.33381,0.548991,0.538636,0.845831,0.182808,0.185869,0.510355,0.737158,0.157997,0.711685,0.830587,0.384017,0.240795,0.339557,0.851421,0.486836,0.801356,0.619834,0.828327,0.573356,0.748009,0.651258,0.872058,0.871403,0.52239,0.133401,0.527415,0.428986,0.461661,0.871574,0.435093,0.679476,0.630632,0.287835,0.378113,0.57936,0.142031,0.411429,0.810258,0.689048,0.375447,0.418318,0.627033,0.705569,0.716663,0.284585,0.78894,0.738818,0.281572,0.672954,0.722653,0.175806,0.803796,0.130884,0.283513,0.406254,0.116346,0.19437,0.6855,0.3453,0.512283,0.718631,0.288141,0.646625,0.40821,0.669921,0.899292,0.467858,0.296781,0.891356,0.643813,0.192181,0.825801,0.612926,0.19901,0.772422,0.224476,0.509406,0.339767,0.507235,0.284228,0.70359,0.821602,0.273005,0.424505,0.264617,0.703117,0.105256,0.235846,SAD
0.778542,0.749806,0.630393,0.740665,0.885902,0.667682,0.648156,0.3738,0.390652,0.155121,0.771775,0.817197,0.800853,0.185686,0.629594,0.5346,0.367464,0.431464,0.598917,0.710629,0.490012,0.261476,0.562053,0.386699,0.526391,0.638728,0.775711,0.149482,0.575556,0.181211,0.107986,0.287902,0.491781,0.273047,0.382351,0.828157,0.221988,0.794377,0.879558,0.313955,0.517532,0.736153,0.817823,0.459233,0.829688,0.387672,0.877592,0.599356,0.116214,0.826316,0.745829,0.116797,0.403563,0.576423,0.317152,0.631055,0.811026,0.345892,0.279297,0.537036,0.620329,0.449306,0.395626,0.333603,0.288981,0.201194,0.555537,0.531509,0.333868,0.84543,0.107143,0.778498,0.297916,0.352633,0.408509,0.870215,0.664691,0.785145,0.477668,0.540241,0.295205,0.709895,0.296645,0.646194,0.764706,0.128353,0.396134,0.334542,0.261496,0.288569,0.516971,0.89397,0.826836,0.630106,0.284234,0.617256,0.143353,0.154291,0.518997,0.666072,0.835015,0.259168,0.496223,0.807593,0.365959,0.800424,0.182912,0.228895,0.318787,0.115181,0.509947,0.259489,0.212124,0.704494,0.228181,0.431198,0.246348,0.340665,0.467104,0.425044,0.43135,0.891811,0.477361,0.262869,0.717927,0.888722,SAD
0.203377,0.161918,0.204243,0.793958,0.23735,0.108489,0.210118,0.412617,0.734705,0.248237,0.314088,0.44985,0.581408,0.392867,0.386444,0.473915,0.159411,0.585041,0.681702,0.2348,0.135766,0.587996,0.346172,0.808168,0.731416,0.426898,0.403391,0.116189,0.463628,0.630079,0.238489,0.525312,0.177356,0.131196,0.347621,0.460006,0.172568,0.329766,0.419042,0.160277,0.67926,0.553842,0.70419,0.541475,0.705772,0.607868,0.273645,0.484052,0.251863,0.271621,0.499833,0.116264,0.793959,0.772634,0.769444,0.62345,0.390953,0.531977,0.806505,0.214102,0.797791,0.881154,0.298648,0.109878,0.123767,0.13078,0.739565,0.263375,0.47269,0.7659,0.590739,0.222434,0.63779,0.710932,0.684354,0.881091,0.84467,0.280306,0.204913,0.16199,0.847696,0.558583,0.241294,0.351318,0.164666,0.523362,0.435386,0.689794,0.692173,0.176936,0.238984,0.81067,0.581059,0.36859,0.871088,0.608317,0.63942,0.402175,0.409765,0.827529,0.670469,0.367963,0.288062,0.42051,0.66901,0.560429,0.306276,0.365025,0.562268,0.242852,0.672924,0.240594,0.714029,0.730477,0.16575,0.338688,0.820387,0.75318,0.11279,0.249278,0.419777,0.616164,0.88158,0.498059,0.697534,0.130547,SAD
0.521253,0.292821,0.674534,0.834195,0.283805,0.652585,0.564408,0.868027,0.179221,0.211383,0.868021,0.46121,0.417814,0.184817,0.130927,0.322353,0.171982,0.450983,0.109562,0.897875,0.117136,0.235582,0.533532,0.881423,0.23027,0.860902,0.655952,0.628127,0.769911,0.566884,0.416771,0.309975,0.286179,0.163856,0.189769,0.392172,0.22955,0.730252,0.710859,0.660661,0.791731,0.410754,0.574875,0.364218,0.528989,0.223604,0.604349,0.843878,0.626123,0.348605,0.730417,0.569894,0.691093,0.295811,0.453053,0.145365,0.459005,0.39959,0.661797,0.693958,0.322365,0.232263,0.441135,0.43945,0.462132,0.654206,0.880044,0.647408,0.481322,0.545059,0.802004,0.778034,0.823096,0.887872,0.170442,0.723056,0.705228,0.218712,0.638039,0.839569,0.16071,0.538009,0.756933,0.852973,0.735324,0.770894,0.777148,0.567077,0.716067,0.751269,0.772498,0.253259,0.48765,0.253303,0.429814,0.544725,0.142241,0.586703,0.545295,0.685609,0.135496,0.544292,0.354517,0.707614,0.466745,0.474694,0.481109,0.201283,0.616054,0.779485,0.812209,0.306778,0.188007,0.309593,0.885691,0.219833,0.238916,0.125228,0.778663,0.117124,0.29656,0.573261,0.853584,0.240547,0.75584,0.416282,SAD
0.563254,0.595043,0.332828,0.158382,0.17375,0.15941,0.489933,0.893239,0.405746,0.427797,0.585699,0.330206,0.402296,0.626943,0.285745,0.593558,0.450707,0.716829,0.585286,0.565815,0.180781,0.851381,0.373735,0.163168,0.313441,0.843339,0.543466,0.310556,0.235883,0.106982,0.501559,0.473822,0.317149,0.334322,0.385784,0.559834,0.592521,0.357668,0.180784,0.800932,0.366743,0.72774,0.697874,0.270209,0.897258,0.326678,0.794285,0.692912,0.616225,0.446944,0.150519,0.260081,0.75236,0.156625,0.368352,0.819234,0.106175,0.286814,0.41205,0.566742,0.571721,0.662423,0.278158,0.306559,0.488416,0.329664,0.489129,0.472541,0.453775,0.243508,0.207309,0.456588,0.377351,0.288739,0.65443,0.863539,0.707363,0.439571,0.389401,0.224435,0.534321,0.756405,0.883778,0.554019,0.890885,0.315461,0.524034,0.306047,0.239215,0.157335,0.783891,0.678986,0.145929,0.677565,0.24258,0.24682,0.624337,0.496426,0.184866,0.349323,0.598565,0.820373,0.874518,0.709578,0.364641,0.429909,0.786041,0.243783,0.559497,0.636794,0.80993,0.74491,0.882208,0.594602,0.63604,0.700141,0.79667,0.276974,0.223189,0.828591,0.831784,0.144709,0.224585,0.123375,0.468066,0.83144,SAD
0.409984,0.632077,0.413726,0.174872,0.881514,0.855675,0.64056,0.868208,0.201152,0.117001,0.590331,0.430031,0.756163,0.873461,0.13226,0.247225,0.560784,0.731489,0.457267,0.718423,0.3824,0.614754,0.320963,0.83725,0.768785,0.679358,0.465099,0.182888,0.104863,0.483354,0.889701,0.4014,0.638143,0.306045,0.190298,0.430248,0.83325,0.842338,0.375563,0.742844,0.842612,0.453556,0.616385,0.437127,0.150873,0.411712,0.423445,0.19677,0.314673,0.716885,0.576767,0.221177,0.732269,0.469786,0.561624,0.859456,0.688183,0.709126,0.464519,0.742179,0.32728,0.811902,0.522361,0.211413,0.777776,0.312754,0.471168,0.250311,0.30484,0.455104,0.203555,0.516833,0.255196,0.519138,0.363316,0.346807,0.525785,0.727672,0.859478,0.789681,0.675364,0.188698,0.63595,0.532341,0.159326,0.302931,0.497951,0.791991,0.257048,0.585194,0.671727,0.631731,0.333948,0.545085,0.48043,0.328447,0.654481,0.471997,0.208101,0.103208,0.483554,0.710369,0.176785,0.208058,0.13578,0.379565,0.784169,0.312757,0.634861,0.851062,0.651335,0.552861,0.227701,0.137774,0.875162,0.467831,0.58265,0.802635,0.35455,0.261459,0.550637,0.498047,0.360982,0.842835,0.268096,0.401883,SAD
0.828613,0.370422,0.46581,0.507136,0.740562,0.751938,0.138771,0.715356,0.670852,0.169133,0.442164,0.417648,0.780645,0.357822,0.717153,0.326393,0.783516,0.486526,0.579747,0.18938,0.127098,0.447547,0.419494,0.629105,0.284451,0.259105,0.564267,0.23865,0.600084,0.160912,0.623552,0.359734,0.387588,0.724732,0.832519,0.7073,0.638618,0.606645,0.231315,0.891099,0.341484,0.311664,0.45466,0.899437,0.706491,0.569506,0.355853,0.443521,0.771749,0.638345,0.288866,0.478221,0.474634,0.318609,0.833206,0.333287,0.424675,0.829042,0.443262,0.425316,0.342272,0.318343,0.292062,0.828567,0.328963,0.331,0.600999,0.321385,0.239764,0.827256,0.346537,0.670364,0.144424,0.361358,0.819211,0.522815,0.1824,0.709185,0.856156,0.653614,0.8926,0.87742,0.75657,0.864107,0.433844,0.120262,0.26025,0.375858,0.615405,0.485876,0.156449,0.838642,0.299692,0.347981,0.29055,0.461766,0.483837,0.217126,0.517081,0.333022,0.878158,0.871279,0.788821,0.369607,0.500211,0.107763,0.636855,0.696883,0.866603,0.328209,0.344377,0.316585,0.818551,0.407688,0.801059,0.566644,0.833418,0.867427,0.503455,0.10677,0.754302,0.83615,0.416417,0.873275,0.652963,0.47064,SCHOOL
0.793118,0.802832,0.640809,0.350612,0.149841,0.271226,0.628282,0.568965,0.66207,0.106265,0.435222,0.804032,0.615328,0.511965,0.591026,0.706165,0.831961,0.545459,0.889292,0.485112,0.28048,0.442472,0.146038,0.453642,0.136045,0.120843,0.233017,0.681159,0.231795,0.784972,0.851405,0.217538,0.696033,0.556505,0.875545,0.446907,0.879047,0.538494,0.183142,0.530577,0.244356,0.339492,0.574128,0.799076,0.231567,0.867112,0.737921,0.159978,0.759019,0.764747,0.128386,0.319608,0.146611,0.183924,0.53856,0.80924,0.560629,0.669216,0.513559,0.597223,0.706412,0.830371,0.140952,0.372498,0.122363,0.321078,0.293489,0.629184,0.687494,0.284489,0.282915,0.178907,0.605094,0.519324,0.261756,0.599504,0.8521,0.269624,0.665766,0.743121,0.627607,0.897419,0.895196,0.591373,0.765265,0.515769,0.226119,0.600422,0.849931,0.351854,0.689239,0.692061,0.109435,0.280447,0.307378,0.601741,0.764633,0.167905,0.308884,0.282465,0.761003,0.741906,0.428048,0.676355,0.642139,0.384663,0.675978,0.529495,0.366853,0.529817,0.736293,0.817703,0.437013,0.718295,0.806971,0.362267,0.259298,0.500197,0.111498,0.484699,0.647897,0.66913,0.697327,0.214808,0.660749,0.15233,SCHOOL
0.318646,0.371953,0.162724,0.321122,0.881111,0.758512,0.841057,0.585876,0.258084,0.369381,0.351021,0.439665,0.807095,0.779817,0.863569,0.673793,0.795229,0.576957,0.563722,0.339908,0.287806,0.52978,0.548482,0.113658,0.203145,0.219224,0.592978,0.683445,0.559335,0.337059,0.65984,0.794519,0.250336,0.149059,0.146242,0.403961,0.305121,0.743437,0.503908,0.578451,0.314478,0.405021,0.528992,0.573215,0.634336,0.182567,0.105809,0.328695,0.558217,0.469563,0.649727,0.500609,0.846994,0.517058,0.342971,0.443301,0.76278,0.432409,0.426335,0.495237,0.530927,0.456666,0.404228,0.783745,0.372838,0.734798,0.705725,0.267894,0.721183,0.489339,0.776095,0.745608,0.346464,0.677408,0.776118,0.40648,0.173798,0.729659,0.63411,0.658765,0.233655,0.535275,0.612597,0.493607,0.679781,0.634084,0.321645,0.624417,0.524729,0.745233,0.214203,0.518906,0.703249,0.808926,0.805047,0.355075,0.790737,0.357094,0.655777,0.669053,0.571825,0.353426,0.323846,0.620272,0.144244,0.760019,0.334536,0.344899,0.892562,0.564417,0.560337,0.672714,0.199192,0.524647,0.503316,0.601209,0.639353,0.885253,0.415545,0.358563,0.685772,0.448909,0.301064,0.391158,0.829043,0.215224,SCHOOL
0.767617,0.295069,0.465152,0.509281,0.84166,0.442926,0.809817,0.139807,0.128075,0.377891,0.368545,0.500103,0.400278,0.591408,0.867815,0.421991,0.524477,0.453582,0.28021,0.379175,0.881034,0.251747,0.676844,0.188013,0.319354,0.490724,0.225719,0.735057,0.288239,0.106408,0.604524,0.68699,0.189448,0.559151,0.217321,0.587984,0.621175,0.532801,0.734583,0.610529,0.279888,0.634806,0.849634,0.111976,0.596455,0.877537,0.895613,0.765777,0.352239,0.595885,0.449137,0.408387,0.542626,0.371989,0.226074,0.365247,0.744653,0.105391,0.677006,0.793193,0.343942,0.390722,0.592601,0.621169,0.211666,0.865555,0.599728,0.403778,0.698296,0.112126,0.245665,0.603359,0.50676,0.574039,0.776819,0.27404,0.107959,0.621133,0.684332,0.162294,0.444947,0.395317,0.288022,0.279042,0.424508,0.820979,0.162207,0.421246,0.778158,0.710911,0.827147,0.767576,0.513315,0.274042,0.262584,0.784033,0.665855,0.510463,0.693959,0.296682,0.276002,0.145772,0.802685,0.496234,0.873954,0.505037,0.807228,0.804945,0.207342,0.356995,0.331194,0.131937,0.237301,0.34982,0.678458,0.837404,0.418417,0.33205,0.686029,0.33756,0.467758,0.367673,0.832135,0.433491,0.52217,0.221512,SCHOOL
0.292336,0.655211,0.457724,0.853521,0.305863,0.356669,0.494824,0.229334,0.287518,0.146457,0.316801,0.548667,0.228727,0.850729,0.464114,0.251314,0.811499,0.686595,0.744487,0.804609,0.399229,0.493013,0.231044,0.40065,0.784574,0.876787,0.366464,0.135853,0.689613,0.33342,0.595543,0.222794,0.54814,0.676654,0.811537,0.318866,0.265302,0.176434,0.544236,0.268021,0.258899,0.425236,0.515616,0.601838,0.221804,0.439098,0.128133,0.349175,0.519576,0.508599,0.695129,0.56793,0.252257,0.560541,0.78679,0.711269,0.38355,0.30889,0.288944,0.510075,0.801594,0.422673,0.448376,0.614171,0.335802,0.762168,0.631747,0.734496,0.816249,0.528765,0.350208,0.718284,0.446231,0.783921,0.33527,0.617671,0.219884,0.495076,0.147552,0.153613,0.520002,0.663191,0.740986,0.737882,0.263105,0.489648,0.351738,0.248552,0.195103,0.571368,0.463381,0.561497,0.553095,0.68145,0.362056,0.54744,0.548303,0.297496,0.76802,0.418884,0.251114,0.20761,0.296215,0.706342,0.588577,0.171307,0.379857,0.821812,0.821506,0.357284,0.76761,0.34238,0.342382,0.378782,0.554504,0.537242,0.875709,0.873909,0.533412,0.237126,0.554127,0.677949,0.269421,0.367605,0.456675,0.59656,SCHOOL
0.893313,0.132688,0.854711,0.245622,0.583227,0.244917,0.253064,0.792005,0.464467,0.242626,0.88671,0.251078,0.890672,0.522413,0.330091,0.739672,0.728237,0.846382,0.131569,0.518755,0.650281,0.705784,0.846911,0.811755,0.898135,0.126318,0.294545,0.717094,0.2091,0.428124,0.818724,0.3474,0.103195,0.394474,0.573278,0.540094,0.20511,0.534047,0.593374,0.892739,0.871578,0.271474,0.742999,0.852,0.459879,0.421405,0.813812,0.752965,0.367382,0.379778,0.286347,0.410616,0.146248,0.315259,0.517534,0.266133,0.247475,0.447495,0.657558,0.709369,0.871261,0.132676,0.351385,0.364088,0.541574,0.671217,0.317784,0.520615,0.531553,0.760382,0.52042,0.748253,0.584649,0.482327,0.834495,0.177034,0.166346,0.11716,0.594431,0.399426,0.694072,0.529763,0.365755,0.442809,0.217586,0.146832,0.48377,0.575544,0.267105,0.31561,0.361795,0.440779,0.344046,0.850815,0.142455,0.664041,0.662737,0.508096,0.377604,0.431827,0.578716,0.717657,0.267631,0.653248,0.798011,0.852725,0.410141,0.253792,0.11551,0.3617,0.110325,0.742673,0.763921,0.702493,0.154119,0.327596,0.514298,0.768231,0.586021,0.159422,0.465643,0.313349,0.209263,0.301783,0.592158,0.155971,SCHOOL
0.385977,0.194905,0.189465,0.267383,0.15365,0.685957,0.190051,0.768641,0.558025,0.491696,0.609251,0.687469,0.245571,0.320788,0.348681,0.207816,0.717151,0.232119,0.757501,0.757995,0.668908,0.869703,0.567808,0.663597,0.324993,0.143016,0.466459,0.280026,0.248463,0.410118,0.528312,0.61676,0.51012,0.422845,0.466705,0.450701,0.514592,0.288532,0.217857,0.707199,0.770896,0.389577,0.858553,0.297146,0.658883,0.177695,0.492195,0.469524,0.122853,0.698838,0.747261,0.600568,0.843873,0.461875,0.54501,0.887161,0.776909,0.150973,0.850755,0.323083,0.609491,0.445191,0.674326,0.438645,0.146159,0.877915,0.390454,0.439325,0.695635,0.133697,0.326637,0.869471,0.335337,0.197089,0.480783,0.288356,0.519444,0.782191,0.16421,0.793542,0.673776,0.12002,0.741931,0.352595,0.649039,0.114964,0.690117,0.355772,0.675376,0.665661,0.84271,0.583243,0.13057,0.840828,0.721765,0.866432,0.779907,0.461958,0.756131,0.555946,0.891035,0.776089,0.25968,0.338946,0.718787,0.770018,0.114965,0.786232,0.44389,0.203319,0.244669,0.197909,0.757314,0.113784,0.712224,0.730518,0.387376,0.605306,0.864922,0.409572,0.387086,0.455014,0.210996,0.509511,0.64494,0.320054,SCHOOL
0.214975,0.541697,0.717494,0.167943,0.380963,0.660519,0.148102,0.66429,0.784193,0.782416,0.165255,0.170664,0.672104,0.699465,0.808868,0.712288,0.105795,0.160679,0.643064,0.885454,0.187879,0.324108,0.21163,0.720841,0.311209,0.691895,0.264645,0.637735,0.478827,0.617857,0.112261,0.732688,0.672184,0.62946,0.202307,0.799871,0.447198,0.380571,0.64265,0.634728,0.589821,0.164772,0.420645,0.555416,0.425531,0.522812,0.105728,0.331829,0.795777,0.570922,0.571835,0.67944,0.276866,0.834258,0.71729,0.262804,0.378155,0.667917,0.796113,0.798666,0.193085,0.210828,0.776411,0.268095,0.374479,0.140475,0.673382,0.434316,0.341074,0.373623,0.665272,0.735148,0.454421,0.758479,0.573365,0.474949,0.65169,0.885891,0.526766,0.441492,0.351715,0.2966,0.388466,0.821359,0.677342,0.800568,0.820088,0.100483,0.262351,0.35662,0.871644,0.120698,0.870083,0.817509,0.586286,0.235516,0.617376,0.881521,0.377553,0.181584,0.313881,0.440525,0.513758,0.595547,0.670405,0.53414,0.182291,0.386919,0.627171,0.779876,0.202241,0.277311,0.204939,0.100258,0.501671,0.177762,0.269389,0.163556,0.368609,0.568943,0.621903,0.566789,0.376198,0.308449,0.443057,0.41714,SLEEP
0.309763,0.813628,0.530062,0.193332,0.813802,0.154848,0.759934,0.649679,0.194595,0.70625,0.810796,0.718479,0.23856,0.171692,0.207238,0.130423,0.435708,0.616075,0.879338,0.499408,0.693059,0.490005,0.543302,0.628345,0.427553,0.553483,0.69266,0.228771,0.84677,0.36247,0.716992,0.74164,0.462792,0.240731,0.203518,0.153117,0.539419,0.641448,0.599788,0.568171,0.469221,0.10143,0.782972,0.686775,0.486733,0.417257,0.57261,0.149233,0.184902,0.107991,0.870246,0.190652,0.341357,0.682866,0.750288,0.817488,0.532277,0.524651,0.801958,0.702945,0.392645,0.653938,0.422102,0.730315,0.433478,0.72801,0.686844,0.780708,0.614889,0.209679,0.102639,0.233807,0.667718,0.510545,0.21266,0.649531,0.819006,0.428129,0.560102,0.552602,0.855227,0.406845,0.773416,0.749905,0.669763,0.841167,0.355112,0.836062,0.47963,0.547251,0.548656,0.567426,0.670301,0.640792,0.772088,0.782953,0.215452,0.349928,0.713288,0.760919,0.809086,0.868357,0.14544,0.21566,0.573912,0.764292,0.329418,0.84105,0.507572,0.868389,0.126947,0.713959,0.203835,0.46856,0.113466,0.137593,0.286383,0.659355,0.321889,0.234548,0.776408,0.716861,0.663581,0.150346,0.116778,0.879665,SLEEP
0.512008,0.318435,0.102832,0.280829,0.86674,0.726629,0.683359,0.429549,0.661264,0.76528,0.889295,0.792807,0.881899,0.753932,0.480853,0.739281,0.570501,0.833381,0.637129,0.396424,0.752086,0.652457,0.390999,0.170727,0.420843,0.794647,0.522375,0.498853,0.264891,0.421249,0.637598,0.375547,0.337804,0.495917,0.1969,0.210421,0.420872,0.885169,0.595161,0.600859,0.185223,0.679126,0.644792,0.439334,0.6691,0.80787,0.615827,0.854407,0.335695,0.363538,0.468051,0.403595,0.762651,0.6576,0.29153,0.527257,0.313857,0.642069,0.719858,0.240389,0.852267,0.232968,0.601433,0.833883,0.569392,0.132776,0.551954,0.648802,0.766506,0.15042,0.679074,0.548681,0.821491,0.148805,0.618587,0.323579,0.717898,0.116178,0.617001,0.188681,0.487931,0.551278,0.553428,0.847626,0.852997,0.176108,0.572147,0.762861,0.796151,0.615076,0.571628,0.842305,0.332036,0.409902,0.817209,0.688085,0.587467,0.165522,0.781311,0.753398,0.21398,0.364366,0.128414,0.295449,0.266822,0.452486,0.157174,0.463166,0.700594,0.38592,0.522196,0.364388,0.841551,0.782922,0.356482,0.89236,0.833145,0.332401,0.216886,0.313599,0.802937,0.441666,0.150367,0.133062,0.198141,0.197988,SLEEP
0.494024,0.39457,0.287546,0.524896,0.805186,0.828432,0.76806,0.171562,0.585068,0.150754,0.663461,0.794273,0.450144,0.549558,0.341006,0.423126,0.447922,0.538638,0.252803,0.436882,0.145384,0.629628,0.527874,0.775701,0.512119,0.456601,0.763232,0.351673,0.169077,0.84611,0.354888,0.326962,0.271297,0.598841,0.487029,0.568071,0.212608,0.294549,0.689321,0.160679,0.835007,0.361997,0.682556,0.27622,0.43694,0.128561,0.498408,0.169387,0.597832,0.598121,0.855861,0.360438,0.772872,0.444343,0.382317,0.401062,0.442228,0.56363,0.694214,0.448997,0.382659,0.604307,0.243357,0.469692,0.575299,0.228413,0.269941,0.110534,0.829409,0.660714,0.885883,0.330165,0.126538,0.435486,0.899079,0.670747,0.16849,0.465242,0.531878,0.85299,0.782948,0.349115,0.672823,0.157553,0.635961,0.482993,0.853418,0.798321,0.126834,0.134912,0.250732,0.108783,0.533374,0.419462,0.131664,0.457337,0.715279,0.396139,0.536463,0.820969,0.105403,0.572593,0.488606,0.737143,0.556267,0.722573,0.660769,0.163471,0.501104,0.716331,0.347158,0.133925,0.156155,0.417048,0.80252,0.110378,0.764752,0.364996,0.812,0.443835,0.741045,0.650728,0.862926,0.621363,0.610068,0.240714,SLEEP
0.176756,0.127572,0.556919,0.443405,0.443975,0.529423,0.360181,0.276318,0.336624,0.599547,0.224033,0.101303,0.73401,0.719326,0.170279,0.290794,0.736742,0.129544,0.871088,0.232591,0.340542,0.392338,0.206794,0.778924,0.291314,0.506098,0.435643,0.369397,0.244631,0.154585,0.384227,0.143237,0.256987,0.87544,0.846828,0.625012,0.414131,0.391773,0.428928,0.725272,0.113454,0.552904,0.667432,0.631215,0.802308,0.566171,0.879662,0.786638,0.191595,0.867444,0.371197,0.713227,0.830669,0.617052,0.199544,0.767315,0.566021,0.589595,0.572932,0.418918,0.31818,0.802886,0.15274,0.468405,0.877085,0.592712,0.176135,0.287105,0.60948,0.103621,0.67353,0.300471,0.510198,0.738954,0.703249,0.162527,0.574553,0.595709,0.568486,0.78961,0.461621,0.152091,0.46289,0.520528,0.419025,0.114663,0.655115,0.522916,0.667552,0.496937,0.512373,0.384025,0.510352,0.294151,0.171793,0.411542,0.742712,0.5997,0.795894,0.515939,0.40525,0.80254,0.432005,0.27118,0.157649,0.716884,0.625601,0.851101,0.126378,0.122212,0.574876,0.522727,0.113917,0.371748,0.739153,0.115656,0.511637,0.363774,0.372367,0.405432,0.29702,0.187062,0.588469,0.718685,0.475049,0.302084,SLEEP
0.781466,0.74131,0.427553,0.674581,0.487401,0.271801,0.166761,0.830312,0.331546,0.478032,0.803927,0.278684,0.201542,0.731494,0.660568,0.439605,0.384705,0.182757,0.715668,0.896555,0.213951,0.686018,0.380128,0.742632,0.190026,0.619153,0.287028,0.443886,0.208522,0.216424,0.893471,0.291327,0.475582,0.665393,0.512617,0.183178,0.751008,0.806081,0.219077,0.849961,0.380118,0.415242,0.183794,0.236083,0.756916,0.810014,0.116288,0.33081,0.337203,0.544578,0.37494,0.191221,0.162412,0.755839,0.173798,0.847139,0.80804,0.402215,0.699143,0.482028,0.835456,0.830043,0.530912,0.257375,0.586183,0.677722,0.70306,0.63037,0.177892,0.419894,0.709947,0.793655,0.617386,0.303863,0.876686,0.797727,0.692465,0.31499,0.391224,0.718696,0.675568,0.243408,0.270756,0.339569,0.642629,0.300908,0.823315,0.51989,0.878086,0.863174,0.147166,0.155567,0.643727,0.627711,0.213017,0.493126,0.716126,0.691062,0.623707,0.769709,0.120198,0.779883,0.468761,0.793593,0.50001,0.684775,0.214773,0.268369,0.67028,0.359243,0.204103,0.461284,0.255943,0.331014,0.627571,0.492127,0.517823,0.382491,0.190361,0.457069,0.230121,0.506535,0.266545,0.384404,0.70056,0.662233,SLEEP
0.635391,0.252736,0.671947,0.853994,0.522452,0.168623,0.404131,0.487788,0.78267,0.536938,0.113835,0.654158,0.766464,0.418011,0.220476,0.288942,0.807082,0.338735,0.521035,0.756445,0.60644,0.511626,0.376377,0.816428,0.360628,0.12344,0.358067,0.170217,0.413114,0.840876,0.647992,0.141524,0.656276,0.20479,0.619535,0.828858,0.403326,0.704391,0.657848,0.247186,0.315556,0.715214,0.148913,0.354706,0.366472,0.22627,0.391054,0.729785,0.877208,0.128721,0.82321,0.34787,0.13766,0.615141,0.618646,0.403803,0.195345,0.6908,0.321599,0.22583,0.15971,0.776843,0.67986,0.228493,0.12091,0.807952,0.75059,0.333379,0.142824,0.37221,0.246359,0.48777,0.568167,0.302927,0.624529,0.656945,0.770434,0.574714,0.898828,0.85957,0.605462,0.450302,0.570346,0.457698,0.718109,0.236577,0.290792,0.148938,0.74312,0.337609,0.480785,0.249482,0.775146,0.285725,0.816488,0.839673,0.433189,0.455623,0.882746,0.267884,0.465298,0.541927,0.144084,0.40056,0.791075,0.510122,0.246058,0.872148,0.834776,0.60975,0.689903,0.106995,0.523518,0.74606,0.838153,0.485635,0.22043,0.138531,0.118756,0.543275,0.821356,0.469264,0.701557,0.884491,0.407366,0.587773,SLEEP
0.772659,0.43907,0.610346,0.464383,0.632749,0.460371,0.473076,0.804137,0.498645,0.451458,0.473716,0.240146,0.316102,0.675091,0.496671,0.42633,0.346397,0.513434,0.760196,0.659519,0.853623,0.899756,0.861417,0.337566,0.289518,0.474461,0.182615,0.271706,0.453342,0.259133,0.889798,0.200593,0.507322,0.190491,0.503318,0.125186,0.583154,0.309763,0.45774,0.531056,0.811371,0.720141,0.564845,0.457702,0.781184,0.213581,0.806074,0.771805,0.470015,0.559405,0.256717,0.700283,0.399131,0.684612,0.474724,0.302344,0.680688,0.128574,0.450938,0.655496,0.873556,0.290306,0.663405,0.600119,0.636146,0.348507,0.129465,0.475651,0.238281,0.445851,0.674612,0.158723,0.23826,0.830471,0.667584,0.642203,0.470843,0.137889,0.271597,0.392838,0.539331,0.651641,0.46701,0.482206,0.125661,0.273896,0.414713,0.838659,0.627879,0.357608,0.736891,0.517575,0.14238,0.864552,0.211935,0.104126,0.732466,0.525475,0.223354,0.531454,0.105514,0.135109,0.688381,0.127645,0.234465,0.452056,0.248683,0.537177,0.856816,0.777326,0.280778,0.668979,0.609941,0.747584,0.239039,0.536802,0.424998,0.439751,0.224454,0.18799,0.279779,0.514425,0.307886,0.515079,0.136295,0.734141,SORRY
0.454062,0.140469,0.821676,0.602172,0.269537,0.537431,0.174948,0.450018,0.227176,0.210152,0.530233,0.67324,0.791492,0.777696,0.346462,0.71833,0.84445,0.397058,0.515212,0.176808,0.69358,0.195024,0.530188,0.524371,0.154719,0.487509,0.601609,0.241534,0.56383,0.12665,0.889196,0.809707,0.771376,0.723228,0.250547,0.365326,0.611135,0.265836,0.244221,0.155379,0.646436,0.727303,0.821502,0.453503,0.199326,0.276692,0.503139,0.134304,0.164127,0.588389,0.859181,0.553686,0.20967,0.873653,0.167226,0.277362,0.381144,0.257271,0.743826,0.548859,0.481995,0.571744,0.81587,0.774258,0.50564,0.34801,0.755052,0.187203,0.81837,0.337238,0.293576,0.628838,0.611577,0.4669,0.590912,0.387332,0.293332,0.582336,0.138281,0.511082,0.573976,0.133917,0.174129,0.33979,0.584949,0.226924,0.825722,0.638712,0.614956,0.169787,0.541855,0.522392,0.824959,0.673098,0.435729,0.271903,0.214808,0.22868,0.560162,0.487789,0.608265,0.328088,0.279166,0.886504,0.360685,0.765585,0.381607,0.621248,0.549714,0.212255,0.488131,0.266103,0.468574,0.587215,0.365012,0.743478,0.227045,0.675491,0.351057,0.52013,0.708615,0.574233,0.246997,0.83174,0.644564,0.190284,SORRY
0.654038,0.658941,0.800958,0.692285,0.607874,0.294771,0.877726,0.223852,0.637576,0.591522,0.171949,0.492796,0.71444,0.364859,0.896853,0.872167,0.644719,0.139828,0.162447,0.773217,0.631798,0.375174,0.571856,0.511751,0.19482,0.568796,0.29484,0.191056,0.338997,0.156718,0.345742,0.236617,0.223873,0.151746,0.112356,0.156731,0.312832,0.563345,0.799381,0.403674,0.648156,0.551235,0.431385,0.759944,0.899185,0.71534,0.271992,0.433674,0.758471,0.2155,0.594749,0.128446,0.574293,0.228492,0.723917,0.518799,0.409033,0.104546,0.157521,0.74584,0.59028,0.140407,0.863655,0.505014,0.319472,0.567037,0.601831,0.132612,0.446067,0.634682,0.311907,0.703777,0.602091,0.519664,0.637365,0.152603,0.472096,0.41544,0.42181,0.205148,0.688,0.305456,0.821193,0.856788,0.452561,0.880385,0.24095,0.777323,0.557369,0.235526,0.132866,0.584327,0.253471,0.809349,0.767082,0.414182,0.884887,0.356975,0.356448,0.383361,0.603965,0.792456,0.460087,0.288985,0.481599,0.686936,0.156044,0.537359,0.757253,0.158919,0.753976,0.38162,0.776768,0.759441,0.795449,0.20561,0.186466,0.54036,0.300722,0.391877,0.523467,0.284757,0.481613,0.292258,0.798578,0.710699,SORRY
0.172786,0.10644,0.872308,0.77848,0.110358,0.724676,0.359516,0.215794,0.731506,0.544081,0.341503,0.857516,0.335432,0.181724,0.303993,0.159266,0.522373,0.588032,0.144882,0.657761,0.886517,0.699829,0.228983,0.536327,0.381817,0.466732,0.661997,0.663081,0.29784,0.836065,0.152883,0.598002,0.481021,0.360487,0.550795,0.544903,0.134676,0.635396,0.79688,0.234665,0.145506,0.877639,0.490751,0.121775,0.765655,0.111686,0.207614,0.173902,0.116042,0.804133,0.717195,0.262857,0.211254,0.175523,0.282514,0.246127,0.813274,0.674925,0.584646,0.643157,0.165847,0.538771,0.164631,0.36981,0.180684,0.300394,0.378594,0.64943,0.224101,0.509359,0.274058,0.167867,0.771707,0.137862,0.429875,0.227903,0.600619,0.763162,0.143967,0.729394,0.521211,0.224045,0.874222,0.624694,0.408324,0.507896,0.715889,0.584278,0.655457,0.661044,0.425651,0.869156,0.17934,0.326914,0.550342,0.215903,0.475113,0.217191,0.879679,0.226675,0.852352,0.457951,0.653093,0.644498,0.151113,0.771426,0.191831,0.568731,0.582073,0.193498,0.101654,0.384257,0.670464,0.812052,0.859713,0.79852,0.601349,0.141524,0.520308,0.651828,0.163002,0.261044,0.497319,0.29976,0.289517,0.896506,SORRY
0.60366,0.879253,0.340675,0.133666,0.283996,0.139745,0.329594,0.896879,0.86175,0.716104,0.469693,0.538987,0.862278,0.735561,0.783696,0.652011,0.728894,0.711098,0.80286,0.290747,0.717433,0.139502,0.360241,0.551699,0.744239,0.584909,0.621015,0.81413,0.847487,0.207889,0.773141,0.576118,0.805877,0.17571,0.158743,0.582319,0.882932,0.462647,0.440772,0.301368,0.882656,0.527529,0.614744,0.501374,0.837539,0.733602,0.807997,0.594214,0.445486,0.461482,0.190923,0.132221,0.391729,0.79642,0.10841,0.565335,0.613869,0.381727,0.149926,0.659278,0.375017,0.733503,0.501005,0.114089,0.659432,0.102612,0.482536,0.399767,0.138401,0.246293,0.583671,0.781747,0.333586,0.323243,0.551078,0.196615,0.102122,0.649508,0.153458,0.624541,0.719934,0.154961,0.392515,0.125369,0.731948,0.736034,0.126656,0.883643,0.372914,0.246487,0.153009,0.326838,0.149774,0.310264,0.409753,0.117564,0.108973,0.429215,0.722154,0.141023,0.283055,0.311951,0.887677,0.813631,0.558861,0.363719,0.69169,0.224604,0.172266,0.723531,0.85584,0.689133,0.164405,0.505174,0.888508,0.295302,0.340634,0.694776,0.498851,0.650381,0.44808,0.182967,0.185863,0.573122,0.731884,0.529772,SORRY
0.417781,0.648905,0.362674,0.56742,0.23139,0.103086,0.69166,0.557592,0.876095,0.253439,0.219614,0.828072,0.52014,0.174454,0.773482,0.476885,0.717976,0.582332,0.726289,0.357162,0.286782,0.618146,0.783845,0.326692,0.426721,0.655393,0.62564,0.342177,0.882249,0.55474,0.761035,0.476337,0.249088,0.414254,0.709985,0.88425,0.656915,0.704533,0.677207,0.468755,0.255626,0.880554,0.268653,0.353639,0.897838,0.343553,0.703697,0.656642,0.115798,0.861465,0.734231,0.224047,0.555865,0.182702,0.468822,0.680455,0.591031,0.63433,0.46691,0.533735,0.719032,0.760029,0.286121,0.653987,0.451713,0.886438,0.367305,0.423769,0.659346,0.532867,0.344463,0.519197,0.360985,0.888487,0.704761,0.498909,0.239531,0.711546,0.861948,0.797815,0.622878,0.441493,0.73951,0.799842,0.837956,0.859479,0.685291,0.472497,0.350246,0.584037,0.632657,0.454696,0.406907,0.191884,0.238548,0.216306,0.60232,0.368637,0.138238,0.400672,0.69214,0.252077,0.756514,0.409936,0.188294,0.669818,0.753363,0.184335,0.169501,0.815903,0.325376,0.457479,0.656376,0.583673,0.298553,0.105269,0.706428,0.15403,0.277515,0.43377,0.851876,0.705455,0.769382,0.860732,0.825398,0.11684,SORRY
0.725576,0.752526,0.331367,0.317678,0.125844,0.875948,0.722586,0.57231,0.280253,0.652653,0.447365,0.82966,0.833906,0.53141,0.576485,0.762414,0.550524,0.610488,0.726042,0.11922,0.448506,0.756915,0.264867,0.202123,0.512451,0.25863,0.880615,0.878623,0.361078,0.209355,0.125693,0.700585,0.679684,0.488417,0.585142,0.704599,0.579171,0.129939,0.347338,0.765569,0.202739,0.50089,0.806564,0.11057,0.357373,0.522764,0.520136,0.44983,0.555016,0.346588,0.162402,0.41864,0.151472,0.465311,0.173787,0.805238,0.561683,0.738058,0.825248,0.368478,0.133174,0.293545,0.652873,0.282765,0.592595,0.669058,0.297263,0.544653,0.308755,0.654995,0.800704,0.665558,0.292273,0.886474,0.102162,0.379018,0.784429,0.235616,0.182724,0.710743,0.720842,0.195077,0.124105,0.328088,0.875836,0.375666,0.323663,0.177531,0.162827,0.730102,0.420969,0.667194,0.824777,0.821595,0.530385,0.796295,0.347515,0.174226,0.199048,0.467829,0.193546,0.410448,0.472531,0.417681,0.169318,0.780897,0.638482,0.413146,0.515954,0.469258,0.256302,0.58105,0.636756,0.423643,0.779832,0.576517,0.823949,0.585551,0.361597,0.114388,0.40945,0.820045,0.856807,0.594637,0.673606,0.71457,SORRY
0.574499,0.54783,0.157749,0.627071,0.124674,0.153108,0.129015,0.364472,0.355853,0.227028,0.869758,0.453656,0.822296,0.566268,0.716747,0.820141,0.650412,0.795575,0.21782,0.687024,0.39313,0.29923,0.814751,0.366322,0.333525,0.846714,0.235085,0.173486,0.501164,0.487539,0.292569,0.774555,0.269626,0.592571,0.61532,0.502239,0.883809,0.578969,0.894914,0.301145,0.413129,0.48181,0.264023,0.815525,0.75152,0.185519,0.129749,0.460642,0.41044,0.755514,0.502545,0.132966,0.593321,0.738834,0.564986,0.601617,0.681144,0.623887,0.364835,0.687094,0.122245,0.494795,0.252178,0.18984,0.415962,0.739909,0.661552,0.31152,0.898024,0.383203,0.280168,0.26029,0.85464,0.381601,0.687055,0.574025,0.770912,0.323426,0.515428,0.308769,0.745036,0.277339,0.501523,0.601667,0.153493,0.652087,0.862214,0.226093,0.365892,0.849726,0.373269,0.319302,0.145049,0.408786,0.520774,0.343772,0.634171,0.797933,0.866795,0.3082,0.289721,0.141735,0.295948,0.679994,0.896327,0.206779,0.171151,0.150665,0.330342,0.154584,0.379511,0.609377,0.855845,0.686182,0.719355,0.523834,0.142903,0.165502,0.814205,0.124595,0.124479,0.238285,0.422165,0.434778,0.532237,0.150369,STOP
0.37971,0.896262,0.146237,0.772434,0.613358,0.194407,0.492979,0.332195,0.695573,0.235192,0.544904,0.490968,0.108129,0.103726,0.717143,0.416171,0.507212,0.60149,0.426333,0.249453,0.732141,0.167759,0.852029,0.335183,0.749077,0.346204,0.526573,0.223226,0.453131,0.303643,0.799029,0.222118,0.741356,0.499549,0.624499,0.203876,0.253962,0.468811,0.617135,0.639632,0.503632,0.604634,0.466995,0.786319,0.136969,0.811902,0.623314,0.161263,0.38378,0.587923,0.858463,0.771693,0.249885,0.899366,0.220505,0.338406,0.350351,0.29589,0.448214,0.39274,0.874216,0.142141,0.643991,0.704055,0.576649,0.685497,0.873239,0.46781,0.186647,0.167128,0.321537,0.358591,0.153249,0.834731,0.892531,0.736786,0.58331,0.149243,0.224995,0.225492,0.856404,0.688874,0.274124,0.673332,0.171007,0.178894,0.855103,0.449464,0.883817,0.291515,0.556187,0.677315,0.488098,0.837053,0.684174,0.690046,0.390167,0.796765,0.336262,0.673418,0.504067,0.695551,0.377144,0.870678,0.188736,0.874853,0.69675,0.382939,0.157377,0.124458,0.132635,0.404289,0.868421,0.512907,0.536433,0.584479,0.898354,0.257367,0.868062,0.209124,0.265579,0.584098,0.260451,0.256176,0.581919,0.781132,STOP
0.0,0.0,0.0,0.110983,-0.044129,-0.057985,0.188116,-0.175685,-0.081932,0.238479,-0.283818,-0.101517,0.287628,-0.368578,-0.12269,0.103378,-0.456297,-0.056021,0.106566,-0.66129,-0.102151,0.107073,-0.799608,-0.142039,0.099323,-0.916866,-0.169983,0.037244,-0.475922,-0.059962,0.044904,-0.703007,-0.101814,0.04857,-0.865074,-0.141531,0.046339,-1.0,-0.169273,-0.026592,-0.45842,-0.070536,-0.019103,-0.675274,-0.112352,-0.01359,-0.826368,-0.145258,-0.00967,-0.95198,-0.164825,-0.093428,-0.40826,-0.086324,-0.089655,-0.578375,-0.126995,-0.0822,-0.696232,-0.147228,-0.071838,-0.798034,-0.157415,0.0,0.0,0.0,0.0,0.0,0.0,0.0,0.0,0.0,0.0,0.0,0.0,0.0,0.0,0.0,0.0,0.0,0.0,0.0,0.0,0.0,0.0,0.0,0.0,0.0,0.0,0.0,0.0,0.0,0.0,0.0,0.0,0.0,0.0,0.0,0.0,0.0,0.0,0.0,0.0,0.0,0.0,0.0,0.0,0.0,0.0,0.0,0.0,0.0,0.0,0.0,0.0,0.0,0.0,0.0,0.0,0.0,0.0,0.0,0.0,0.0,0.0,0.0,STOP
0.126228,0.744761,0.635875,0.708245,0.319971,0.765061,0.795659,0.808833,0.834654,0.354084,0.370092,0.157484,0.127699,0.594086,0.311093,0.52267,0.414365,0.705561,0.432902,0.606401,0.438497,0.187867,0.667926,0.459288,0.481697,0.277809,0.876046,0.245534,0.769362,0.548736,0.607458,0.562604,0.797468,0.765074,0.42801,0.828789,0.807121,0.889355,0.356605,0.516711,0.560643,0.251938,0.731479,0.847707,0.702342,0.695355,0.364807,0.218704,0.659386,0.530173,0.116348,0.729478,0.239,0.584148,0.102572,0.720806,0.305909,0.616156,0.838221,0.799644,0.647106,0.692419,0.242939,0.606935,0.36893,0.660602,0.656072,0.430658,0.8509,0.109709,0.35998,0.855788,0.64849,0.493275,0.890767,0.762103,0.864929,0.769031,0.589271,0.828044,0.823929,0.795531,0.114155,0.24667,0.723717,0.321611,0.401464,0.391306,0.430916,0.325686,0.797419,0.105392,0.100938,0.179539,0.298671,0.192945,0.671115,0.839415,0.383743,0.793367,0.584497,0.815391,0.712307,0.677222,0.338266,0.77915,0.455471,0.467276,0.674159,0.369162,0.262844,0.442053,0.360484,0.87531,0.284898,0.645878,0.104406,0.21243,0.688049,0.345663,0.590499,0.485087,0.307881,0.546658,0.596158,0.296842,STOP
0.148087,0.739476,0.767173,0.139079,0.800025,0.110482,0.485045,0.706906,0.74893,0.389284,0.552935,0.237373,0.57526,0.47271,0.653282,0.781165,0.713772,0.364746,0.24738,0.323021,0.171717,0.358562,0.15691,0.869848,0.204331,0.59686,0.584501,0.237271,0.575268,0.117942,0.134917,0.195959,0.129653,0.579365,0.272899,0.317251,0.497563,0.330908,0.858959,0.299437,0.105088,0.295054,0.861833,0.159856,0.385506,0.797989,0.366273,0.817607,0.267918,0.123631,0.889138,0.670107,0.372381,0.604999,0.865229,0.474288,0.181653,0.510768,0.84874,0.611531,0.442936,0.728169,0.487604,0.565638,0.366455,0.432702,0.403991,0.817292,0.260829,0.148362,0.108631,0.859062,0.109374,0.227225,0.754406,0.676336,0.190094,0.160857,0.65636,0.709445,0.25082,0.196252,0.608258,0.593227,0.34933,0.215521,0.230364,0.220153,0.304125,0.138285,0.880714,0.843957,0.100382,0.310985,0.624073,0.621198,0.301738,0.590233,0.151359,0.156128,0.146139,0.435872,0.429989,0.239271,0.182515,0.774385,0.769724,0.369951,0.482739,0.772237,0.199801,0.470522,0.37114,0.885551,0.590639,0.402264,0.355975,0.313954,0.772074,0.499959,0.761265,0.529265,0.530855,0.531526,0.491126,0.858024,STOP
0.0,0.0,0.0,0.109554,-0.058343,-0.050773,0.185173,-0.208936,-0.064466,0.225144,-0.320532,-0.075306,0.243441,-0.401448,-0.089116,0.080115,-0.492401,-0.029424,0.066169,-0.688383,-0.063942,0.05593,-0.826281,-0.101794,0.039437,-0.941428,-0.129296,0.012495,-0.498229,-0.032742,-0.001961,-0.715181,-0.059939,-0.009043,-0.873458,-0.099876,-0.023855,-1.0,-0.130478,-0.047258,-0.471448,-0.042173,-0.064547,-0.676122,-0.070573,-0.06933,-0.827191,-0.10267,-0.075605,-0.943297,-0.124418,-0.110996,-0.412697,-0.057303,-0.120343,-0.580663,-0.086357,-0.123086,-0.698489,-0.101556,-0.124318,-0.796032,-0.110634,0.0,0.0,0.0,0.0,0.0,0.0,0.0,0.0,0.0,0.0,0.0,0.0,0.0,0.0,0.0,0.0,0.0,0.0,0.0,0.0,0.0,0.0,0.0,0.0,0.0,0.0,0.0,0.0,0.0,0.0,0.0,0.0,0.0,0.0,0.0,0.0,0.0,0.0,0.0,0.0,0.0,0.0,0.0,0.0,0.0,0.0,0.0,0.0,0.0,0.0,0.0,0.0,0.0,0.0,0.0,0.0,0.0,0.0,0.0,0.0,0.0,0.0,0.0,STOP
0.0,0.0,0.0,0.113794,-0.035781,-0.056103,0.193679,-0.168295,-0.078847,0.244829,-0.279546,-0.097197,0.292093,-0.36722,-0.118643,0.114293,-0.453117,-0.057596,0.118663,-0.657043,-0.104139,0.117619,-0.798143,-0.145657,0.106559,-0.916672,-0.174959,0.048813,-0.471561,-0.063203,0.056448,-0.699264,-0.104158,0.056058,-0.864195,-0.146471,0.048864,-1.0,-0.177255,-0.015574,-0.451696,-0.074681,-0.008045,-0.667749,-0.116491,-0.005012,-0.820861,-0.151118,-0.003397,-0.945084,-0.172836,-0.08594,-0.398424,-0.091054,-0.08025,-0.568347,-0.132444,-0.072456,-0.686968,-0.152624,-0.063585,-0.788074,-0.163583,0.0,0.0,0.0,0.0,0.0,0.0,0.0,0.0,0.0,0.0,0.0,0.0,0.0,0.0,0.0,0.0,0.0,0.0,0.0,0.0,0.0,0.0,0.0,0.0,0.0,0.0,0.0,0.0,0.0,0.0,0.0,0.0,0.0,0.0,0.0,0.0,0.0,0.0,0.0,0.0,0.0,0.0,0.0,0.0,0.0,0.0,0.0,0.0,0.0,0.0,0.0,0.0,0.0,0.0,0.0,0.0,0.0,0.0,0.0,0.0,0.0,0.0,0.0,STOP
0.0,0.0,0.0,0.181948,-0.210758,-0.035519,0.319068,-0.537733,-0.054679,0.396696,-0.796726,-0.078003,0.451463,-1.0,-0.097108,0.281321,-0.68372,-0.046402,0.339256,-0.74956,-0.143031,0.298484,-0.695376,-0.212078,0.248096,-0.689282,-0.250915,0.182139,-0.573721,-0.070791,0.250796,-0.580863,-0.142475,0.214022,-0.538807,-0.17719,0.159,-0.545908,-0.203744,0.081474,-0.427616,-0.104806,0.155649,-0.397344,-0.176447,0.12204,-0.372911,-0.177175,0.066166,-0.401456,-0.176154,-0.025392,-0.267297,-0.142554,0.039718,-0.251531,-0.196122,0.024394,-0.240959,-0.191083,-0.016457,-0.271482,-0.182478,0.0,0.0,0.0,0.0,0.0,0.0,0.0,0.0,0.0,0.0,0.0,0.0,0.0,0.0,0.0,0.0,0.0,0.0,0.0,0.0,0.0,0.0,0.0,0.0,0.0,0.0,0.0,0.0,0.0,0.0,0.0,0.0,0.0,0.0,0.0,0.0,0.0,0.0,0.0,0.0,0.0,0.0,0.0,0.0,0.0,0.0,0.0,0.0,0.0,0.0,0.0,0.0,0.0,0.0,0.0,0.0,0.0,0.0,0.0,0.0,0.0,0.0,0.0,STOP
0.748171,0.327346,0.786443,0.373534,0.854037,0.656687,0.662211,0.829087,0.630951,0.866913,0.200534,0.49154,0.184212,0.864026,0.228166,0.49971,0.181471,0.882895,0.313318,0.540493,0.358666,0.771738,0.327555,0.510073,0.818591,0.201125,0.207813,0.87361,0.605435,0.107813,0.169742,0.281417,0.87265,0.82762,0.719578,0.575065,0.276843,0.499627,0.383144,0.806849,0.866976,0.240076,0.48047,0.845634,0.282546,0.645292,0.715985,0.652269,0.695017,0.256514,0.141039,0.648097,0.361149,0.768984,0.572264,0.415275,0.297254,0.308,0.651193,0.766396,0.605992,0.496628,0.161638,0.279599,0.663192,0.285583,0.849717,0.492604,0.170539,0.620799,0.665402,0.700303,0.705413,0.393783,0.622835,0.827074,0.84508,0.374006,0.831186,0.45988,0.865666,0.882479,0.732609,0.69621,0.300482,0.197135,0.30572,0.607208,0.85459,0.45479,0.284151,0.841894,0.77121,0.785253,0.794408,0.367057,0.237946,0.275333,0.23778,0.266369,0.1286,0.837416,0.310196,0.368455,0.36045,0.711944,0.477331,0.151938,0.454828,0.137744,0.680976,0.128881,0.3634,0.721293,0.223607,0.172933,0.584594,0.876809,0.575564,0.513591,0.481087,0.726246,0.310205,0.752417,0.395755,0.122538,STOP
0.0,0.0,0.0,0.177958,-0.034033,-0.092027,0.362791,0.030831,-0.181148,0.510864,0.074,-0.26458,0.634412,0.044561,-0.352535,0.371021,0.45275,-0.137497,0.445959,0.647633,-0.237704,0.475177,0.698642,-0.322559,0.492554,0.734951,-0.381398,0.242037,0.560716,-0.151392,0.312173,0.782814,-0.225659,0.333871,0.861964,-0.277616,0.34103,0.91469,-0.320404,0.105255,0.60265,-0.17591,0.171526,0.822587,-0.241484,0.180862,0.894075,-0.249895,0.179973,0.941596,-0.257054,-0.031624,0.601094,-0.209546,0.004465,0.804778,-0.254373,0.003876,0.900363,-0.247123,0.002151,0.965967,-0.24171,0.0,0.0,0.0,0.0,0.0,0.0,0.0,0.0,0.0,0.0,0.0,0.0,0.0,0.0,0.0,0.0,0.0,0.0,0.0,0.0,0.0,0.0,0.0,0.0,0.0,0.0,0.0,0.0,0.0,0.0,0.0,0.0,0.0,0.0,0.0,0.0,0.0,0.0,0.0,0.0,0.0,0.0,0.0,0.0,0.0,0.0,0.0,0.0,0.0,0.0,0.0,0.0,0.0,0.0,0.0,0.0,0.0,0.0,0.0,0.0,0.0,0.0,0.0,STOP
0.0,0.0,0.0,0.138716,-0.099749,-0.023049,0.225151,-0.353773,-0.025688,0.271315,-0.55307,-0.03731,0.3116,-0.708295,-0.047124,0.093947,-0.655102,-0.003559,0.042198,-0.96693,-0.067094,0.116723,-0.999418,-0.11244,0.14986,-0.924544,-0.126035,0.011013,-0.654294,-0.022934,-0.03993,-0.996976,-0.070285,0.058863,-1.0,-0.092668,0.090917,-0.893928,-0.094963,-0.071361,-0.614791,-0.05308,-0.104618,-0.939319,-0.105539,-0.018112,-0.92579,-0.1146,0.007994,-0.818807,-0.103764,-0.159644,-0.544782,-0.086677,-0.184981,-0.795136,-0.139224,-0.113451,-0.799065,-0.149501,-0.077582,-0.717218,-0.140654,0.0,0.0,0.0,0.0,0.0,0.0,0.0,0.0,0.0,0.0,0.0,0.0,0.0,0.0,0.0,0.0,0.0,0.0,0.0,0.0,0.0,0.0,0.0,0.0,0.0,0.0,0.0,0.0,0.0,0.0,0.0,0.0,0.0,0.0,0.0,0.0,0.0,0.0,0.0,0.0,0.0,0.0,0.0,0.0,0.0,0.0,0.0,0.0,0.0,0.0,0.0,0.0,0.0,0.0,0.0,0.0,0.0,0.0,0.0,0.0,0.0,0.0,0.0,STOP
0.568147,0.132007,0.794374,0.202293,0.200588,0.858453,0.324267,0.894113,0.243703,0.717042,0.770767,0.596815,0.516216,0.478735,0.366002,0.633206,0.712246,0.428586,0.684077,0.231019,0.119603,0.170504,0.224884,0.287063,0.400942,0.892309,0.306713,0.329086,0.313684,0.696592,0.331751,0.805947,0.511877,0.667951,0.253811,0.67404,0.776619,0.461245,0.402876,0.667944,0.373392,0.641054,0.556559,0.861446,0.180384,0.729069,0.568457,0.642683,0.100632,0.393118,0.664673,0.362378,0.737412,0.858578,0.119347,0.770092,0.330138,0.264237,0.566065,0.129878,0.430616,0.551851,0.297623,0.122905,0.199699,0.616214,0.139745,0.831509,0.208547,0.490765,0.47085,0.192994,0.670625,0.481675,0.271369,0.710101,0.167641,0.165528,0.454392,0.396256,0.77742,0.613708,0.601468,0.60285,0.142697,0.388313,0.326459,0.37612,0.43658,0.316176,0.877922,0.35611,0.725651,0.444423,0.727768,0.859006,0.715819,0.844469,0.776508,0.844774,0.156151,0.446235,0.613409,0.632853,0.753126,0.645128,0.352831,0.615309,0.707672,0.53439,0.764085,0.495529,0.410382,0.309758,0.766917,0.391764,0.434703,0.536244,0.18525,0.806507,0.19008,0.519113,0.408937,0.651459,0.55792,0.281164,STOP
0.155662,0.773313,0.661346,0.544938,0.507985,0.493581,0.68575,0.373871,0.538878,0.322923,0.616656,0.80136,0.513722,0.880382,0.888606,0.622213,0.159311,0.267732,0.195705,0.528335,0.723226,0.392599,0.523777,0.674213,0.466169,0.878974,0.772803,0.226725,0.565111,0.524106,0.184776,0.777401,0.246241,0.785487,0.616548,0.394505,0.309465,0.316058,0.516469,0.87512,0.546546,0.787944,0.667597,0.684844,0.192735,0.607157,0.516353,0.411859,0.337844,0.41755,0.571558,0.756218,0.597374,0.537291,0.624,0.771835,0.102449,0.110693,0.153481,0.897392,0.761027,0.519189,0.279209,0.786708,0.200805,0.815707,0.377773,0.34682,0.620281,0.481974,0.422637,0.644373,0.11302,0.224728,0.562885,0.499515,0.63322,0.358117,0.72842,0.534948,0.834773,0.79355,0.250627,0.655067,0.323539,0.316829,0.205457,0.182285,0.818056,0.839745,0.530336,0.820424,0.747779,0.316328,0.649133,0.298042,0.37913,0.209838,0.603934,0.199707,0.795911,0.545666,0.460512,0.735291,0.562582,0.185968,0.107771,0.818563,0.229175,0.486714,0.675254,0.830112,0.225987,0.854131,0.393627,0.599016,0.822016,0.122735,0.589556,0.799918,0.807838,0.563104,0.417562,0.382607,0.552227,0.369195,STOP
0.213603,0.872064,0.264756,0.707432,0.793258,0.471648,0.63009,0.706983,0.427586,0.840949,0.3897,0.802061,0.470949,0.522719,0.760121,0.887207,0.826581,0.522946,0.680057,0.23433,0.330053,0.10913,0.48577,0.450027,0.42356,0.234297,0.51922,0.162253,0.671759,0.861062,0.840712,0.31923,0.438692,0.292665,0.295642,0.305016,0.464654,0.602054,0.219686,0.891295,0.881765,0.124437,0.753268,0.451558,0.422519,0.701366,0.619703,0.735081,0.877817,0.310239,0.532139,0.152561,0.78152,0.389069,0.729634,0.219435,0.769391,0.360367,0.695801,0.856078,0.693945,0.748507,0.157199,0.324683,0.671063,0.810707,0.223362,0.412308,0.605458,0.426229,0.573599,0.864916,0.559464,0.55221,0.594043,0.441128,0.401454,0.723088,0.775283,0.273609,0.18845,0.245227,0.315547,0.143988,0.213585,0.143651,0.681158,0.531858,0.252832,0.695458,0.764037,0.770433,0.129091,0.668307,0.681416,0.397852,0.180087,0.265938,0.785406,0.326815,0.494018,0.189578,0.634879,0.509507,0.831389,0.456309,0.278056,0.823769,0.585482,0.702644,0.759067,0.252299,0.276992,0.358827,0.234727,0.855895,0.297942,0.753909,0.555389,0.351971,0.183884,0.636545,0.652829,0.14084,0.386147,0.636622,STOP
0.881487,0.549257,0.267834,0.740578,0.561207,0.719771,0.878563,0.712846,0.824883,0.563457,0.569132,0.663885,0.423427,0.365252,0.484963,0.41271,0.790126,0.267317,0.348907,0.323962,0.807737,0.609903,0.203048,0.635063,0.104375,0.624338,0.386013,0.278722,0.463219,0.211451,0.214677,0.606077,0.274559,0.548072,0.594973,0.232146,0.833394,0.732418,0.486231,0.35205,0.681214,0.163971,0.668102,0.855402,0.706122,0.227428,0.374648,0.306455,0.60836,0.478576,0.192041,0.387649,0.547759,0.289696,0.834511,0.491578,0.68086,0.117193,0.419161,0.152264,0.871726,0.824145,0.894232,0.30288,0.652692,0.415087,0.404781,0.563767,0.532746,0.483292,0.308068,0.342032,0.149477,0.165705,0.826926,0.334701,0.290626,0.113963,0.74064,0.296312,0.307107,0.70029,0.658249,0.297399,0.209507,0.619686,0.390321,0.41538,0.830072,0.548956,0.151172,0.550738,0.806911,0.238439,0.661686,0.473269,0.401996,0.637198,0.495619,0.262691,0.887241,0.536028,0.158207,0.285384,0.573844,0.833803,0.626298,0.884337,0.626182,0.275638,0.422916,0.477392,0.285672,0.548163,0.384618,0.119024,0.618048,0.542953,0.230988,0.63468,0.782192,0.49187,0.726527,0.673885,0.156523,0.209,TEACHER
0.21504,0.784441,0.578322,0.823776,0.787965,0.297585,0.538335,0.512781,0.741958,0.173891,0.698246,0.83776,0.792143,0.250683,0.458877,0.858167,0.494546,0.205865,0.193743,0.796987,0.808858,0.585166,0.721627,0.626135,0.283096,0.7233,0.65471,0.5731,0.301789,0.788334,0.534607,0.463724,0.483747,0.311475,0.536003,0.200039,0.678951,0.2194,0.698775,0.771902,0.293479,0.72373,0.431606,0.523339,0.415583,0.548623,0.147679,0.733497,0.895335,0.412207,0.246627,0.723678,0.229979,0.637974,0.408141,0.868882,0.538601,0.791771,0.25325,0.348791,0.732639,0.718396,0.364441,0.856873,0.476027,0.244275,0.781069,0.799418,0.366403,0.339764,0.656609,0.506831,0.673504,0.402245,0.717512,0.786717,0.546573,0.715468,0.292624,0.572194,0.254674,0.701506,0.805821,0.607846,0.726446,0.796845,0.367537,0.540627,0.839586,0.540104,0.555642,0.461951,0.794023,0.603959,0.456794,0.826572,0.277195,0.214091,0.841856,0.573492,0.716477,0.422555,0.898212,0.339233,0.79547,0.647933,0.52236,0.215194,0.883828,0.135648,0.239875,0.395378,0.301373,0.861692,0.578769,0.650195,0.264655,0.476062,0.614272,0.474337,0.664094,0.543947,0.660507,0.695154,0.316754,0.88955,TEACHER
0.807703,0.282913,0.392177,0.116763,0.794509,0.50874,0.588506,0.126053,0.241268,0.728256,0.38044,0.64528,0.87645,0.461442,0.547416,0.325628,0.584239,0.140735,0.810375,0.820036,0.294732,0.245658,0.681653,0.315893,0.776441,0.676943,0.802067,0.661491,0.525451,0.43564,0.804288,0.485083,0.168605,0.402892,0.628563,0.549435,0.472094,0.860279,0.303185,0.353873,0.785058,0.851781,0.185012,0.771863,0.619366,0.165969,0.701262,0.337362,0.316461,0.3226,0.530563,0.773489,0.52329,0.435372,0.652031,0.681906,0.849775,0.48063,0.690312,0.55695,0.496887,0.324335,0.394177,0.134934,0.806755,0.460462,0.725533,0.144975,0.318402,0.236986,0.460357,0.344856,0.741568,0.400132,0.897389,0.837148,0.514718,0.693691,0.343981,0.188983,0.597579,0.807863,0.716844,0.81798,0.668995,0.46116,0.754937,0.71578,0.612771,0.760041,0.358404,0.770238,0.131177,0.150121,0.49604,0.148548,0.467875,0.807552,0.45291,0.304939,0.819347,0.699174,0.32143,0.675395,0.760499,0.212029,0.634517,0.146565,0.727717,0.309448,0.608134,0.698674,0.110952,0.757617,0.587765,0.588766,0.363105,0.892655,0.674202,0.587491,0.654814,0.312794,0.379502,0.628208,0.295584,0.795193,TEACHER
0.205509,0.503349,0.191373,0.385651,0.195835,0.483138,0.811353,0.730898,0.119863,0.622963,0.799119,0.806135,0.8989,0.647635,0.734462,0.440671,0.860413,0.561349,0.746142,0.83748,0.246688,0.102772,0.383737,0.193267,0.862034,0.126938,0.326418,0.769787,0.599829,0.6139,0.726592,0.29996,0.186814,0.28093,0.107803,0.266719,0.685956,0.795926,0.216399,0.667375,0.417995,0.606797,0.119903,0.149458,0.433351,0.765808,0.483747,0.519845,0.253358,0.59617,0.738905,0.347313,0.800287,0.192071,0.740437,0.742851,0.554241,0.262857,0.664131,0.79707,0.843896,0.523967,0.587605,0.789349,0.532125,0.815014,0.824427,0.423086,0.866716,0.568455,0.866166,0.236584,0.416859,0.470457,0.57544,0.609583,0.656059,0.890046,0.285895,0.739608,0.790164,0.807678,0.338295,0.765829,0.217112,0.333326,0.775815,0.687877,0.259642,0.367599,0.888502,0.405788,0.631934,0.253085,0.684592,0.497823,0.579545,0.543016,0.194608,0.880765,0.507821,0.114493,0.161873,0.225923,0.731004,0.693362,0.152429,0.309192,0.202884,0.37579,0.469138,0.119333,0.409609,0.108421,0.482878,0.826296,0.225823,0.574967,0.391117,0.864296,0.14366,0.626041,0.134499,0.744462,0.161225,0.450964,TEACHER
0.464276,0.172378,0.567096,0.137815,0.425737,0.198816,0.744772,0.475378,0.686579,0.816398,0.299449,0.532104,0.231864,0.854428,0.174205,0.761921,0.672705,0.655235,0.770701,0.17294,0.66517,0.509186,0.727264,0.557718,0.306141,0.812594,0.834836,0.406256,0.627107,0.78852,0.238163,0.2099,0.419348,0.75603,0.862455,0.344956,0.700227,0.413812,0.417868,0.413898,0.54874,0.309029,0.507125,0.812414,0.410983,0.814257,0.622503,0.283659,0.333929,0.447707,0.239605,0.565863,0.647675,0.856677,0.177788,0.873972,0.586233,0.593978,0.810808,0.272029,0.309297,0.789756,0.430419,0.878985,0.590626,0.67072,0.23886,0.151297,0.65072,0.738409,0.407223,0.622262,0.820578,0.258997,0.555361,0.520022,0.369189,0.732019,0.324552,0.678298,0.19498,0.169777,0.349709,0.837202,0.425449,0.745137,0.622407,0.445146,0.605799,0.855091,0.295951,0.226076,0.594873,0.749812,0.212607,0.278887,0.716562,0.314685,0.690948,0.563161,0.562584,0.46439,0.220065,0.529749,0.530138,0.220919,0.636639,0.720078,0.75834,0.355078,0.819155,0.774512,0.428265,0.776029,0.223863,0.852312,0.811671,0.514087,0.645653,0.435184,0.595472,0.292304,0.713526,0.576307,0.458236,0.439982,TEACHER
0.335073,0.100156,0.864082,0.627539,0.16171,0.39392,0.426884,0.706811,0.197341,0.214067,0.516834,0.886844,0.649082,0.622619,0.730985,0.83736,0.194015,0.756944,0.832128,0.677309,0.12641,0.114484,0.120666,0.29385,0.415713,0.599274,0.617614,0.196045,0.416382,0.763784,0.148651,0.29444,0.893584,0.769672,0.722279,0.742942,0.898582,0.502078,0.114517,0.238585,0.854077,0.149592,0.640447,0.862437,0.237043,0.648377,0.479356,0.164467,0.114309,0.377677,0.556282,0.392573,0.421096,0.49037,0.252066,0.813361,0.262742,0.495949,0.576058,0.260754,0.354945,0.693312,0.108392,0.679264,0.316118,0.765669,0.787772,0.359591,0.75479,0.360918,0.655129,0.138077,0.764707,0.862031,0.361562,0.167184,0.109521,0.550487,0.114497,0.598711,0.570528,0.750374,0.503259,0.583817,0.269337,0.189447,0.596268,0.248506,0.449852,0.198013,0.44501,0.303079,0.311661,0.705553,0.12457,0.805777,0.18212,0.230586,0.518458,0.640353,0.487292,0.71086,0.881216,0.171378,0.44576,0.8961,0.504008,0.635954,0.213423,0.366062,0.539584,0.119587,0.494397,0.735964,0.305809,0.376017,0.549446,0.790225,0.420236,0.649878,0.24089,0.86868,0.778118,0.586095,0.595389,0.521217,TEACHER
0.586378,0.573269,0.790871,0.374981,0.831079,0.889553,0.193996,0.288372,0.687387,0.71686,0.288747,0.115853,0.860027,0.856086,0.289029,0.725951,0.669698,0.101099,0.599165,0.156727,0.263277,0.157889,0.759849,0.608474,0.711867,0.119315,0.66744,0.366253,0.3887,0.842992,0.399572,0.181123,0.351841,0.273802,0.551844,0.878512,0.792161,0.514634,0.60085,0.515813,0.845656,0.118309,0.367364,0.834841,0.497816,0.897249,0.626227,0.297709,0.2132,0.557978,0.289024,0.389607,0.365684,0.38495,0.338303,0.596768,0.13678,0.636507,0.150269,0.691773,0.152245,0.233816,0.873985,0.777405,0.733757,0.636423,0.783737,0.476925,0.29618,0.354372,0.183669,0.183211,0.141046,0.108273,0.594174,0.470126,0.229867,0.350692,0.691373,0.518523,0.748758,0.378974,0.129747,0.118161,0.862022,0.557799,0.848306,0.584468,0.502924,0.361142,0.105716,0.398269,0.217292,0.379072,0.264071,0.802959,0.296146,0.739645,0.661769,0.510822,0.140596,0.20306,0.244101,0.657199,0.385698,0.448363,0.180153,0.319741,0.247284,0.845204,0.83128,0.187922,0.631714,0.166643,0.512302,0.883591,0.262336,0.227579,0.853532,0.139974,0.865997,0.473177,0.638915,0.754463,0.308007,0.580593,TEACHER
0.0,0.0,0.0,-0.016817,-0.340831,-0.088669,0.094845,-0.620094,-0.138169,0.269084,-0.756324,-0.161824,0.397889,-0.833458,-0.17996,0.232467,-0.389145,-0.220307,0.481743,-0.602372,-0.30129,0.626954,-0.707477,-0.342512,0.740643,-0.79258,-0.364015,0.332415,-0.233904,-0.188625,0.52015,-0.604056,-0.245071,0.595185,-0.833941,-0.244406,0.652685,-1.0,-0.240581,0.398487,-0.130087,-0.153965,0.488163,-0.47454,-0.193495,0.463618,-0.580522,-0.15954,0.427604,-0.610262,-0.125876,0.435235,-0.067383,-0.126421,0.489728,-0.365883,-0.159857,0.458018,-0.480853,-0.139069,0.421658,-0.520044,-0.111078,0.0,0.0,0.0,0.180337,-0.152886,-0.102052,0.364252,-0.218128,-0.180437,0.507961,-0.275374,-0.255266,0.6624,-0.323035,-0.345558,0.205835,-0.106962,-0.199384,0.253818,-0.063153,-0.295348,0.298554,-0.012754,-0.395986,0.353267,0.040429,-0.470623,0.025064,0.010869,-0.210983,0.065857,0.087171,-0.276563,0.063035,0.137511,-0.342001,0.06956,0.171268,-0.417329,-0.129733,0.108429,-0.222688,-0.119682,0.185312,-0.303783,-0.127079,0.232197,-0.32878,-0.120838,0.267068,-0.363609,-0.260794,0.179954,-0.243888,-0.303554,0.292006,-0.298745,-0.326889,0.38558,-0.281941,-0.3376,0.4592,-0.283843,THANK_YOU
0.250504,0.233089,0.164818,0.170276,0.685528,0.705193,0.871137,0.861844,0.574806,0.488476,0.682116,0.839224,0.126234,0.440573,0.379798,0.386997,0.834278,0.146507,0.149223,0.379551,0.163848,0.567852,0.183785,0.564772,0.32836,0.659193,0.880691,0.498623,0.782164,0.239543,0.835566,0.224238,0.43783,0.869362,0.610845,0.373014,0.40444,0.753034,0.492235,0.637461,0.747437,0.392381,0.297716,0.647449,0.418643,0.467103,0.797121,0.309027,0.705323,0.502174,0.532422,0.670407,0.469608,0.315462,0.740401,0.517826,0.336047,0.449667,0.398004,0.830718,0.174096,0.700876,0.522361,0.472642,0.594605,0.191257,0.823388,0.737021,0.694749,0.570445,0.837776,0.288869,0.371884,0.776654,0.601276,0.123203,0.522211,0.279361,0.813225,0.722122,0.736234,0.30078,0.892843,0.707824,0.753698,0.496802,0.120637,0.688808,0.497164,0.205498,0.250627,0.101558,0.302446,0.843299,0.714508,0.140931,0.298267,0.357311,0.777365,0.154759,0.795664,0.508166,0.311797,0.525707,0.765248,0.456489,0.219455,0.160623,0.180016,0.354769,0.651666,0.323296,0.134669,0.305066,0.183425,0.121245,0.435295,0.586468,0.270879,0.140346,0.593469,0.705732,0.219129,0.665087,0.188723,0.215793,THANK_YOU
0.0,0.0,0.0,-0.008242,-0.256173,-0.08244,-0.079554,-0.499127,-0.130958,-0.144368,-0.680482,-0.170881,-0.173981,-0.858043,-0.216073,-0.255572,-0.357906,-0.131181,-0.398403,-0.374671,-0.200852,-0.487612,-0.371718,-0.255207,-0.576896,-0.375726,-0.297346,-0.282559,-0.192909,-0.138988,-0.438594,-0.196546,-0.196192,-0.540417,-0.195808,-0.242657,-0.633324,-0.198006,-0.286738,-0.274516,-0.03319,-0.1525,-0.41377,-0.029495,-0.213979,-0.500109,-0.028349,-0.240137,-0.579749,-0.042947,-0.264159,-0.243292,0.117776,-0.172489,-0.343623,0.141957,-0.227474,-0.398541,0.136684,-0.241584,-0.449544,0.120042,-0.253984,0.0,0.0,0.0,0.00071,-0.360013,-0.0323,-0.177586,-0.650598,-0.06513,-0.37537,-0.798372,-0.080862,-0.527528,-0.862479,-0.101303,-0.244787,-0.4961,-0.19904,-0.483381,-0.729615,-0.23834,-0.602733,-0.867459,-0.243272,-0.681667,-0.975735,-0.244025,-0.339092,-0.290306,-0.193783,-0.573269,-0.518852,-0.210871,-0.586596,-0.645169,-0.180928,-0.549861,-0.696779,-0.167457,-0.398477,-0.10962,-0.176989,-0.609842,-0.346999,-0.173594,-0.58075,-0.461545,-0.126258,-0.514665,-0.493799,-0.103428,-0.425569,0.024265,-0.161244,-0.582792,-0.180436,-0.151019,-0.560383,-0.271033,-0.112028,-0.508165,-0.287578,-0.08858,THANK_YOU
0.406354,0.113101,0.662391,0.448846,0.839523,0.287879,0.358893,0.737916,0.307528,0.349,0.287668,0.65247,0.445844,0.873591,0.705623,0.205394,0.193476,0.469907,0.826327,0.50243,0.838737,0.483831,0.206443,0.424134,0.31724,0.596856,0.612852,0.280018,0.677082,0.519591,0.748158,0.587861,0.743593,0.891416,0.490672,0.113136,0.517907,0.277265,0.6765,0.732011,0.302479,0.16073,0.661383,0.71767,0.431072,0.170788,0.452197,0.155904,0.151328,0.394323,0.512452,0.871683,0.251488,0.590537,0.18285,0.387727,0.407918,0.481218,0.136483,0.398979,0.816641,0.717484,0.142414,0.675046,0.319134,0.497915,0.322902,0.466414,0.709029,0.454147,0.830934,0.213075,0.743723,0.569992,0.842689,0.898968,0.162644,0.635755,0.110042,0.893288,0.135206,0.599239,0.554122,0.14799,0.797299,0.783378,0.59278,0.881779,0.611314,0.648762,0.347777,0.547266,0.607561,0.431378,0.362343,0.404665,0.386292,0.517812,0.605026,0.59479,0.571048,0.380317,0.466101,0.263509,0.568235,0.212606,0.292836,0.783198,0.344767,0.145629,0.310024,0.60745,0.452599,0.853425,0.476314,0.681002,0.68119,0.898256,0.361714,0.358647,0.334238,0.188724,0.623995,0.859333,0.168976,0.769514,THANK_YOU
0.246318,0.305607,0.483734,0.521266,0.366299,0.744952,0.732243,0.502057,0.289478,0.378289,0.333599,0.652378,0.734922,0.411081,0.259936,0.537798,0.215795,0.388756,0.233295,0.751863,0.316112,0.450972,0.404249,0.30636,0.496599,0.464618,0.403028,0.332156,0.251005,0.233247,0.713996,0.469401,0.782168,0.352726,0.117253,0.763559,0.538502,0.383112,0.437675,0.164005,0.817766,0.730346,0.859055,0.367757,0.709798,0.690916,0.850039,0.747993,0.311128,0.639833,0.272901,0.645498,0.859238,0.387985,0.627104,0.198555,0.147417,0.315712,0.121604,0.213624,0.414428,0.483445,0.567058,0.804689,0.203012,0.229758,0.844494,0.869294,0.342419,0.275986,0.293128,0.148882,0.855184,0.249095,0.313534,0.13864,0.38037,0.228774,0.444091,0.262124,0.818085,0.46365,0.837289,0.67595,0.176669,0.836726,0.718549,0.613562,0.256815,0.35966,0.624274,0.776918,0.356603,0.862261,0.674874,0.65201,0.556385,0.213548,0.350588,0.709045,0.523533,0.410297,0.232059,0.370316,0.479777,0.220528,0.40413,0.24393,0.20492,0.514093,0.139502,0.22813,0.108763,0.12449,0.422017,0.358408,0.637879,0.730101,0.320296,0.338764,0.41294,0.407992,0.707838,0.715812,0.823232,0.126407,THANK_YOU
0.0,0.0,0.0,0.203672,-0.312569,-0.041829,0.523938,-0.43681,-0.090258,0.794428,-0.375102,-0.1297,0.973876,-0.272589,-0.157857,0.391796,-0.426741,-0.226025,0.776866,-0.35794,-0.303,0.924823,-0.297528,-0.307141,1.0,-0.243949,-0.298095,0.34735,-0.135803,-0.244164,0.763416,-0.04458,-0.335501,0.798804,-0.052653,-0.315732,0.732053,-0.058474,-0.288161,0.311779,0.152477,-0.256357,0.699426,0.260642,-0.335955,0.724954,0.212842,-0.289181,0.654062,0.171538,-0.239081,0.288482,0.402005,-0.269195,0.609785,0.517118,-0.320535,0.679519,0.442963,-0.296886,0.65068,0.365156,-0.270846,0.0,0.0,0.0,0.0,0.0,0.0,0.0,0.0,0.0,0.0,0.0,0.0,0.0,0.0,0.0,0.0,0.0,0.0,0.0,0.0,0.0,0.0,0.0,0.0,0.0,0.0,0.0,0.0,0.0,0.0,0.0,0.0,0.0,0.0,0.0,0.0,0.0,0.0,0.0,0.0,0.0,0.0,0.0,0.0,0.0,0.0,0.0,0.0,0.0,0.0,0.0,0.0,0.0,0.0,0.0,0.0,0.0,0.0,0.0,0.0,0.0,0.0,0.0,THANK_YOU
0.449365,0.621385,0.781364,0.532715,0.468707,0.638313,0.164514,0.879019,0.2705,0.136755,0.566798,0.41225,0.260163,0.612299,0.652329,0.874519,0.865595,0.561676,0.57919,0.495576,0.750355,0.144007,0.549532,0.457938,0.20392,0.820069,0.686025,0.845758,0.882977,0.658188,0.801814,0.297501,0.412735,0.268194,0.596958,0.642092,0.128809,0.124962,0.164479,0.623504,0.272176,0.608256,0.744968,0.16746,0.500382,0.885282,0.40114,0.139681,0.545369,0.513026,0.388645,0.66783,0.460632,0.521469,0.665488,0.224564,0.286636,0.699265,0.53654,0.719989,0.515982,0.612795,0.231853,0.80094,0.870409,0.486831,0.561795,0.282153,0.769162,0.890698,0.597691,0.585879,0.11116,0.51021,0.254243,0.20988,0.759728,0.822589,0.209613,0.506294,0.746473,0.419858,0.29716,0.654441,0.168804,0.319346,0.364606,0.459571,0.373443,0.219136,0.746313,0.810677,0.226133,0.806202,0.537532,0.298063,0.787504,0.674818,0.155453,0.812663,0.247147,0.203126,0.801819,0.333742,0.521024,0.355678,0.528829,0.337111,0.782529,0.78929,0.72572,0.814932,0.489383,0.230524,0.468638,0.79273,0.421969,0.635365,0.871102,0.23916,0.691354,0.230495,0.541435,0.290787,0.730282,0.329605,THANK_YOU
0.0,0.0,0.0,-0.096662,0.12419,-0.052458,-0.109664,0.302169,-0.090867,-0.102732,0.447118,-0.122991,-0.064784,0.565224,-0.154448,0.125355,0.474647,-0.093502,0.206447,0.740482,-0.133573,0.212988,0.874243,-0.156269,0.211698,0.971367,-0.169015,0.227853,0.437801,-0.093057,0.297045,0.734243,-0.119236,0.295083,0.890742,-0.136951,0.27737,1.0,-0.153022,0.307802,0.372392,-0.095913,0.371812,0.646503,-0.116914,0.374092,0.816246,-0.138012,0.359497,0.941967,-0.158198,0.371336,0.287303,-0.101379,0.450641,0.481171,-0.123437,0.486719,0.611772,-0.13552,0.50479,0.715604,-0.145854,0.0,0.0,0.0,0.040474,-0.257527,0.011603,0.000229,-0.531308,0.007046,-0.050465,-0.737367,-0.003785,-0.051684,-0.893678,-0.01941,-0.03232,-0.609573,-0.028181,-0.158209,-0.822251,-0.073086,-0.242593,-0.926304,-0.104148,-0.308478,-1.0,-0.121759,-0.094432,-0.518827,-0.057589,-0.253066,-0.740884,-0.086133,-0.332427,-0.78124,-0.093775,-0.376777,-0.776364,-0.101008,-0.15718,-0.400186,-0.08661,-0.301561,-0.583976,-0.114484,-0.367964,-0.631653,-0.108281,-0.397647,-0.650239,-0.104752,-0.217427,-0.263053,-0.113773,-0.330656,-0.394264,-0.130518,-0.366467,-0.424379,-0.117341,-0.384165,-0.430793,-0.106293,THANK_YOU
0.595787,0.689623,0.194833,0.339645,0.251301,0.450875,0.778247,0.545883,0.410956,0.839221,0.831954,0.59934,0.746178,0.644411,0.569521,0.537826,0.271592,0.273658,0.813329,0.790808,0.464487,0.317851,0.680102,0.196928,0.597705,0.203119,0.809121,0.450921,0.731248,0.77729,0.419412,0.304854,0.483068,0.217524,0.522576,0.381046,0.887625,0.354988,0.313949,0.234877,0.100724,0.185427,0.312479,0.156501,0.404962,0.459683,0.171127,0.618093,0.141653,0.152857,0.74895,0.307245,0.465551,0.871703,0.484086,0.48373,0.549687,0.888682,0.608595,0.756489,0.6078,0.546157,0.252969,0.342669,0.376257,0.433519,0.242166,0.318172,0.171251,0.257167,0.525708,0.162024,0.816843,0.657752,0.358134,0.571555,0.167337,0.706399,0.31099,0.794534,0.64736,0.559119,0.524965,0.879753,0.31572,0.538252,0.351672,0.146182,0.355777,0.837511,0.688245,0.800067,0.25029,0.817456,0.877453,0.81372,0.15938,0.894201,0.892241,0.123163,0.461044,0.389427,0.491985,0.742825,0.514973,0.280617,0.798663,0.642166,0.32644,0.722068,0.696008,0.292859,0.679532,0.435318,0.857783,0.340701,0.581796,0.732487,0.538786,0.637288,0.427062,0.844177,0.576189,0.276515,0.395109,0.827417,THANK_YOU
0.0,0.0,0.0,-0.024307,-0.265795,-0.069077,-0.075531,-0.487158,-0.140232,-0.088363,-0.640756,-0.212593,-0.0928,-0.785636,-0.279989,-0.402067,-0.560193,-0.162941,-0.317358,-0.594571,-0.304173,-0.146295,-0.522003,-0.394893,-0.048176,-0.466801,-0.442486,-0.433613,-0.311062,-0.191092,-0.281652,-0.278509,-0.311659,-0.092863,-0.237975,-0.343787,0.004383,-0.228502,-0.360854,-0.403438,-0.05229,-0.22831,-0.236008,-0.00128,-0.343557,-0.073583,-0.007269,-0.334239,0.011292,-0.025976,-0.315446,-0.334953,0.176816,-0.271877,-0.198243,0.214364,-0.33576,-0.07298,0.17921,-0.31479,-0.005574,0.14039,-0.290747,0.0,0.0,0.0,-0.155118,-0.202423,0.007612,-0.405429,-0.294052,-0.015708,-0.604611,-0.276622,-0.042842,-0.727452,-0.171931,-0.08866,-0.508575,-0.410738,-0.102857,-0.780628,-0.19084,-0.168483,-0.903343,-0.009162,-0.213189,-0.977782,0.134441,-0.240296,-0.463086,-0.276808,-0.147009,-0.75731,-0.082565,-0.189525,-0.902591,0.080037,-0.215805,-1.0,0.224681,-0.242374,-0.412179,-0.095406,-0.184737,-0.694022,0.059042,-0.236276,-0.85445,0.180981,-0.25318,-0.960271,0.27753,-0.265883,-0.361428,0.125972,-0.217023,-0.605267,0.236945,-0.274814,-0.747974,0.303723,-0.281694,-0.849768,0.358284,-0.279866,THANK_YOU
0.0,0.0,0.0,0.161299,-0.128164,-0.009942,0.247966,-0.331908,-0.016308,0.315573,-0.466279,-0.03299,0.392796,-0.567691,-0.051368,0.167436,-0.571135,0.008065,0.205494,-0.780677,-0.045315,0.265766,-0.887884,-0.089703,0.326592,-0.973654,-0.120668,0.118239,-0.558646,-0.026721,0.151421,-0.790616,-0.078348,0.225915,-0.905334,-0.118841,0.29717,-1.0,-0.146883,0.069058,-0.511842,-0.070293,0.094168,-0.73545,-0.124676,0.165344,-0.844897,-0.152773,0.235195,-0.926532,-0.168359,0.024449,-0.436595,-0.116972,0.045062,-0.607016,-0.162656,0.10249,-0.699105,-0.181825,0.163104,-0.767304,-0.193476,0.0,0.0,0.0,-0.12164,-0.146423,-0.029349,-0.179286,-0.375837,-0.044557,-0.216355,-0.545824,-0.065315,-0.264426,-0.679637,-0.085937,-0.116538,-0.564923,0.003733,-0.143589,-0.765927,-0.042828,-0.175187,-0.891091,-0.088464,-0.216969,-1.0,-0.12288,-0.063507,-0.550755,-0.016396,-0.089702,-0.758684,-0.066082,-0.135769,-0.882272,-0.109043,-0.192331,-0.98143,-0.137375,-0.009007,-0.494654,-0.045772,-0.019862,-0.694203,-0.093338,-0.058708,-0.807236,-0.124627,-0.109215,-0.898743,-0.142758,0.044049,-0.404443,-0.079387,0.035244,-0.561631,-0.120804,0.006713,-0.662926,-0.141713,-0.028891,-0.74418,-0.154276,THANK_YOU
0.0,0.0,0.0,0.11953,0.240135,0.024088,0.138699,0.492679,0.045232,0.113273,0.668952,0.058546,0.084464,0.773473,0.070125,0.040328,0.524977,0.035079,0.014725,0.738966,0.036466,0.011046,0.859089,0.032665,0.01093,0.964315,0.027432,-0.068934,0.512736,0.01564,-0.117639,0.725893,0.013085,-0.137043,0.865513,-0.003141,-0.148517,1.0,-0.017721,-0.156373,0.48222,-0.003741,-0.204765,0.654923,-0.022386,-0.222586,0.767305,-0.051653,-0.223017,0.870591,-0.071622,-0.223032,0.444196,-0.018795,-0.301884,0.517328,-0.030634,-0.340921,0.567346,-0.040417,-0.362343,0.612424,-0.048102,0.0,0.0,0.0,-0.250981,-0.255339,0.045768,-0.521526,-0.456196,0.049553,-0.74509,-0.560342,0.037049,-0.913852,-0.586782,0.017016,-0.528074,-0.592786,-0.001583,-0.783159,-0.647272,-0.053478,-0.903916,-0.621413,-0.100119,-1.0,-0.609317,-0.136573,-0.499238,-0.532028,-0.061413,-0.732188,-0.570815,-0.091313,-0.828251,-0.550204,-0.121743,-0.903659,-0.537445,-0.155864,-0.465427,-0.385395,-0.119828,-0.668705,-0.439458,-0.168202,-0.756437,-0.416064,-0.20269,-0.817771,-0.380859,-0.23858,-0.427596,-0.164887,-0.17138,-0.543357,-0.04772,-0.238112,-0.620821,0.054438,-0.269744,-0.692078,0.171698,-0.293624,THANK_YOU
0.610802,0.737112,0.127641,0.283856,0.350416,0.503013,0.293236,0.105435,0.155897,0.193488,0.780067,0.182113,0.267716,0.439388,0.772599,0.565188,0.662511,0.406055,0.534682,0.223358,0.203876,0.411807,0.469449,0.413901,0.894092,0.392053,0.3077,0.203592,0.182155,0.735483,0.575257,0.797385,0.618699,0.497413,0.335768,0.167364,0.708554,0.681957,0.709323,0.129763,0.482939,0.670368,0.212088,0.438256,0.584597,0.796617,0.556459,0.424697,0.62948,0.751755,0.104376,0.524233,0.246611,0.178542,0.74732,0.267852,0.158494,0.250607,0.638286,0.154961,0.302505,0.190222,0.422366,0.769561,0.423605,0.856547,0.536592,0.233529,0.877505,0.38887,0.150881,0.603743,0.344711,0.551937,0.610778,0.537017,0.140395,0.719147,0.10645,0.821873,0.781736,0.342455,0.512153,0.62,0.746486,0.731745,0.323881,0.819977,0.755519,0.864214,0.36347,0.459258,0.555085,0.82229,0.211477,0.771459,0.599568,0.364774,0.630411,0.194354,0.740888,0.878392,0.764433,0.140845,0.534247,0.774321,0.664581,0.735797,0.781797,0.128932,0.736349,0.5918,0.499744,0.60036,0.885322,0.680047,0.549075,0.146238,0.429701,0.500833,0.394377,0.778093,0.257118,0.809398,0.248623,0.520293,THANK_YOU
0.132844,0.385052,0.674446,0.476297,0.407401,0.158579,0.787723,0.583615,0.751256,0.786777,0.623365,0.202132,0.510912,0.294157,0.732905,0.201292,0.342459,0.355129,0.319927,0.838077,0.336459,0.677374,0.64146,0.652552,0.644507,0.57322,0.222119,0.376774,0.671939,0.500318,0.724776,0.286271,0.143484,0.198151,0.225375,0.851231,0.858694,0.629573,0.663977,0.260568,0.759508,0.618132,0.807579,0.629794,0.705866,0.65248,0.551882,0.709197,0.45935,0.314986,0.71132,0.874185,0.685599,0.413075,0.393024,0.438468,0.229342,0.421855,0.658469,0.88557,0.305254,0.139178,0.807564,0.391185,0.230676,0.881977,0.602096,0.684196,0.266561,0.598418,0.277958,0.325278,0.629418,0.18389,0.427102,0.347189,0.750253,0.403334,0.287181,0.107638,0.480923,0.177131,0.244563,0.630574,0.113967,0.163437,0.246024,0.851552,0.203495,0.636332,0.387371,0.71584,0.782101,0.515694,0.794733,0.694493,0.120756,0.313914,0.728441,0.591637,0.734899,0.898716,0.662039,0.403804,0.39458,0.332302,0.340924,0.36714,0.57922,0.331888,0.537356,0.240584,0.880168,0.665744,0.21478,0.677424,0.258431,0.811923,0.700466,0.631437,0.570627,0.89373,0.481278,0.649343,0.182403,0.260068,THANK_YOU
0.375108,0.576599,0.812668,0.754192,0.496293,0.182817,0.891746,0.775684,0.450907,0.409279,0.670053,0.878503,0.76904,0.72924,0.636349,0.65953,0.180002,0.670176,0.115622,0.291909,0.123331,0.346848,0.530571,0.169742,0.536825,0.740378,0.68329,0.547352,0.32984,0.552094,0.698586,0.363898,0.896328,0.207135,0.537839,0.180414,0.440534,0.423243,0.581243,0.658006,0.208037,0.565179,0.769697,0.304906,0.277861,0.861995,0.67042,0.275782,0.530484,0.63167,0.605595,0.457064,0.896241,0.888126,0.80323,0.421736,0.657797,0.135432,0.183877,0.6581,0.813002,0.522308,0.76741,0.441124,0.266266,0.245903,0.50315,0.620464,0.515749,0.418706,0.780811,0.856148,0.750504,0.121358,0.311291,0.818612,0.290096,0.311777,0.778321,0.403698,0.615724,0.600258,0.338737,0.670537,0.41958,0.227392,0.669164,0.38842,0.51491,0.889267,0.128254,0.471391,0.700121,0.59063,0.198421,0.36576,0.782769,0.631894,0.373691,0.100644,0.422329,0.590461,0.678635,0.112294,0.311738,0.569216,0.490959,0.699738,0.514668,0.192878,0.382186,0.53387,0.800446,0.646429,0.578203,0.52132,0.515264,0.253785,0.317088,0.71567,0.576596,0.669525,0.551098,0.242518,0.189424,0.574455,WATER
0.583462,0.822662,0.800666,0.348265,0.183893,0.690743,0.686306,0.25767,0.827695,0.252159,0.2463,0.346248,0.898745,0.572329,0.64069,0.589964,0.185969,0.356552,0.182621,0.425008,0.382625,0.502488,0.345016,0.237986,0.60853,0.232552,0.248973,0.450759,0.109365,0.285856,0.219931,0.684674,0.186038,0.146312,0.342905,0.449413,0.830622,0.851052,0.330987,0.181076,0.49113,0.876303,0.549502,0.263336,0.422045,0.70107,0.827407,0.531579,0.437461,0.451572,0.898592,0.733698,0.39856,0.208277,0.463894,0.562631,0.727392,0.174562,0.448799,0.817486,0.212524,0.237678,0.852878,0.619285,0.219685,0.499445,0.38308,0.83128,0.880855,0.650358,0.678639,0.791255,0.715226,0.586854,0.552669,0.704818,0.291744,0.50705,0.476694,0.167054,0.363153,0.606529,0.853666,0.793985,0.388959,0.4494,0.618834,0.856095,0.721572,0.541831,0.282061,0.46336,0.765461,0.124177,0.150713,0.529443,0.145351,0.427922,0.472398,0.297854,0.770653,0.712339,0.295727,0.800955,0.738426,0.672199,0.15207,0.799263,0.468979,0.730084,0.151001,0.722965,0.228611,0.181283,0.666173,0.621138,0.323675,0.801894,0.646266,0.110511,0.876925,0.818294,0.712425,0.836856,0.728424,0.780262,WATER
0.512145,0.402392,0.848353,0.338008,0.15575,0.177315,0.862331,0.476086,0.846337,0.338886,0.593458,0.528842,0.635609,0.189747,0.287991,0.57242,0.286323,0.237106,0.354927,0.604284,0.416229,0.728926,0.891407,0.414362,0.567108,0.389103,0.791668,0.107601,0.659009,0.760198,0.148635,0.146259,0.549886,0.889415,0.51061,0.667185,0.121216,0.625273,0.160837,0.150295,0.24705,0.511061,0.638874,0.571679,0.519723,0.56847,0.216338,0.422185,0.618491,0.621089,0.254932,0.858486,0.116835,0.733592,0.813756,0.610093,0.383198,0.14178,0.342297,0.201724,0.836101,0.391766,0.572669,0.762697,0.11986,0.89339,0.720204,0.473684,0.214308,0.67567,0.621286,0.630212,0.480543,0.882487,0.358893,0.440492,0.261231,0.572627,0.535628,0.320355,0.61303,0.691093,0.607083,0.403069,0.724648,0.455673,0.682925,0.740206,0.825001,0.381943,0.810428,0.446692,0.335548,0.611875,0.503738,0.803256,0.65018,0.363236,0.666089,0.20036,0.821424,0.564762,0.63408,0.859845,0.125985,0.687751,0.392927,0.257336,0.421635,0.777633,0.833089,0.516878,0.461717,0.438934,0.504625,0.385014,0.639879,0.71915,0.615479,0.736256,0.52222,0.844163,0.812587,0.350543,0.522524,0.519846,WATER
0.620386,0.787124,0.238494,0.882622,0.275202,0.693445,0.73457,0.68486,0.876559,0.348275,0.327274,0.652862,0.558987,0.302648,0.411814,0.278623,0.138467,0.252272,0.824451,0.453945,0.690782,0.149585,0.280556,0.759379,0.238451,0.447158,0.297557,0.736018,0.840226,0.749551,0.520832,0.623285,0.168361,0.430009,0.656679,0.530958,0.436061,0.817935,0.757616,0.64938,0.782971,0.77244,0.672784,0.62719,0.585336,0.384146,0.165298,0.22954,0.147353,0.596028,0.582665,0.226043,0.495409,0.497201,0.536331,0.524248,0.17509,0.613542,0.464168,0.365285,0.591307,0.849181,0.74977,0.517435,0.620696,0.643106,0.193676,0.501745,0.332976,0.765512,0.654443,0.699331,0.589085,0.138349,0.481748,0.610441,0.748182,0.513843,0.435468,0.807049,0.718601,0.866108,0.873826,0.201279,0.551133,0.489261,0.230883,0.655859,0.491699,0.738324,0.750344,0.109655,0.442995,0.617487,0.824175,0.88251,0.784845,0.546271,0.81231,0.508982,0.476235,0.103805,0.629333,0.477648,0.601138,0.746494,0.354597,0.362134,0.813136,0.104857,0.763973,0.192389,0.487567,0.809239,0.40245,0.46777,0.601083,0.21034,0.390639,0.476446,0.592188,0.608866,0.838096,0.333852,0.457404,0.47531,WATER
0.182757,0.527248,0.438246,0.862589,0.224548,0.258009,0.360803,0.855401,0.694673,0.660666,0.388634,0.731863,0.658049,0.558017,0.382178,0.56599,0.767505,0.269148,0.212599,0.240268,0.325755,0.547226,0.561684,0.308009,0.499437,0.694036,0.130249,0.658678,0.648495,0.183501,0.502536,0.534534,0.807642,0.689954,0.199778,0.30732,0.845457,0.368282,0.22716,0.638977,0.694205,0.784003,0.626526,0.483388,0.162058,0.357648,0.132562,0.163866,0.684818,0.711216,0.829293,0.685174,0.125946,0.720019,0.303259,0.32113,0.488946,0.70338,0.766314,0.742522,0.262548,0.683785,0.446823,0.141778,0.506185,0.662174,0.6855,0.333264,0.339293,0.643539,0.795309,0.497127,0.492545,0.154784,0.770674,0.380233,0.710331,0.103339,0.186217,0.408793,0.876571,0.323357,0.322057,0.760557,0.323694,0.513442,0.156573,0.211233,0.147593,0.264594,0.156488,0.195016,0.547397,0.673507,0.639197,0.12339,0.491186,0.2693,0.237311,0.56678,0.311529,0.60551,0.423414,0.377033,0.886329,0.843999,0.129532,0.49802,0.791519,0.562866,0.258002,0.417956,0.75418,0.383348,0.793363,0.299741,0.316175,0.521939,0.364032,0.864167,0.4991,0.869909,0.809904,0.605426,0.503932,0.78337,WATER
0.801041,0.897404,0.463621,0.572827,0.283729,0.793007,0.293702,0.223555,0.235268,0.349151,0.17184,0.436775,0.427517,0.20571,0.276042,0.522776,0.598315,0.367447,0.382014,0.696945,0.860858,0.576747,0.294433,0.785464,0.355704,0.197094,0.251111,0.721643,0.344067,0.68794,0.796672,0.309528,0.245073,0.242085,0.159083,0.322552,0.75282,0.293827,0.490798,0.494482,0.417829,0.384135,0.267936,0.773602,0.432632,0.899317,0.374256,0.69804,0.210696,0.629383,0.843897,0.398004,0.135867,0.423688,0.781135,0.581155,0.795883,0.468878,0.474076,0.592289,0.25542,0.33817,0.155415,0.126534,0.552788,0.667237,0.558133,0.450042,0.270777,0.765515,0.374839,0.725618,0.451923,0.583302,0.51584,0.782423,0.376629,0.826569,0.89674,0.6551,0.387578,0.420937,0.617233,0.71506,0.729654,0.304587,0.142898,0.743608,0.731534,0.245421,0.704721,0.144635,0.36326,0.849248,0.584848,0.40527,0.356144,0.397651,0.799858,0.702968,0.165192,0.464226,0.877573,0.445748,0.609483,0.79309,0.5464,0.574662,0.405888,0.625819,0.486333,0.465636,0.642925,0.802644,0.671543,0.784964,0.670319,0.895988,0.644321,0.300433,0.138694,0.875519,0.413063,0.412424,0.586979,0.538936,WATER
0.63683,0.677534,0.790391,0.470171,0.474406,0.554545,0.879406,0.240185,0.89674,0.816741,0.50998,0.647685,0.465182,0.736483,0.157638,0.899248,0.407387,0.736463,0.55967,0.226795,0.383772,0.81028,0.776301,0.814556,0.322189,0.654597,0.738441,0.793471,0.633948,0.460145,0.872201,0.66402,0.137138,0.67238,0.526862,0.839599,0.385021,0.508951,0.593967,0.556286,0.235804,0.447623,0.539469,0.223769,0.806479,0.62682,0.898052,0.895473,0.386395,0.633869,0.270727,0.268041,0.155941,0.69101,0.138713,0.446507,0.556022,0.580434,0.325914,0.277009,0.596635,0.161698,0.701793,0.696611,0.749036,0.656545,0.347353,0.39064,0.784526,0.475363,0.75516,0.822556,0.552507,0.527843,0.202667,0.120458,0.457954,0.754567,0.393465,0.662958,0.10729,0.497221,0.225378,0.379497,0.742998,0.436109,0.385812,0.702926,0.597688,0.897918,0.831762,0.530601,0.187061,0.888623,0.106399,0.101033,0.674051,0.286347,0.693775,0.633174,0.546373,0.327962,0.299268,0.673705,0.616954,0.451425,0.651814,0.619381,0.637084,0.699819,0.591677,0.893836,0.346147,0.116507,0.823409,0.249046,0.693014,0.458599,0.457595,0.81512,0.228532,0.5679,0.201195,0.62692,0.171298,0.332577,WATER
0.392065,0.715256,0.741999,0.11675,0.254795,0.495081,0.277141,0.670802,0.596999,0.265785,0.797854,0.629502,0.11722,0.415478,0.268901,0.66069,0.852114,0.874078,0.83643,0.279816,0.36443,0.760144,0.421785,0.197079,0.633382,0.330119,0.323796,0.1374,0.368115,0.652247,0.238017,0.272358,0.229738,0.332805,0.64522,0.182026,0.134573,0.322578,0.270421,0.36144,0.530397,0.608082,0.718641,0.270998,0.423439,0.226942,0.89653,0.704282,0.733479,0.578617,0.406686,0.125046,0.631802,0.759445,0.58154,0.753717,0.119134,0.774539,0.669492,0.395935,0.840203,0.715457,0.145705,0.467306,0.298927,0.34056,0.851227,0.550427,0.334556,0.651039,0.158504,0.230227,0.516806,0.662936,0.709553,0.120416,0.109046,0.122508,0.589031,0.864264,0.416823,0.310366,0.325828,0.568632,0.829441,0.818306,0.226166,0.367106,0.464942,0.727431,0.580258,0.501132,0.101867,0.282093,0.493952,0.365218,0.801397,0.215801,0.250527,0.447558,0.143657,0.763515,0.251479,0.224978,0.176788,0.57375,0.374219,0.324022,0.24348,0.422545,0.814519,0.814431,0.81292,0.138186,0.148542,0.452352,0.472304,0.298157,0.20768,0.716814,0.686737,0.851334,0.524992,0.167909,0.606336,0.786844,WATER
0.169814,0.289752,0.46206,0.879942,0.266228,0.870172,0.403312,0.192446,0.161622,0.763153,0.25265,0.367004,0.243146,0.439367,0.806305,0.413579,0.777548,0.416243,0.479379,0.813814,0.331749,0.834765,0.722463,0.828854,0.418989,0.292397,0.344135,0.834245,0.665787,0.332683,0.858305,0.448995,0.61732,0.10024,0.527706,0.335528,0.685048,0.71288,0.794155,0.706154,0.711906,0.535881,0.838688,0.156031,0.114435,0.266631,0.754665,0.641548,0.184982,0.722748,0.222253,0.584505,0.527364,0.208289,0.353915,0.676737,0.325978,0.870158,0.294059,0.532814,0.895068,0.27007,0.254835,0.567237,0.87548,0.250982,0.851253,0.598706,0.103291,0.838364,0.12722,0.87008,0.330492,0.304195,0.433597,0.189808,0.296041,0.636615,0.228929,0.874179,0.826096,0.288378,0.728225,0.799829,0.789767,0.641096,0.81948,0.458917,0.132862,0.842683,0.192529,0.754282,0.249187,0.111081,0.88344,0.761116,0.636447,0.591763,0.877821,0.602378,0.517773,0.597279,0.526823,0.790576,0.190331,0.42485,0.897,0.872748,0.702856,0.586036,0.840642,0.596695,0.418876,0.887918,0.588747,0.419105,0.428281,0.377174,0.640688,0.247783,0.161254,0.172079,0.153964,0.436542,0.255483,0.795305,WATER
0.158234,0.462398,0.675291,0.573755,0.703003,0.179123,0.302756,0.275403,0.512314,0.413515,0.40979,0.614194,0.629493,0.887935,0.442678,0.340819,0.592537,0.315923,0.705127,0.599771,0.897302,0.871565,0.87655,0.367068,0.293094,0.163806,0.387319,0.137488,0.787999,0.10338,0.207801,0.10298,0.442421,0.890939,0.37975,0.617606,0.446424,0.729225,0.557304,0.417861,0.175962,0.537897,0.423595,0.199356,0.757939,0.805461,0.875228,0.627973,0.182481,0.155069,0.207606,0.3139,0.615684,0.37898,0.482288,0.531057,0.657952,0.769734,0.848332,0.340763,0.67712,0.446248,0.233677,0.225218,0.56208,0.59519,0.815184,0.150597,0.832626,0.874364,0.317817,0.899238,0.676811,0.216514,0.235638,0.52201,0.519983,0.235017,0.763528,0.306241,0.446425,0.420874,0.67577,0.57875,0.414341,0.836008,0.342635,0.269001,0.158883,0.727513,0.52937,0.536574,0.712439,0.726203,0.776657,0.578973,0.769499,0.591964,0.659906,0.340728,0.657156,0.469668,0.197619,0.275877,0.856085,0.214858,0.583367,0.125316,0.150159,0.319202,0.231489,0.603702,0.645488,0.213469,0.230574,0.347062,0.504882,0.41217,0.426868,0.470875,0.783349,0.680531,0.20165,0.256065,0.384715,0.374041,WATER
0.638411,0.505561,0.801331,0.259204,0.776732,0.45686,0.194088,0.105541,0.699256,0.778641,0.607106,0.807715,0.698749,0.885348,0.396074,0.490489,0.864354,0.515062,0.257001,0.619817,0.596255,0.866269,0.407488,0.220362,0.570332,0.517505,0.592133,0.128112,0.464343,0.735816,0.745602,0.579538,0.632883,0.640826,0.61323,0.278548,0.652489,0.480996,0.388108,0.544777,0.230773,0.530662,0.720285,0.753525,0.502942,0.454473,0.558523,0.205029,0.279136,0.447213,0.769093,0.523189,0.196417,0.892702,0.584538,0.272002,0.795747,0.364027,0.866508,0.845659,0.439887,0.116753,0.502225,0.114474,0.536762,0.785419,0.261663,0.442889,0.677728,0.877245,0.355989,0.585478,0.815751,0.857135,0.683461,0.147467,0.306553,0.724024,0.65852,0.683641,0.217495,0.484901,0.240187,0.514193,0.20174,0.145237,0.505175,0.501685,0.26132,0.890765,0.833159,0.472789,0.558422,0.723719,0.574124,0.391462,0.24435,0.187338,0.143776,0.742113,0.32562,0.747975,0.422375,0.659337,0.262952,0.302269,0.629137,0.266362,0.330852,0.632526,0.346868,0.570889,0.185037,0.734429,0.331205,0.57283,0.380263,0.682797,0.814323,0.117292,0.661078,0.172608,0.399994,0.477997,0.878514,0.633531,WATER
0.769444,0.827485,0.511085,0.14232,0.479388,0.273701,0.218971,0.55304,0.302679,0.858345,0.148752,0.787069,0.415917,0.64735,0.62593,0.826463,0.748556,0.777126,0.347133,0.856842,0.857724,0.178854,0.146586,0.846248,0.824171,0.374145,0.525814,0.363539,0.491778,0.251186,0.435553,0.455701,0.311484,0.758889,0.579484,0.612755,0.210135,0.510168,0.776603,0.144738,0.57421,0.745106,0.694459,0.482724,0.829624,0.60523,0.389513,0.143798,0.876696,0.155837,0.195944,0.75236,0.29673,0.728257,0.695486,0.618853,0.674878,0.751418,0.348501,0.2038,0.683359,0.647656,0.144415,0.774275,0.256469,0.689976,0.30513,0.872806,0.761763,0.827611,0.755027,0.333469,0.142831,0.729978,0.243408,0.69357,0.297783,0.196865,0.766188,0.674572,0.60135,0.690994,0.143463,0.185943,0.451166,0.866662,0.106724,0.409256,0.599918,0.240709,0.743219,0.160555,0.162889,0.399413,0.639583,0.75157,0.286058,0.229977,0.834486,0.344681,0.604286,0.476133,0.49249,0.490876,0.487147,0.263424,0.114704,0.247889,0.35377,0.731964,0.831112,0.441412,0.606517,0.705597,0.857203,0.758959,0.704561,0.674401,0.429376,0.83322,0.516456,0.350919,0.867153,0.803281,0.713675,0.572419,WATER
0.244737,0.441522,0.623016,0.749349,0.714478,0.233001,0.381261,0.359779,0.707336,0.289807,0.392491,0.600375,0.868641,0.706225,0.617995,0.262331,0.836014,0.363438,0.806604,0.486755,0.116469,0.21882,0.283101,0.503752,0.365946,0.74494,0.157456,0.889851,0.649017,0.271007,0.722155,0.545041,0.719691,0.572277,0.200778,0.578957,0.765353,0.110102,0.249124,0.602811,0.599776,0.461931,0.520674,0.887137,0.197634,0.527632,0.463879,0.147483,0.287142,0.166215,0.715184,0.569117,0.154062,0.224635,0.817257,0.578533,0.406957,0.671937,0.88256,0.331785,0.572551,0.841521,0.691787,0.534391,0.103386,0.179746,0.589061,0.707057,0.574557,0.400738,0.332408,0.665681,0.7787,0.458654,0.777061,0.703086,0.720014,0.626776,0.716193,0.742895,0.32588,0.686977,0.561216,0.876947,0.618708,0.773547,0.437187,0.86917,0.424287,0.108727,0.789739,0.251157,0.356051,0.4967,0.128597,0.342403,0.190365,0.37129,0.482945,0.845664,0.452354,0.764696,0.566631,0.891915,0.693742,0.280896,0.803294,0.126775,0.738104,0.114502,0.758796,0.47207,0.487132,0.657562,0.200944,0.531052,0.454552,0.192373,0.499224,0.368638,0.205146,0.584763,0.356822,0.7995,0.7504,0.406245,WATER
0.0,0.0,0.0,0.260768,-0.02432,-0.037469,0.493762,-0.190905,-0.055558,0.659265,-0.314501,-0.092673,0.804186,-0.303661,-0.121409,0.480178,-0.597927,0.029285,0.586521,-0.756309,-0.092197,0.497899,-0.554972,-0.175405,0.396493,-0.372858,-0.207436,0.357226,-0.710447,0.003522,0.465553,-0.865899,-0.120945,0.370457,-0.613331,-0.16551,0.280395,-0.423206,-0.166972,0.21557,-0.807598,-0.04188,0.338963,-0.978964,-0.165547,0.268982,-0.718618,-0.153954,0.18204,-0.515051,-0.110393,0.050236,-0.881297,-0.092027,0.165847,-1.0,-0.178964,0.14796,-0.798752,-0.162195,0.091916,-0.627288,-0.124103,0.0,0.0,0.0,0.0,0.0,0.0,0.0,0.0,0.0,0.0,0.0,0.0,0.0,0.0,0.0,0.0,0.0,0.0,0.0,0.0,0.0,0.0,0.0,0.0,0.0,0.0,0.0,0.0,0.0,0.0,0.0,0.0,0.0,0.0,0.0,0.0,0.0,0.0,0.0,0.0,0.0,0.0,0.0,0.0,0.0,0.0,0.0,0.0,0.0,0.0,0.0,0.0,0.0,0.0,0.0,0.0,0.0,0.0,0.0,0.0,0.0,0.0,0.0,WATER
0.871688,0.861907,0.516787,0.864859,0.399153,0.641289,0.118359,0.773234,0.20793,0.395614,0.283658,0.721657,0.466913,0.841322,0.368497,0.408694,0.149445,0.29142,0.704216,0.367967,0.820646,0.282017,0.768559,0.65927,0.882235,0.29618,0.282316,0.828981,0.400246,0.664214,0.645771,0.256699,0.199154,0.436952,0.878092,0.202301,0.648161,0.899694,0.583274,0.116083,0.507618,0.586621,0.295224,0.313291,0.469594,0.712553,0.583262,0.549293,0.464633,0.397123,0.720006,0.866212,0.273128,0.156189,0.597216,0.587793,0.312592,0.361552,0.121752,0.741923,0.557704,0.672604,0.474292,0.505009,0.595453,0.639449,0.666419,0.38755,0.131717,0.892861,0.597172,0.825096,0.269255,0.661969,0.881583,0.701468,0.807302,0.731341,0.791096,0.343461,0.79549,0.35042,0.26455,0.134855,0.852983,0.231847,0.206139,0.725876,0.571005,0.834014,0.107858,0.595932,0.503669,0.812182,0.850517,0.456296,0.267174,0.680278,0.510203,0.65715,0.720443,0.641078,0.431288,0.217867,0.598083,0.446447,0.412353,0.185911,0.424606,0.596692,0.172727,0.77248,0.195274,0.632769,0.334637,0.832554,0.511923,0.8547,0.137079,0.86932,0.249797,0.538994,0.671655,0.785791,0.258628,0.100171,WELCOME
0.84133,0.479669,0.137808,0.346204,0.808318,0.730215,0.788425,0.126317,0.193169,0.543006,0.306046,0.216437,0.468692,0.647074,0.173788,0.617842,0.26822,0.476811,0.528241,0.440489,0.412728,0.450954,0.255554,0.159334,0.20649,0.291524,0.632275,0.118594,0.774489,0.714373,0.359691,0.786323,0.551096,0.643024,0.146433,0.310664,0.17226,0.771541,0.726785,0.792895,0.736388,0.239971,0.198937,0.559375,0.115542,0.270403,0.17784,0.247286,0.786296,0.884308,0.129984,0.18124,0.660677,0.259603,0.62081,0.576642,0.208247,0.152735,0.471133,0.728625,0.443899,0.519404,0.332564,0.204659,0.514336,0.209144,0.338084,0.628461,0.139566,0.157762,0.853605,0.727908,0.411377,0.763656,0.521196,0.199009,0.737451,0.546181,0.227847,0.512492,0.53204,0.389312,0.684148,0.594112,0.687362,0.880541,0.424506,0.338595,0.818437,0.720902,0.387656,0.892919,0.146362,0.514159,0.498345,0.454425,0.602455,0.712474,0.830761,0.228556,0.492661,0.381214,0.395864,0.72795,0.744867,0.127529,0.778918,0.524977,0.663974,0.786215,0.649106,0.591432,0.670688,0.459902,0.409375,0.196556,0.233508,0.401974,0.458728,0.144322,0.465093,0.163924,0.769878,0.316969,0.561352,0.274878,WELCOME
0.718038,0.697906,0.543419,0.264062,0.833277,0.708404,0.330696,0.155553,0.571635,0.838914,0.332578,0.475499,0.136924,0.801658,0.413168,0.546926,0.85597,0.801169,0.140781,0.827911,0.461029,0.706459,0.501131,0.791541,0.414083,0.490756,0.754076,0.617227,0.205846,0.756965,0.32439,0.681343,0.821867,0.845253,0.505321,0.815509,0.185677,0.664801,0.507816,0.524256,0.514291,0.355599,0.789989,0.664266,0.23167,0.787539,0.705949,0.560482,0.332208,0.521581,0.197004,0.219245,0.170577,0.749773,0.505247,0.224116,0.698623,0.134284,0.700542,0.406052,0.662818,0.189271,0.103881,0.264198,0.233823,0.524603,0.712906,0.379413,0.451324,0.289068,0.749755,0.402204,0.119471,0.783902,0.787095,0.506132,0.648422,0.141196,0.895997,0.70889,0.826641,0.190513,0.266681,0.673763,0.269597,0.306201,0.688446,0.71854,0.115499,0.418654,0.116809,0.864075,0.692017,0.177193,0.13607,0.765462,0.493592,0.436495,0.276127,0.23729,0.644636,0.280925,0.157946,0.788291,0.524226,0.788075,0.278262,0.115586,0.687136,0.476794,0.139436,0.316898,0.481751,0.545615,0.36756,0.400625,0.214006,0.568425,0.426886,0.411063,0.869847,0.836487,0.155381,0.732966,0.339805,0.256081,WELCOME
0.298889,0.257437,0.686742,0.369392,0.723914,0.799106,0.326391,0.753563,0.10467,0.488565,0.658849,0.230302,0.349056,0.597976,0.755305,0.487334,0.367813,0.636437,0.467506,0.166708,0.634564,0.825945,0.555654,0.668402,0.782662,0.582793,0.378869,0.868011,0.299503,0.233825,0.672193,0.612018,0.202964,0.267794,0.752206,0.34251,0.443214,0.332439,0.299483,0.10697,0.100966,0.19541,0.15813,0.801067,0.770147,0.855717,0.590556,0.589607,0.631185,0.160308,0.73525,0.169944,0.104494,0.410139,0.781889,0.235183,0.899432,0.744576,0.67413,0.605556,0.373933,0.20924,0.25986,0.569504,0.684359,0.178424,0.812746,0.100315,0.242636,0.696654,0.541407,0.593094,0.723618,0.54779,0.635872,0.538058,0.48766,0.731551,0.131695,0.838409,0.323594,0.345244,0.304698,0.215827,0.679562,0.461662,0.617243,0.460333,0.843564,0.650072,0.514821,0.78933,0.151868,0.331158,0.28314,0.773054,0.200453,0.723169,0.660459,0.422405,0.302456,0.665805,0.748751,0.512397,0.475985,0.246065,0.654805,0.846156,0.418972,0.315096,0.249012,0.144192,0.51214,0.733548,0.158502,0.341205,0.611309,0.256223,0.808644,0.176601,0.7269,0.734188,0.778895,0.173198,0.813212,0.717939,WELCOME
0.610236,0.220685,0.195742,0.809455,0.799413,0.246078,0.443842,0.551458,0.504977,0.561769,0.769394,0.653068,0.881752,0.768402,0.433736,0.125273,0.271818,0.484456,0.314813,0.147881,0.375173,0.556358,0.35732,0.868259,0.525012,0.114932,0.831292,0.729893,0.672303,0.448559,0.375671,0.16438,0.432763,0.715142,0.604489,0.708919,0.584578,0.704385,0.303937,0.398128,0.162354,0.432139,0.595666,0.744929,0.30281,0.70598,0.454011,0.593747,0.637218,0.4077,0.799234,0.720242,0.626911,0.864107,0.764541,0.528693,0.258044,0.745726,0.703999,0.468168,0.583327,0.620062,0.519649,0.634344,0.573245,0.276293,0.602769,0.775469,0.19368,0.373417,0.793732,0.608355,0.746094,0.295961,0.202124,0.693006,0.313283,0.848456,0.837726,0.753939,0.817537,0.832693,0.563854,0.563471,0.625868,0.689267,0.518379,0.235419,0.501603,0.232067,0.706382,0.256408,0.669073,0.419573,0.20222,0.124056,0.6008,0.112296,0.416495,0.157236,0.269673,0.243729,0.195048,0.194588,0.527053,0.787261,0.238992,0.146909,0.865987,0.896179,0.617205,0.687333,0.719567,0.557837,0.244961,0.769245,0.866083,0.108406,0.573646,0.715048,0.347494,0.116583,0.752607,0.442753,0.589104,0.3229,WELCOME
0.451574,0.856258,0.119735,0.251305,0.518735,0.268745,0.158114,0.732742,0.69083,0.163171,0.444585,0.667041,0.176953,0.600382,0.109248,0.402294,0.450999,0.639915,0.2146,0.509724,0.154912,0.100139,0.27272,0.416426,0.712157,0.719816,0.737539,0.880594,0.700158,0.716813,0.595074,0.20316,0.495049,0.388033,0.770058,0.412672,0.705381,0.635449,0.57572,0.375017,0.588585,0.411895,0.888988,0.29788,0.844456,0.471057,0.321378,0.366191,0.527374,0.643545,0.595602,0.18892,0.244061,0.521766,0.70347,0.468963,0.806328,0.821752,0.720789,0.381654,0.454508,0.19948,0.632166,0.847385,0.683706,0.126219,0.57809,0.471077,0.285495,0.415763,0.889486,0.788723,0.679713,0.335299,0.152942,0.836067,0.201573,0.583122,0.18781,0.858958,0.473901,0.813355,0.887173,0.271877,0.852572,0.21011,0.770127,0.563855,0.226621,0.454222,0.167557,0.589156,0.786144,0.383005,0.110172,0.36257,0.165641,0.253997,0.28608,0.767845,0.484229,0.457765,0.219573,0.788603,0.273259,0.59943,0.232803,0.897339,0.155897,0.192659,0.444389,0.14016,0.74603,0.173923,0.875909,0.221478,0.85811,0.462545,0.602459,0.402772,0.126904,0.770487,0.759037,0.384228,0.184071,0.58115,WELCOME
0.451992,0.472902,0.849706,0.569574,0.849948,0.242255,0.291642,0.638379,0.811319,0.467605,0.818266,0.378331,0.730673,0.766691,0.826247,0.77707,0.668694,0.655689,0.157102,0.171639,0.83672,0.367613,0.529454,0.148648,0.71955,0.225227,0.725578,0.292849,0.657335,0.810142,0.733597,0.720298,0.709456,0.196667,0.592529,0.332774,0.732458,0.174388,0.41857,0.327712,0.670883,0.22613,0.392594,0.27586,0.319054,0.428811,0.339271,0.231504,0.639832,0.256948,0.375716,0.466428,0.602148,0.482715,0.614584,0.549954,0.897978,0.544389,0.757778,0.691357,0.732033,0.588034,0.757333,0.435191,0.120189,0.759446,0.576088,0.160113,0.734685,0.130119,0.692852,0.837037,0.701342,0.535817,0.249392,0.414914,0.608847,0.66052,0.490984,0.516063,0.520746,0.741576,0.174679,0.119085,0.138443,0.358652,0.138231,0.305652,0.688276,0.217072,0.175394,0.127234,0.679982,0.415951,0.38109,0.524032,0.28695,0.726435,0.487934,0.225262,0.450313,0.23339,0.466944,0.759689,0.140087,0.804967,0.298811,0.462575,0.15492,0.610988,0.309324,0.125798,0.464516,0.461639,0.496233,0.550101,0.842329,0.83929,0.20711,0.444037,0.878141,0.125955,0.626558,0.272409,0.348271,0.767965,WELCOME
0.102372,0.102435,0.646504,0.364859,0.143337,0.211872,0.136921,0.500587,0.2311,0.464955,0.419699,0.870326,0.847574,0.634408,0.410695,0.687704,0.599645,0.396065,0.405464,0.797167,0.691476,0.173659,0.76586,0.445015,0.172325,0.603189,0.798053,0.84565,0.284676,0.395286,0.885596,0.694273,0.885683,0.423774,0.703243,0.742025,0.125258,0.355373,0.702939,0.368841,0.890536,0.350635,0.421134,0.809062,0.699974,0.812161,0.174076,0.534136,0.704548,0.270543,0.190347,0.809864,0.170117,0.64676,0.424011,0.863561,0.33608,0.349429,0.82803,0.421213,0.230597,0.644051,0.553791,0.58837,0.471803,0.379098,0.330576,0.836191,0.168061,0.484762,0.660437,0.829973,0.806784,0.359581,0.606566,0.450806,0.880295,0.235363,0.199113,0.85697,0.568008,0.30384,0.568163,0.205288,0.585462,0.398124,0.314286,0.291018,0.169965,0.130639,0.378401,0.731161,0.762795,0.69363,0.429566,0.521706,0.362658,0.464716,0.276529,0.495962,0.279953,0.787199,0.476964,0.393095,0.176403,0.12809,0.110467,0.389521,0.828253,0.121347,0.57903,0.76833,0.62323,0.152344,0.187728,0.29449,0.513941,0.428167,0.631527,0.633249,0.427946,0.415459,0.134825,0.762127,0.243758,0.718085,WHAT
0.898667,0.470403,0.538172,0.30126,0.56471,0.23452,0.281315,0.764514,0.406557,0.627677,0.492704,0.873795,0.185583,0.122512,0.570884,0.619523,0.769661,0.455396,0.619752,0.788521,0.465908,0.147035,0.15625,0.80804,0.547675,0.286586,0.385181,0.807989,0.129722,0.500961,0.564524,0.143375,0.481889,0.371197,0.573003,0.253055,0.450143,0.482635,0.817509,0.340677,0.391549,0.171252,0.882113,0.483745,0.344821,0.47565,0.287507,0.785579,0.132657,0.871784,0.269345,0.870072,0.322091,0.413142,0.873315,0.424403,0.866183,0.556557,0.208556,0.727276,0.178334,0.380309,0.866705,0.342872,0.698368,0.861914,0.522483,0.364689,0.664092,0.759013,0.838789,0.304702,0.636696,0.86734,0.391273,0.716684,0.485195,0.382425,0.52154,0.233002,0.5005,0.751665,0.744285,0.551178,0.528261,0.775824,0.79928,0.554594,0.146482,0.883079,0.757791,0.837237,0.211203,0.171934,0.151938,0.854159,0.614823,0.485004,0.623675,0.527535,0.447567,0.888032,0.530474,0.362874,0.738321,0.77885,0.611669,0.75406,0.463378,0.795696,0.774879,0.481937,0.632047,0.609001,0.169447,0.481492,0.199744,0.301055,0.226751,0.592495,0.453976,0.323397,0.584203,0.51226,0.260379,0.248523,WHAT
0.483819,0.300637,0.143574,0.690054,0.432539,0.269911,0.615243,0.376151,0.800503,0.867811,0.748802,0.260449,0.556825,0.858832,0.659771,0.633419,0.55001,0.84065,0.818727,0.233189,0.899066,0.808053,0.659901,0.671309,0.708802,0.464028,0.569159,0.491594,0.541704,0.258431,0.650062,0.27218,0.436662,0.5139,0.709588,0.512891,0.239509,0.364546,0.394354,0.610327,0.170326,0.654319,0.502374,0.148974,0.441775,0.457438,0.142515,0.863243,0.563048,0.543632,0.713955,0.156811,0.103661,0.411027,0.442455,0.512104,0.679281,0.762541,0.64683,0.66546,0.874459,0.512591,0.822575,0.80776,0.407232,0.76173,0.190017,0.173472,0.39049,0.257843,0.385197,0.478252,0.115943,0.126356,0.275942,0.627497,0.630607,0.703887,0.223784,0.30126,0.398272,0.149167,0.791677,0.883755,0.875299,0.752845,0.653951,0.850272,0.520542,0.459137,0.260853,0.740828,0.232474,0.128596,0.113748,0.186882,0.116736,0.797112,0.255299,0.155735,0.658541,0.191678,0.419757,0.360495,0.542416,0.23888,0.328527,0.881333,0.459573,0.796747,0.449133,0.676066,0.825599,0.713774,0.831479,0.52427,0.375039,0.191388,0.30206,0.490289,0.454726,0.424264,0.828718,0.726878,0.335789,0.274092,WHAT
0.231884,0.216678,0.677652,0.328555,0.340168,0.538924,0.237852,0.858295,0.561335,0.424605,0.684606,0.269969,0.752382,0.365074,0.628663,0.105179,0.600987,0.212392,0.290278,0.862356,0.584023,0.383335,0.353999,0.315549,0.634211,0.418164,0.471128,0.309346,0.880045,0.760063,0.16778,0.716425,0.153177,0.381592,0.78268,0.15672,0.376195,0.549275,0.66481,0.814047,0.861963,0.701058,0.806072,0.753178,0.198758,0.814619,0.816255,0.229701,0.26759,0.382103,0.563134,0.205325,0.390199,0.350748,0.52184,0.891119,0.328635,0.456825,0.875012,0.428931,0.24156,0.327176,0.131101,0.507969,0.280047,0.575759,0.516848,0.699963,0.760292,0.700336,0.707842,0.671639,0.868434,0.50845,0.604895,0.197743,0.703887,0.43889,0.236172,0.61836,0.621216,0.783836,0.541836,0.833,0.769066,0.426431,0.448491,0.377225,0.809088,0.638089,0.766224,0.565579,0.576163,0.714808,0.268087,0.367107,0.29452,0.107273,0.580667,0.861002,0.807558,0.43556,0.574807,0.169275,0.868451,0.894397,0.700583,0.124,0.70896,0.43219,0.76975,0.153977,0.480598,0.231977,0.178144,0.522388,0.524749,0.274477,0.762953,0.151785,0.191847,0.82378,0.301753,0.450906,0.491131,0.609187,WHAT
0.164993,0.171837,0.427715,0.675969,0.689442,0.106093,0.602011,0.780508,0.146309,0.463741,0.171184,0.375602,0.623718,0.870287,0.596341,0.199131,0.166234,0.190001,0.159088,0.334243,0.782112,0.466086,0.239953,0.456305,0.880927,0.481547,0.746978,0.438446,0.278866,0.214662,0.824928,0.891004,0.710673,0.13933,0.346186,0.41934,0.206316,0.163534,0.392693,0.258814,0.102556,0.633909,0.312906,0.461046,0.187915,0.591726,0.185629,0.560001,0.615226,0.64639,0.434317,0.633013,0.498632,0.341776,0.512789,0.868501,0.385951,0.885731,0.698679,0.713202,0.668805,0.421802,0.377011,0.878145,0.856452,0.300755,0.724134,0.195585,0.300093,0.736429,0.764516,0.333629,0.506106,0.561601,0.51872,0.434137,0.813258,0.235619,0.106364,0.219916,0.151753,0.406245,0.682348,0.526364,0.307136,0.627139,0.393589,0.46772,0.767252,0.543404,0.549764,0.657447,0.159866,0.564474,0.481512,0.22396,0.41905,0.348834,0.238234,0.84707,0.527097,0.767277,0.267901,0.114935,0.880835,0.893685,0.696774,0.836084,0.390619,0.663261,0.279728,0.797511,0.348086,0.105863,0.315063,0.278113,0.756109,0.65069,0.551083,0.46793,0.450775,0.593919,0.36551,0.505905,0.840322,0.420852,WHAT
0.152078,0.622592,0.535759,0.18253,0.589622,0.236896,0.89998,0.209209,0.517579,0.583788,0.805442,0.263753,0.612167,0.652298,0.757977,0.620324,0.695268,0.557386,0.875891,0.836203,0.827171,0.305286,0.442991,0.747851,0.654742,0.548119,0.721032,0.289455,0.854917,0.356561,0.243715,0.503491,0.75432,0.247268,0.301413,0.501571,0.578731,0.650799,0.142955,0.228362,0.702833,0.70403,0.819228,0.795128,0.851039,0.275247,0.744848,0.158795,0.420002,0.76088,0.758839,0.529879,0.450851,0.591214,0.687169,0.654805,0.486047,0.718311,0.554085,0.273957,0.589128,0.285531,0.64272,0.162363,0.71633,0.686731,0.480389,0.193344,0.859714,0.724387,0.271353,0.274017,0.853952,0.123007,0.428987,0.357985,0.458606,0.893768,0.81107,0.780095,0.302706,0.541416,0.632218,0.367079,0.731254,0.646847,0.561613,0.490724,0.897254,0.587627,0.319684,0.269565,0.618977,0.100389,0.681294,0.226151,0.370185,0.809088,0.107191,0.874636,0.449817,0.748842,0.780825,0.38858,0.484396,0.360231,0.370321,0.298433,0.729004,0.414263,0.145531,0.629918,0.887351,0.168766,0.220485,0.655575,0.89334,0.311531,0.461564,0.478071,0.477795,0.131955,0.640005,0.338482,0.740497,0.532259,WHAT
0.644596,0.46203,0.455696,0.417805,0.770508,0.789072,0.813139,0.360972,0.848683,0.114149,0.405258,0.197419,0.241443,0.126928,0.104549,0.333947,0.721852,0.248229,0.68996,0.714696,0.739906,0.55128,0.698983,0.825805,0.201442,0.701757,0.484459,0.569299,0.667069,0.476184,0.486521,0.886502,0.495388,0.27194,0.274577,0.613109,0.2288,0.349847,0.722892,0.297197,0.750835,0.731587,0.261499,0.520584,0.327606,0.255962,0.128402,0.308744,0.200877,0.312754,0.877589,0.737785,0.453645,0.70681,0.316684,0.464414,0.306392,0.654703,0.822598,0.463582,0.63214,0.432261,0.265676,0.562669,0.840524,0.897651,0.168503,0.575201,0.228005,0.125687,0.645368,0.875207,0.688781,0.735242,0.610408,0.882578,0.495728,0.303002,0.576685,0.603559,0.841943,0.633146,0.638668,0.452586,0.689276,0.361316,0.403039,0.290377,0.215973,0.183514,0.168083,0.856612,0.676525,0.646183,0.305737,0.731972,0.486331,0.275229,0.588966,0.825712,0.375554,0.816717,0.710699,0.267722,0.224363,0.60733,0.682929,0.803565,0.150842,0.633802,0.480037,0.387186,0.30847,0.851735,0.346529,0.643265,0.214554,0.465598,0.310169,0.300602,0.508887,0.637055,0.817407,0.389811,0.296926,0.849933,WHAT
0.600255,0.319679,0.573984,0.168721,0.891529,0.156343,0.267383,0.59145,0.190181,0.633006,0.756393,0.206877,0.206057,0.109725,0.684493,0.291211,0.564831,0.296434,0.835837,0.453672,0.730915,0.143608,0.24462,0.584532,0.408394,0.406579,0.675515,0.120475,0.206664,0.383201,0.135946,0.638559,0.388345,0.795518,0.350252,0.157904,0.824926,0.652531,0.880334,0.648239,0.867378,0.340458,0.512488,0.263969,0.682104,0.309205,0.429305,0.691715,0.288557,0.549404,0.197104,0.29815,0.681719,0.672144,0.839707,0.567328,0.178896,0.172979,0.371554,0.235395,0.303036,0.491679,0.815096,0.604271,0.325486,0.696178,0.232786,0.872618,0.632579,0.684305,0.378901,0.873291,0.184422,0.638224,0.691939,0.881325,0.301399,0.65455,0.838386,0.805054,0.21374,0.336183,0.648295,0.138184,0.679129,0.701641,0.178749,0.314032,0.231268,0.440755,0.503281,0.651456,0.541306,0.741275,0.617053,0.481401,0.672956,0.718538,0.491544,0.14035,0.655437,0.712201,0.670817,0.502314,0.747451,0.236214,0.341306,0.263727,0.790911,0.557057,0.562992,0.637812,0.62352,0.595015,0.574913,0.84218,0.539208,0.645818,0.263653,0.591618,0.533727,0.659271,0.253816,0.104191,0.647106,0.853276,WHEN
0.620674,0.126169,0.585682,0.103372,0.13199,0.681055,0.851549,0.310249,0.822139,0.831921,0.813223,0.691906,0.342414,0.868458,0.778006,0.669739,0.816559,0.850259,0.497972,0.751037,0.601807,0.121493,0.323314,0.153767,0.287048,0.558957,0.521664,0.180213,0.416917,0.866638,0.767914,0.814212,0.305001,0.514347,0.54611,0.697959,0.703786,0.719037,0.690694,0.458305,0.727198,0.527684,0.880354,0.424878,0.440588,0.465121,0.523667,0.415199,0.884834,0.596781,0.287092,0.773268,0.123972,0.603696,0.665892,0.565468,0.165175,0.15288,0.420652,0.585358,0.709298,0.814848,0.756115,0.123639,0.825539,0.732367,0.660902,0.321162,0.255513,0.312259,0.673263,0.451382,0.148916,0.820817,0.656833,0.701601,0.89499,0.218558,0.572215,0.211352,0.786024,0.78712,0.740064,0.783101,0.30926,0.419611,0.260435,0.780578,0.44313,0.253373,0.800921,0.534469,0.615421,0.41672,0.124972,0.368861,0.441694,0.89117,0.406331,0.439226,0.840706,0.596264,0.207519,0.571858,0.132031,0.225625,0.493334,0.196333,0.508512,0.183009,0.714726,0.328071,0.399792,0.60735,0.320579,0.470065,0.236186,0.330874,0.122423,0.305472,0.576458,0.104562,0.546512,0.502607,0.721093,0.737101,WHEN
0.428258,0.318946,0.508593,0.269866,0.436679,0.261584,0.49198,0.197288,0.781119,0.654832,0.310407,0.840001,0.409096,0.378915,0.148627,0.103772,0.709911,0.339018,0.254527,0.147129,0.23799,0.548432,0.514153,0.318307,0.892454,0.516009,0.519122,0.129421,0.662654,0.745784,0.898623,0.43461,0.230807,0.577716,0.438862,0.101291,0.310496,0.306863,0.455228,0.453113,0.815725,0.726635,0.369777,0.289246,0.176831,0.68553,0.586903,0.776087,0.1958,0.513373,0.210219,0.691402,0.472664,0.243922,0.883827,0.455033,0.346508,0.88401,0.587775,0.508516,0.121614,0.706952,0.588561,0.127458,0.894852,0.728089,0.113796,0.29797,0.291775,0.156253,0.66624,0.298687,0.370918,0.563964,0.461926,0.710739,0.614658,0.681221,0.5741,0.853169,0.502127,0.117908,0.499984,0.700625,0.202343,0.310549,0.397098,0.120762,0.386135,0.569638,0.648564,0.657437,0.730072,0.526256,0.78527,0.156356,0.626823,0.485771,0.583717,0.733839,0.273892,0.414638,0.259225,0.784039,0.595553,0.162518,0.642097,0.606837,0.197518,0.508157,0.605448,0.152516,0.105459,0.581385,0.791892,0.354774,0.678077,0.519123,0.355724,0.705245,0.737527,0.164863,0.246786,0.328423,0.361342,0.501267,WHEN
0.82194,0.608178,0.370801,0.771542,0.677446,0.53149,0.575374,0.266246,0.772145,0.175751,0.259745,0.677212,0.685581,0.405076,0.326239,0.651399,0.716426,0.319152,0.26561,0.549426,0.237388,0.653175,0.701204,0.398789,0.712847,0.640812,0.478175,0.109765,0.208725,0.642284,0.194722,0.760033,0.840918,0.47238,0.814597,0.670515,0.226232,0.359787,0.355629,0.726331,0.773123,0.176273,0.679825,0.672783,0.215648,0.69701,0.442858,0.793311,0.578247,0.862767,0.469646,0.202055,0.388472,0.831059,0.320722,0.153639,0.899832,0.42582,0.23223,0.477127,0.197649,0.140461,0.771075,0.211132,0.67197,0.67947,0.159209,0.889364,0.432315,0.107386,0.586296,0.154514,0.269694,0.754183,0.239839,0.494714,0.422512,0.796773,0.392309,0.874754,0.380292,0.575319,0.892922,0.694075,0.587983,0.602622,0.528986,0.552584,0.680848,0.899194,0.877736,0.174903,0.282817,0.203135,0.718667,0.203388,0.184047,0.766083,0.721447,0.567728,0.220018,0.698805,0.464592,0.487767,0.235496,0.290612,0.331555,0.159572,0.55149,0.667891,0.340711,0.729688,0.573684,0.696624,0.109356,0.489236,0.165244,0.670145,0.330586,0.817019,0.884131,0.656827,0.610346,0.822221,0.590275,0.444285,WHEN
0.82885,0.268068,0.782472,0.74582,0.413037,0.837762,0.569786,0.681871,0.155498,0.659318,0.358099,0.559426,0.140789,0.165037,0.414658,0.551228,0.586298,0.376355,0.790953,0.133049,0.180851,0.162881,0.246217,0.256005,0.378958,0.709719,0.614595,0.449757,0.15409,0.264109,0.761575,0.536881,0.144338,0.559219,0.552182,0.623923,0.659536,0.689493,0.154383,0.340914,0.808775,0.317864,0.759967,0.513675,0.421604,0.260682,0.375375,0.157317,0.855245,0.205498,0.264141,0.125201,0.603012,0.555909,0.738025,0.110459,0.754497,0.840622,0.204459,0.72825,0.899206,0.695336,0.464583,0.474111,0.342659,0.320907,0.34389,0.752298,0.6846,0.847269,0.606667,0.270969,0.428127,0.852995,0.171777,0.483343,0.738071,0.895673,0.746166,0.825272,0.359069,0.84344,0.659004,0.879314,0.244076,0.576632,0.491847,0.712701,0.27078,0.283134,0.73205,0.333046,0.178016,0.723152,0.54624,0.143144,0.674578,0.540188,0.439681,0.442306,0.571488,0.805294,0.136098,0.355951,0.564033,0.506343,0.688049,0.553636,0.293508,0.124222,0.855789,0.688252,0.277821,0.685626,0.83006,0.503367,0.483573,0.551067,0.181549,0.6061,0.47828,0.66933,0.392627,0.77441,0.571249,0.165144,WHEN
0.580797,0.146625,0.475754,0.780662,0.890455,0.587385,0.120919,0.837334,0.232918,0.806082,0.853832,0.542727,0.170156,0.727937,0.303632,0.871583,0.455104,0.42111,0.77403,0.11213,0.3289,0.375538,0.201297,0.60251,0.117667,0.555627,0.253727,0.848603,0.102431,0.187123,0.298644,0.153846,0.63313,0.170528,0.146103,0.361286,0.548301,0.834357,0.160379,0.773485,0.323719,0.295841,0.885391,0.887078,0.469432,0.62545,0.328875,0.346427,0.233132,0.604128,0.450928,0.810917,0.609933,0.478237,0.313593,0.728072,0.223636,0.296276,0.187935,0.324307,0.459964,0.753011,0.107538,0.452096,0.284441,0.453209,0.54422,0.574394,0.647894,0.728916,0.550533,0.899733,0.569078,0.785644,0.497658,0.547575,0.59508,0.64628,0.426568,0.721964,0.337502,0.462059,0.523084,0.294822,0.588033,0.107497,0.617396,0.879495,0.834257,0.478067,0.692715,0.661485,0.127818,0.562748,0.376439,0.551162,0.445831,0.667416,0.297129,0.482472,0.516957,0.488934,0.336584,0.721874,0.266628,0.265397,0.349155,0.20459,0.209983,0.632562,0.360669,0.641078,0.220857,0.200836,0.218837,0.1327,0.717372,0.510607,0.294666,0.6355,0.843022,0.724647,0.633802,0.47396,0.234849,0.645013,WHEN
0.644271,0.607209,0.272458,0.126314,0.712402,0.61234,0.696227,0.714256,0.174122,0.384069,0.621558,0.65446,0.104216,0.385389,0.879183,0.308616,0.482201,0.561565,0.440355,0.353981,0.383582,0.476164,0.817874,0.748685,0.534613,0.344277,0.477057,0.147693,0.472913,0.203372,0.789246,0.272942,0.459914,0.755977,0.544373,0.89524,0.45682,0.669194,0.691522,0.592504,0.196403,0.601863,0.124854,0.385483,0.475991,0.704351,0.578985,0.423895,0.830324,0.193353,0.558833,0.528656,0.887623,0.342452,0.414011,0.549751,0.20469,0.653611,0.875668,0.891889,0.18194,0.55165,0.875547,0.568712,0.493073,0.561473,0.841563,0.671233,0.294713,0.547809,0.166098,0.160415,0.407275,0.359612,0.263731,0.555031,0.28387,0.231515,0.601494,0.603362,0.707935,0.773242,0.78232,0.10586,0.365552,0.198724,0.819684,0.348316,0.477446,0.79747,0.334373,0.816053,0.378769,0.502865,0.272434,0.65141,0.593014,0.737272,0.604554,0.327959,0.824356,0.334355,0.89796,0.580293,0.185107,0.136137,0.673304,0.192873,0.196543,0.699353,0.442205,0.67063,0.185983,0.83071,0.216152,0.346961,0.835243,0.577954,0.576772,0.464918,0.876156,0.37709,0.552079,0.451333,0.215576,0.278852,WHEN
0.35032,0.696946,0.84575,0.572657,0.204115,0.566939,0.708352,0.10007,0.790402,0.791078,0.690475,0.784889,0.487966,0.260081,0.172053,0.291743,0.440451,0.70073,0.430763,0.240416,0.243698,0.243624,0.5112,0.258204,0.161381,0.115667,0.827343,0.284306,0.379481,0.589229,0.267449,0.11995,0.748167,0.547393,0.673636,0.127089,0.549405,0.134849,0.577563,0.319572,0.717331,0.590256,0.467952,0.298796,0.436538,0.262765,0.552309,0.190425,0.579487,0.425014,0.213614,0.875184,0.269614,0.445271,0.176502,0.654835,0.460164,0.421851,0.668935,0.622108,0.81925,0.8864,0.38618,0.364486,0.471754,0.649814,0.791906,0.389592,0.360983,0.428635,0.813953,0.157952,0.387554,0.449443,0.662673,0.213479,0.839983,0.57392,0.283373,0.45712,0.699128,0.682993,0.795652,0.380174,0.744908,0.884541,0.549471,0.748104,0.209343,0.735484,0.553881,0.141991,0.119964,0.371884,0.540038,0.135383,0.238091,0.679637,0.678471,0.56305,0.122311,0.23188,0.843488,0.451645,0.82445,0.114504,0.386523,0.837196,0.477647,0.632227,0.185932,0.346572,0.870252,0.122823,0.896949,0.463189,0.89389,0.775197,0.173503,0.180778,0.883436,0.496089,0.430205,0.317532,0.397683,0.688957,WHERE
0.100418,0.293816,0.232058,0.762325,0.232297,0.312144,0.611585,0.293412,0.168973,0.422903,0.19707,0.634108,0.538128,0.532859,0.485371,0.217174,0.781338,0.557819,0.248332,0.351602,0.632096,0.827002,0.875328,0.500827,0.635749,0.870221,0.589789,0.898226,0.825165,0.276312,0.479291,0.396428,0.782595,0.104212,0.332447,0.805187,0.711873,0.384263,0.790513,0.250051,0.565218,0.300667,0.714487,0.62702,0.576471,0.408892,0.826638,0.534225,0.218839,0.61194,0.894485,0.392613,0.42436,0.273653,0.696718,0.826148,0.177044,0.637517,0.387974,0.206131,0.5688,0.22841,0.404521,0.566802,0.725448,0.696167,0.333219,0.197743,0.555722,0.59537,0.87956,0.506587,0.519227,0.763508,0.776781,0.82352,0.357928,0.522608,0.472656,0.181813,0.145581,0.430449,0.365599,0.694151,0.840188,0.806915,0.765366,0.680709,0.769385,0.314243,0.498108,0.533127,0.770939,0.287918,0.13532,0.47124,0.169016,0.824852,0.554294,0.630916,0.561961,0.477611,0.702014,0.192374,0.8901,0.213932,0.174881,0.526435,0.805619,0.657341,0.69741,0.500604,0.291136,0.124643,0.848695,0.313881,0.798027,0.677781,0.761589,0.776427,0.190848,0.758683,0.264828,0.613454,0.749727,0.4246,WHERE
0.600949,0.161618,0.679252,0.39537,0.898605,0.78768,0.809332,0.645099,0.618798,0.496106,0.793439,0.822391,0.114043,0.36755,0.762101,0.552285,0.76923,0.566756,0.199305,0.614129,0.475871,0.893345,0.233581,0.23017,0.236911,0.687966,0.743966,0.430282,0.683779,0.661506,0.400041,0.741086,0.133717,0.150226,0.727069,0.756122,0.72165,0.815197,0.356978,0.318393,0.557415,0.634242,0.498431,0.756434,0.128393,0.218019,0.662891,0.510547,0.148273,0.405168,0.326717,0.592813,0.632806,0.561494,0.450143,0.446791,0.513816,0.862573,0.339626,0.710067,0.548139,0.366414,0.356306,0.361889,0.626033,0.57303,0.827383,0.154285,0.454059,0.863719,0.429003,0.606176,0.777359,0.833844,0.757425,0.692633,0.650856,0.319106,0.138741,0.775229,0.575892,0.201659,0.488842,0.325649,0.530572,0.644749,0.876857,0.810569,0.169818,0.746115,0.413847,0.299288,0.585156,0.679452,0.405899,0.225965,0.395618,0.853738,0.40953,0.442731,0.17045,0.692493,0.369664,0.432136,0.238746,0.668867,0.513257,0.252026,0.220727,0.745179,0.518176,0.211458,0.329769,0.157379,0.385651,0.120063,0.8304,0.308258,0.126222,0.630213,0.393551,0.581164,0.760797,0.727604,0.601526,0.646653,WHERE
0.542633,0.846203,0.103861,0.797322,0.166064,0.748989,0.730636,0.114604,0.804673,0.290241,0.182771,0.540966,0.725201,0.674843,0.142907,0.27077,0.784332,0.519995,0.623151,0.456817,0.868049,0.662737,0.473189,0.621659,0.313666,0.400099,0.437537,0.89159,0.699742,0.768221,0.895627,0.716161,0.377667,0.657713,0.104722,0.719825,0.823276,0.382504,0.233755,0.245883,0.562071,0.845584,0.428716,0.348866,0.23619,0.775385,0.501849,0.28517,0.885691,0.232883,0.278649,0.274321,0.378209,0.48691,0.896027,0.833673,0.82187,0.159841,0.210819,0.663236,0.511192,0.673282,0.877001,0.848081,0.11181,0.801207,0.517873,0.57971,0.603423,0.520615,0.135965,0.572639,0.784513,0.838475,0.898262,0.371297,0.407286,0.35749,0.676276,0.654763,0.856693,0.726829,0.640085,0.491441,0.370498,0.548697,0.313402,0.479347,0.12021,0.861996,0.699262,0.717385,0.355854,0.527147,0.773331,0.681727,0.296269,0.811633,0.266403,0.374206,0.266908,0.620542,0.502654,0.257264,0.477571,0.792842,0.738834,0.263391,0.520443,0.50709,0.107679,0.341849,0.769465,0.582772,0.385892,0.453979,0.684557,0.792673,0.412501,0.595272,0.276469,0.340874,0.108173,0.815385,0.473662,0.801311,WHERE
0.119143,0.754384,0.760879,0.630013,0.269307,0.275454,0.480575,0.70073,0.742406,0.593697,0.244508,0.689696,0.256973,0.585113,0.586367,0.711941,0.644795,0.1711,0.480743,0.633306,0.251308,0.200464,0.281889,0.843684,0.275221,0.325898,0.576277,0.845716,0.829408,0.777129,0.882488,0.194217,0.178129,0.69284,0.655281,0.532689,0.573937,0.443303,0.385352,0.379723,0.590347,0.32616,0.185771,0.553033,0.832637,0.277925,0.856495,0.371319,0.742143,0.185121,0.528657,0.765149,0.670495,0.512764,0.337459,0.260592,0.699748,0.532836,0.132457,0.505574,0.54459,0.764251,0.275298,0.462849,0.262782,0.177567,0.194643,0.569944,0.280405,0.259159,0.358716,0.123277,0.504883,0.742037,0.507182,0.12919,0.242151,0.741329,0.208372,0.488567,0.25558,0.770862,0.254268,0.489369,0.745336,0.743969,0.280704,0.80134,0.10232,0.249466,0.202164,0.278254,0.604258,0.26993,0.648048,0.335393,0.883453,0.207632,0.650863,0.723896,0.477341,0.423749,0.298235,0.730616,0.16046,0.827619,0.157432,0.510196,0.709643,0.529669,0.387553,0.788819,0.522057,0.832801,0.587006,0.680029,0.699554,0.329946,0.62582,0.225121,0.42709,0.185906,0.701632,0.474427,0.114122,0.562551,WHERE
0.773667,0.875605,0.270026,0.376199,0.227707,0.521761,0.552808,0.271722,0.431251,0.584885,0.741273,0.515688,0.88391,0.627672,0.791522,0.695549,0.127938,0.113337,0.676094,0.151024,0.658223,0.473746,0.311865,0.623723,0.85261,0.28443,0.557214,0.791707,0.783971,0.2068,0.24042,0.118733,0.250038,0.53814,0.311297,0.658258,0.444736,0.223798,0.261211,0.344597,0.121989,0.461361,0.669799,0.777405,0.795539,0.841239,0.440597,0.660256,0.677032,0.239479,0.743242,0.582948,0.734588,0.233175,0.291057,0.442541,0.35338,0.249012,0.723017,0.476838,0.498002,0.166173,0.436151,0.448503,0.192629,0.622469,0.474071,0.433925,0.647784,0.564535,0.634172,0.800861,0.865912,0.660059,0.789054,0.475976,0.384707,0.804093,0.198157,0.767292,0.705262,0.35955,0.871868,0.388052,0.519427,0.434072,0.118655,0.426703,0.567055,0.738662,0.747984,0.412645,0.104434,0.376367,0.412162,0.508387,0.635815,0.362703,0.779489,0.212219,0.142707,0.74569,0.771539,0.88421,0.813097,0.863175,0.270343,0.474354,0.484258,0.280645,0.856297,0.231483,0.387144,0.732529,0.535867,0.173617,0.723806,0.61555,0.323288,0.109894,0.54233,0.173909,0.187757,0.572861,0.282823,0.728634,WHERE
0.452195,0.25758,0.311068,0.206901,0.534323,0.290732,0.240509,0.8399,0.661577,0.609053,0.799051,0.736041,0.116996,0.247595,0.86755,0.806035,0.64552,0.1735,0.128158,0.740103,0.319098,0.30972,0.382926,0.290309,0.648048,0.112921,0.794745,0.356598,0.203257,0.802782,0.803717,0.347325,0.10921,0.32015,0.766,0.100159,0.647074,0.244329,0.384499,0.196163,0.499071,0.457484,0.352123,0.215324,0.744498,0.617587,0.597697,0.58789,0.871308,0.351564,0.720255,0.691662,0.240681,0.642353,0.788357,0.852096,0.134872,0.499265,0.698784,0.723733,0.496433,0.307589,0.593926,0.661115,0.162029,0.444093,0.265036,0.282337,0.719672,0.755334,0.14192,0.481074,0.696177,0.886834,0.619277,0.444246,0.629311,0.698096,0.456283,0.477713,0.677941,0.627668,0.895112,0.188457,0.761836,0.228605,0.513728,0.476634,0.558102,0.355667,0.220196,0.364774,0.718756,0.779897,0.447264,0.214052,0.576924,0.762695,0.169462,0.684868,0.795082,0.898794,0.527045,0.456061,0.815457,0.643688,0.405755,0.244938,0.659577,0.116887,0.241261,0.802462,0.138193,0.30101,0.587595,0.693361,0.61285,0.698918,0.885265,0.268041,0.19491,0.515616,0.583748,0.578086,0.444222,0.804161,WHERE
0.760174,0.425944,0.207965,0.749245,0.23739,0.295101,0.6411,0.736254,0.814545,0.176659,0.266219,0.329137,0.246679,0.806248,0.473864,0.269015,0.42162,0.461698,0.191957,0.822868,0.128578,0.774143,0.70924,0.170062,0.40556,0.645828,0.550393,0.856463,0.541445,0.730998,0.555208,0.720729,0.462323,0.450525,0.748258,0.264347,0.192244,0.884369,0.359459,0.849671,0.299064,0.698958,0.527312,0.267549,0.852567,0.67978,0.381738,0.547492,0.892773,0.787337,0.398466,0.437883,0.555898,0.56136,0.139081,0.656733,0.822994,0.470931,0.591589,0.280988,0.769611,0.83367,0.168002,0.249392,0.734295,0.129212,0.273509,0.273157,0.16081,0.683358,0.481446,0.527398,0.670664,0.22565,0.607197,0.301001,0.584572,0.700649,0.277889,0.634199,0.676636,0.638298,0.145732,0.196054,0.194494,0.86221,0.847604,0.452907,0.666661,0.764012,0.2954,0.590109,0.776659,0.812058,0.208322,0.172479,0.82505,0.32999,0.839332,0.804689,0.119029,0.31636,0.640062,0.157888,0.456227,0.360503,0.109396,0.193362,0.336416,0.808318,0.893513,0.803557,0.885629,0.737561,0.566264,0.854435,0.641395,0.681596,0.564372,0.642068,0.282172,0.750146,0.440678,0.392409,0.411639,0.753815,WHO
0.575597,0.724611,0.134101,0.499427,0.785256,0.449327,0.749117,0.156744,0.437845,0.554783,0.708211,0.745569,0.88078,0.783943,0.561183,0.720241,0.353302,0.344498,0.113876,0.524581,0.593756,0.572132,0.708385,0.840512,0.703204,0.218209,0.202082,0.248739,0.699171,0.650588,0.460091,0.531332,0.495703,0.427459,0.577015,0.465215,0.847111,0.849427,0.291334,0.245608,0.319047,0.637629,0.419339,0.261757,0.533883,0.223378,0.135314,0.358992,0.313979,0.567638,0.51773,0.657953,0.650775,0.256397,0.190602,0.553887,0.33081,0.141212,0.1779,0.323133,0.171173,0.558212,0.831468,0.516046,0.632544,0.800277,0.82964,0.372201,0.301615,0.672183,0.763551,0.880672,0.648805,0.459648,0.289588,0.165023,0.476086,0.839596,0.885707,0.373522,0.109454,0.755195,0.167877,0.380699,0.151067,0.845631,0.69547,0.624376,0.191856,0.889647,0.382561,0.661186,0.203301,0.476635,0.841954,0.360439,0.797314,0.828398,0.807026,0.204025,0.274797,0.144458,0.243392,0.303858,0.631823,0.787991,0.617972,0.664359,0.205022,0.725482,0.617306,0.234579,0.261448,0.585826,0.881128,0.426966,0.242299,0.190006,0.245417,0.137956,0.776447,0.286064,0.515711,0.471546,0.716219,0.387975,WHO
0.824851,0.1537,0.174872,0.425664,0.603579,0.24427,0.530446,0.794408,0.407836,0.116318,0.658512,0.81689,0.294547,0.47927,0.574271,0.828684,0.459543,0.50858,0.789305,0.407571,0.72867,0.341266,0.114064,0.572663,0.609087,0.652115,0.47669,0.469392,0.812427,0.698262,0.826166,0.727981,0.813629,0.834681,0.73684,0.782257,0.685174,0.701295,0.798535,0.747419,0.499615,0.252461,0.348633,0.469956,0.630813,0.583959,0.24656,0.414258,0.108466,0.651427,0.732293,0.54602,0.703761,0.208085,0.503168,0.445563,0.15123,0.801744,0.16114,0.847372,0.707288,0.115355,0.370068,0.794219,0.653587,0.504409,0.401283,0.766798,0.393824,0.331351,0.607585,0.666354,0.567991,0.188846,0.714051,0.196793,0.150605,0.199696,0.109963,0.145864,0.489074,0.238044,0.412483,0.377538,0.879302,0.189495,0.613645,0.221048,0.612291,0.605092,0.568452,0.348176,0.836033,0.764578,0.284667,0.331296,0.288893,0.357914,0.719106,0.716355,0.45923,0.76808,0.636338,0.621214,0.658647,0.39987,0.637131,0.511894,0.441164,0.192108,0.151734,0.866788,0.257543,0.564574,0.490155,0.284972,0.575483,0.322838,0.191152,0.302441,0.259466,0.411783,0.250053,0.68989,0.421562,0.818457,WHO
0.539645,0.271921,0.533785,0.325315,0.649222,0.456885,0.228509,0.105509,0.398875,0.631345,0.722928,0.405864,0.166149,0.385358,0.736724,0.861206,0.100439,0.617149,0.47783,0.365188,0.297552,0.417031,0.38332,0.780514,0.859561,0.448497,0.585397,0.329941,0.83241,0.389078,0.569849,0.677742,0.147877,0.203697,0.556932,0.423625,0.774539,0.287869,0.79936,0.812056,0.77271,0.701984,0.612632,0.249819,0.441782,0.220397,0.457912,0.574143,0.59355,0.771625,0.749709,0.303743,0.121692,0.174052,0.698626,0.210773,0.670442,0.401953,0.534112,0.893211,0.686424,0.865437,0.506001,0.897127,0.45809,0.75428,0.787539,0.36464,0.537887,0.866208,0.558725,0.705626,0.808528,0.660618,0.824815,0.376994,0.697616,0.772908,0.845745,0.182355,0.221952,0.631738,0.261683,0.270512,0.121472,0.681179,0.407108,0.408624,0.382935,0.547325,0.599184,0.247741,0.620196,0.859692,0.588238,0.509308,0.313839,0.487751,0.816366,0.806003,0.741209,0.450907,0.27649,0.202229,0.73021,0.156954,0.198761,0.586161,0.124041,0.377591,0.419289,0.637096,0.606877,0.431344,0.19879,0.525324,0.762587,0.854232,0.58678,0.597195,0.203843,0.829148,0.334619,0.342105,0.671742,0.251405,WHO
0.794477,0.135885,0.121765,0.407818,0.765472,0.276998,0.859179,0.368224,0.730155,0.490903,0.591016,0.497155,0.674686,0.281255,0.543493,0.796137,0.190138,0.280237,0.639077,0.12584,0.276548,0.493184,0.569416,0.248048,0.417034,0.860561,0.341658,0.613936,0.597888,0.64212,0.311295,0.311727,0.565125,0.513155,0.214433,0.157483,0.619897,0.393148,0.802617,0.378612,0.233059,0.721923,0.345178,0.556768,0.181717,0.747479,0.189057,0.688587,0.456513,0.383716,0.701797,0.521339,0.794989,0.893863,0.13191,0.481203,0.104891,0.122348,0.313076,0.280148,0.396192,0.753679,0.232981,0.150051,0.250917,0.671449,0.507006,0.130544,0.806841,0.328486,0.39905,0.352283,0.569191,0.560281,0.201448,0.801563,0.82842,0.625728,0.389654,0.173083,0.414211,0.714772,0.644652,0.776752,0.235777,0.260753,0.129888,0.797898,0.203963,0.863656,0.320596,0.781379,0.310228,0.301099,0.258146,0.62227,0.431592,0.424459,0.548127,0.721473,0.865496,0.600119,0.659696,0.170861,0.618216,0.529069,0.155985,0.165127,0.647982,0.31519,0.348304,0.277171,0.118991,0.174163,0.744049,0.702465,0.2359,0.645988,0.382033,0.787589,0.88872,0.675144,0.883411,0.692097,0.290956,0.248573,WHO
0.109153,0.566825,0.127019,0.236367,0.649034,0.751236,0.411666,0.388901,0.218749,0.483543,0.336581,0.839924,0.182509,0.127231,0.783974,0.820909,0.640366,0.153141,0.615396,0.129074,0.10598,0.683337,0.55811,0.717133,0.485208,0.719716,0.199944,0.303997,0.357569,0.34792,0.46962,0.302206,0.221037,0.826097,0.378779,0.787885,0.137361,0.501765,0.860407,0.499349,0.599678,0.437421,0.739582,0.641211,0.305013,0.166698,0.411299,0.672848,0.158177,0.168649,0.887209,0.372953,0.675516,0.787768,0.46017,0.229809,0.696818,0.807021,0.424169,0.554824,0.152363,0.407677,0.440002,0.192589,0.37399,0.879425,0.656188,0.690861,0.629326,0.891892,0.864438,0.255901,0.169069,0.180696,0.187082,0.433386,0.242384,0.779644,0.476741,0.302352,0.429967,0.808611,0.89989,0.824672,0.531478,0.685103,0.174764,0.248352,0.451017,0.543835,0.140291,0.896476,0.80644,0.221154,0.535123,0.848346,0.312969,0.269146,0.859751,0.343966,0.266284,0.372285,0.276242,0.444645,0.811616,0.781068,0.593958,0.731671,0.152677,0.162048,0.830076,0.279853,0.426458,0.784015,0.801737,0.161735,0.693927,0.421955,0.403716,0.667242,0.645038,0.163076,0.631123,0.596675,0.324419,0.616556,WHO
0.781512,0.499175,0.366518,0.231307,0.718592,0.202433,0.678529,0.495277,0.4482,0.339646,0.598829,0.360714,0.574718,0.107684,0.625212,0.707299,0.893032,0.75172,0.269146,0.617404,0.722474,0.269218,0.623634,0.491191,0.378731,0.143076,0.301924,0.499922,0.54439,0.409807,0.872756,0.554342,0.324331,0.841745,0.598741,0.375393,0.652132,0.311648,0.821749,0.245077,0.564199,0.371723,0.43839,0.47872,0.23303,0.234253,0.234381,0.500703,0.805036,0.89308,0.127322,0.421518,0.351632,0.603283,0.232566,0.540763,0.676077,0.141168,0.57835,0.820337,0.659398,0.759886,0.112984,0.238422,0.691617,0.725904,0.605626,0.777823,0.566417,0.538866,0.734073,0.511893,0.851715,0.204177,0.857541,0.783615,0.200613,0.45163,0.124819,0.810642,0.875554,0.308588,0.587449,0.335348,0.418031,0.500697,0.564211,0.169923,0.796412,0.760858,0.533859,0.496832,0.406459,0.752279,0.628026,0.481563,0.190589,0.441303,0.662275,0.34216,0.889415,0.312846,0.432701,0.722465,0.833779,0.268044,0.633283,0.373759,0.821525,0.434218,0.228147,0.683089,0.6093,0.298182,0.689696,0.161503,0.61071,0.25242,0.58841,0.431223,0.22458,0.503133,0.775733,0.737845,0.109383,0.388119,WHO
0.315278,0.442031,0.148038,0.416643,0.81321,0.685887,0.126358,0.563066,0.486017,0.161428,0.666297,0.711131,0.328069,0.578306,0.530345,0.651905,0.398202,0.338411,0.861558,0.693782,0.317686,0.620098,0.357202,0.360269,0.234675,0.829927,0.7427,0.230977,0.553154,0.105577,0.734982,0.556057,0.518264,0.522577,0.600482,0.259741,0.571068,0.345431,0.251419,0.670858,0.828395,0.60072,0.385338,0.455604,0.513359,0.362691,0.550123,0.207399,0.595492,0.582605,0.325856,0.282892,0.102262,0.445461,0.443401,0.338629,0.687186,0.18902,0.597836,0.520826,0.108268,0.625725,0.770169,0.313832,0.103331,0.570253,0.571898,0.216586,0.755605,0.355526,0.610239,0.146612,0.130679,0.763393,0.546587,0.291323,0.624559,0.291472,0.152549,0.213751,0.143334,0.517457,0.59125,0.801963,0.862757,0.467359,0.449672,0.894578,0.751507,0.730074,0.272653,0.426898,0.453926,0.597882,0.115265,0.505767,0.778827,0.828315,0.256337,0.153026,0.699433,0.527115,0.619836,0.112367,0.597811,0.246707,0.646223,0.522184,0.109515,0.741277,0.1127,0.150372,0.516216,0.678503,0.787881,0.138173,0.537267,0.240841,0.341297,0.549548,0.36077,0.648661,0.386912,0.103045,0.313285,0.694349,WHY
0.146572,0.208477,0.261067,0.732989,0.843213,0.322893,0.845762,0.630149,0.437606,0.567948,0.524041,0.265095,0.775927,0.578875,0.498909,0.21724,0.321965,0.657663,0.155339,0.42177,0.318692,0.279073,0.197937,0.178118,0.574853,0.432263,0.634678,0.272549,0.899983,0.452167,0.659102,0.298381,0.165866,0.839481,0.628387,0.730406,0.816615,0.89324,0.401518,0.702158,0.423769,0.432012,0.174525,0.510892,0.209163,0.108521,0.308386,0.745505,0.584964,0.125507,0.359221,0.752455,0.383789,0.252407,0.475355,0.188971,0.253833,0.673702,0.427249,0.431747,0.762155,0.859931,0.291605,0.311704,0.618542,0.451519,0.82904,0.20586,0.531232,0.716903,0.333834,0.328089,0.674246,0.831524,0.382333,0.507925,0.354475,0.638318,0.813264,0.842892,0.415014,0.77528,0.22396,0.672117,0.399139,0.369761,0.548528,0.407592,0.640236,0.78369,0.206232,0.481677,0.648291,0.747171,0.142871,0.619015,0.465449,0.406169,0.872439,0.328368,0.147449,0.122975,0.517872,0.280605,0.531288,0.499302,0.739726,0.338301,0.619809,0.320702,0.443929,0.370165,0.105901,0.252115,0.232779,0.321387,0.580535,0.639829,0.434605,0.406101,0.449078,0.868499,0.806589,0.236024,0.187063,0.64917,WHY
0.503498,0.121464,0.540984,0.375591,0.611187,0.893019,0.529369,0.17085,0.623887,0.443011,0.791111,0.213216,0.812723,0.830304,0.794506,0.106057,0.483182,0.695621,0.793647,0.122814,0.723056,0.380466,0.264597,0.572166,0.186197,0.559191,0.317997,0.155468,0.763585,0.360681,0.862125,0.564142,0.620745,0.504961,0.833179,0.644965,0.376109,0.826826,0.735181,0.543832,0.122006,0.501111,0.13809,0.846112,0.808647,0.755529,0.839901,0.290656,0.856864,0.113672,0.774904,0.417944,0.710782,0.711063,0.168407,0.747749,0.668482,0.351065,0.365902,0.473258,0.22485,0.28017,0.478808,0.131691,0.196159,0.773453,0.347646,0.423936,0.204832,0.118535,0.471995,0.836491,0.77716,0.418824,0.167267,0.847306,0.345744,0.33579,0.279226,0.358187,0.245996,0.175349,0.603141,0.644466,0.830961,0.270115,0.439086,0.512491,0.280153,0.455998,0.841532,0.13377,0.680035,0.182951,0.612856,0.436877,0.212701,0.365853,0.795694,0.270955,0.306791,0.777679,0.798509,0.114874,0.858532,0.631912,0.42639,0.875824,0.439285,0.297784,0.726036,0.843293,0.324497,0.599061,0.622788,0.690671,0.453442,0.260039,0.256587,0.239195,0.512951,0.431605,0.621273,0.559307,0.191755,0.149261,WHY
0.314142,0.235177,0.102498,0.596649,0.181964,0.186649,0.365761,0.418777,0.612898,0.595989,0.789755,0.655879,0.587911,0.632029,0.634238,0.62079,0.571632,0.32606,0.792962,0.364501,0.26209,0.878358,0.277596,0.680153,0.665765,0.336016,0.795502,0.502228,0.893477,0.462093,0.366988,0.135386,0.254019,0.586909,0.682891,0.13143,0.131869,0.65673,0.541883,0.567243,0.465207,0.397133,0.356579,0.316866,0.770607,0.577032,0.134216,0.197149,0.701109,0.491445,0.72718,0.360666,0.787596,0.814267,0.401073,0.878132,0.267068,0.387026,0.712222,0.67809,0.609894,0.134176,0.628268,0.391189,0.211057,0.377782,0.310115,0.61369,0.116508,0.328189,0.638553,0.703646,0.660547,0.69787,0.280631,0.792948,0.331137,0.471831,0.703139,0.650613,0.43986,0.219501,0.557848,0.586362,0.347527,0.609627,0.269853,0.555263,0.858889,0.411191,0.742544,0.324869,0.246027,0.666938,0.144868,0.830359,0.338595,0.366553,0.425781,0.395405,0.7131,0.203171,0.586048,0.8131,0.712696,0.159969,0.771043,0.241664,0.844775,0.822659,0.603186,0.319916,0.61878,0.332643,0.539758,0.197712,0.36798,0.649429,0.113908,0.493281,0.376217,0.224237,0.779817,0.619174,0.677024,0.870031,WHY
0.890427,0.27635,0.273685,0.875959,0.389307,0.434601,0.239104,0.197556,0.624421,0.125961,0.219493,0.563626,0.508899,0.592385,0.255463,0.503685,0.206038,0.155144,0.812481,0.334822,0.131836,0.293139,0.109593,0.716679,0.37353,0.419973,0.452981,0.868073,0.467641,0.258681,0.360725,0.338502,0.694249,0.612514,0.528579,0.885557,0.69274,0.576776,0.300926,0.106769,0.711621,0.799513,0.281103,0.253483,0.307209,0.286533,0.697042,0.364798,0.418995,0.168823,0.548182,0.620369,0.897863,0.871638,0.502766,0.419332,0.831571,0.539139,0.283072,0.758505,0.128584,0.574192,0.522346,0.833944,0.701976,0.852798,0.357372,0.183391,0.852051,0.654457,0.438793,0.253288,0.878194,0.833893,0.582192,0.825564,0.182264,0.826447,0.338833,0.257662,0.539129,0.743923,0.30049,0.171232,0.375217,0.306832,0.364098,0.739037,0.842995,0.178303,0.621304,0.661545,0.70638,0.315467,0.280473,0.21881,0.437514,0.795889,0.636105,0.375382,0.758265,0.151278,0.446406,0.668531,0.323386,0.164855,0.754579,0.480738,0.530785,0.663362,0.364617,0.70891,0.243476,0.150751,0.432693,0.703073,0.858195,0.328623,0.413019,0.103502,0.576277,0.481278,0.25389,0.219356,0.743,0.16108,WHY
0.216439,0.47481,0.599008,0.880104,0.276551,0.640882,0.507687,0.822107,0.178977,0.124036,0.556479,0.801287,0.550241,0.142192,0.213625,0.281752,0.723266,0.577422,0.442762,0.534338,0.716409,0.702629,0.749726,0.208886,0.747198,0.886152,0.889334,0.211319,0.812233,0.345377,0.807502,0.763827,0.135971,0.823931,0.365962,0.232399,0.543989,0.671908,0.588665,0.276314,0.722995,0.136631,0.503211,0.180546,0.110096,0.642046,0.567005,0.211626,0.232891,0.834233,0.578209,0.388383,0.812471,0.1425,0.448861,0.208736,0.158195,0.672719,0.684822,0.6802,0.812611,0.398834,0.499142,0.33847,0.115415,0.11226,0.79958,0.277985,0.212182,0.70918,0.84038,0.802087,0.428124,0.162812,0.588554,0.843887,0.892212,0.692776,0.227782,0.262587,0.499624,0.462531,0.40381,0.527838,0.887723,0.204862,0.285399,0.726081,0.617334,0.183841,0.244764,0.293407,0.239809,0.367808,0.732653,0.528024,0.879228,0.804759,0.645823,0.713981,0.467137,0.761808,0.181977,0.185623,0.77217,0.769727,0.417385,0.420564,0.121288,0.720555,0.508537,0.809399,0.778137,0.606753,0.23101,0.486104,0.286502,0.46753,0.333831,0.468189,0.491589,0.836156,0.202513,0.721715,0.524101,0.650691,WHY
0.575044,0.229213,0.877872,0.690248,0.350934,0.321822,0.409885,0.502375,0.466971,0.152662,0.481241,0.639802,0.789857,0.291176,0.75891,0.748471,0.255988,0.785588,0.480832,0.534002,0.461562,0.571284,0.3637,0.611748,0.21856,0.517195,0.145622,0.81862,0.595981,0.750654,0.67496,0.243431,0.40962,0.561228,0.839118,0.636512,0.256381,0.165899,0.664939,0.632592,0.785224,0.301169,0.696509,0.640426,0.227669,0.136928,0.64642,0.806697,0.412469,0.838363,0.740444,0.218192,0.707454,0.283457,0.473565,0.792091,0.74209,0.786654,0.121957,0.366752,0.56996,0.439091,0.859516,0.735067,0.78187,0.440219,0.625707,0.319451,0.473858,0.820239,0.356761,0.640421,0.58164,0.824212,0.838516,0.607848,0.522162,0.527988,0.830971,0.190575,0.163293,0.891592,0.627233,0.79929,0.468161,0.337334,0.314362,0.739362,0.809818,0.750329,0.318932,0.394584,0.231041,0.145226,0.720526,0.195448,0.823786,0.702179,0.778704,0.69809,0.169841,0.351904,0.320821,0.655043,0.796503,0.514004,0.695513,0.254,0.399286,0.408276,0.533611,0.443143,0.31875,0.595042,0.566497,0.214911,0.361353,0.383896,0.359965,0.326687,0.129898,0.298937,0.139771,0.254718,0.253978,0.66305,WHY
0.446797,0.834011,0.374699,0.789569,0.897147,0.453608,0.522318,0.474677,0.320694,0.639006,0.466873,0.574774,0.762986,0.678717,0.655318,0.347645,0.404589,0.853235,0.762283,0.570112,0.685867,0.231038,0.405922,0.353314,0.592431,0.307065,0.118286,0.768938,0.126876,0.105302,0.85978,0.579698,0.122341,0.595749,0.279153,0.331648,0.623467,0.258603,0.435496,0.842102,0.12094,0.447759,0.488294,0.845108,0.323586,0.541726,0.33241,0.617676,0.698423,0.808869,0.681001,0.386825,0.761854,0.868214,0.201037,0.735206,0.730653,0.489267,0.212784,0.86099,0.863647,0.296393,0.553036,0.575129,0.307863,0.219192,0.544865,0.251785,0.403097,0.776039,0.129322,0.474709,0.128551,0.410893,0.200253,0.460267,0.137134,0.225834,0.538633,0.306766,0.425926,0.291975,0.812435,0.49455,0.555812,0.713814,0.654837,0.332765,0.685065,0.387602,0.664297,0.343427,0.183072,0.588341,0.495397,0.11631,0.296495,0.401268,0.244562,0.881316,0.892349,0.731909,0.292207,0.782863,0.126574,0.234323,0.451125,0.611609,0.281434,0.427491,0.454707,0.144428,0.297678,0.610643,0.598829,0.644679,0.885116,0.33439,0.555708,0.232484,0.424236,0.54633,0.891005,0.811439,0.665835,0.367889,WORK
0.155134,0.337176,0.408882,0.61426,0.855814,0.231402,0.439835,0.342635,0.118132,0.447025,0.616648,0.554531,0.850952,0.563518,0.849079,0.598068,0.710705,0.781056,0.279544,0.159263,0.49627,0.811134,0.441306,0.21402,0.599515,0.544098,0.600987,0.51926,0.209196,0.198273,0.826054,0.394694,0.679635,0.609267,0.717625,0.485656,0.88257,0.629903,0.604173,0.143435,0.623982,0.166474,0.293457,0.740017,0.178936,0.728221,0.461863,0.182127,0.847412,0.493901,0.756877,0.305114,0.809909,0.817355,0.218739,0.872403,0.785695,0.126438,0.152721,0.297416,0.513265,0.766772,0.607672,0.884152,0.336617,0.21564,0.154029,0.3685,0.131853,0.156393,0.59131,0.461554,0.793902,0.890669,0.217832,0.764154,0.212207,0.287255,0.796976,0.335663,0.386081,0.356754,0.376342,0.638871,0.612982,0.891705,0.802962,0.312344,0.485537,0.372792,0.428323,0.202444,0.451462,0.548852,0.700408,0.805849,0.153919,0.452667,0.635903,0.376144,0.134185,0.45442,0.400479,0.361183,0.844184,0.322537,0.417646,0.346815,0.417813,0.332859,0.529351,0.517008,0.138555,0.790875,0.443106,0.663357,0.155754,0.703994,0.897074,0.587335,0.289065,0.852601,0.882002,0.15503,0.724734,0.796017,WORK
0.739398,0.424488,0.749119,0.561088,0.400327,0.886016,0.861909,0.768562,0.734257,0.515422,0.265349,0.622751,0.736435,0.692349,0.626376,0.16526,0.382299,0.855876,0.127375,0.369447,0.447492,0.153093,0.363366,0.677063,0.487397,0.595761,0.339133,0.197993,0.863622,0.897128,0.580526,0.553688,0.378938,0.748571,0.12163,0.520476,0.468293,0.465023,0.845497,0.751691,0.872621,0.237083,0.285693,0.768024,0.335869,0.745168,0.670773,0.537226,0.31812,0.810524,0.898906,0.659791,0.172669,0.464567,0.120425,0.174896,0.887814,0.823924,0.630034,0.481601,0.514075,0.707547,0.201012,0.885641,0.243511,0.330417,0.510244,0.440252,0.11554,0.324674,0.208575,0.304993,0.596841,0.670638,0.753709,0.517762,0.458474,0.759531,0.229865,0.540005,0.689749,0.824013,0.607493,0.856017,0.362532,0.801709,0.103062,0.837611,0.879138,0.667031,0.308077,0.698839,0.248408,0.385794,0.267468,0.34597,0.496587,0.274129,0.3331,0.348713,0.599941,0.814688,0.552416,0.824408,0.880174,0.323562,0.585906,0.742575,0.410642,0.560198,0.395792,0.766201,0.21081,0.366484,0.405289,0.213646,0.28315,0.761028,0.448118,0.613938,0.575259,0.541917,0.206155,0.177496,0.482017,0.43067,WORK
0.68138,0.427924,0.166506,0.896192,0.312771,0.227921,0.323121,0.673307,0.505153,0.13966,0.735322,0.85347,0.6007,0.109012,0.753421,0.366883,0.717769,0.571411,0.800383,0.33665,0.801349,0.109684,0.104975,0.630339,0.477564,0.320386,0.554217,0.335138,0.708698,0.848306,0.712362,0.421179,0.65551,0.268065,0.60826,0.461061,0.255299,0.659654,0.344712,0.875359,0.260656,0.886601,0.271328,0.228685,0.306786,0.880543,0.229122,0.88579,0.71356,0.506088,0.285018,0.198752,0.640187,0.666525,0.266432,0.182746,0.436708,0.85874,0.128362,0.852996,0.186157,0.728273,0.498171,0.124953,0.750686,0.453097,0.256247,0.161311,0.24182,0.410837,0.380619,0.604211,0.427237,0.762627,0.181692,0.373682,0.488013,0.208642,0.363259,0.86777,0.480836,0.223033,0.209549,0.80683,0.49413,0.844279,0.272113,0.873026,0.283907,0.173965,0.266236,0.249464,0.224273,0.69657,0.182573,0.22633,0.338973,0.293433,0.146499,0.395459,0.33993,0.830931,0.470266,0.361001,0.322776,0.615889,0.475354,0.354383,0.632584,0.439237,0.145333,0.18745,0.67742,0.856206,0.7026,0.448482,0.149597,0.138792,0.507689,0.830414,0.262708,0.391465,0.388494,0.874895,0.379555,0.597766,WORK
0.880394,0.860202,0.776455,0.380643,0.186758,0.897438,0.119207,0.300435,0.428506,0.415442,0.650708,0.357651,0.225711,0.777599,0.20714,0.155642,0.250627,0.417501,0.205068,0.744125,0.510505,0.102853,0.877994,0.727614,0.834632,0.364268,0.599576,0.432651,0.122287,0.766119,0.816374,0.820826,0.697806,0.278141,0.582885,0.283821,0.772272,0.793094,0.251992,0.659237,0.276166,0.273054,0.716739,0.878032,0.113816,0.411173,0.765217,0.363901,0.220013,0.369296,0.475739,0.570259,0.256648,0.418404,0.627215,0.173882,0.759667,0.134723,0.430156,0.137144,0.16493,0.163217,0.79959,0.131544,0.743422,0.14063,0.300748,0.559713,0.335003,0.689725,0.527898,0.506818,0.226386,0.723467,0.55351,0.724188,0.411358,0.599296,0.134107,0.855331,0.22119,0.465469,0.618099,0.504481,0.808729,0.384249,0.25574,0.415819,0.427733,0.186548,0.660701,0.766608,0.658304,0.643636,0.39875,0.109937,0.406153,0.824237,0.622258,0.212552,0.785927,0.888407,0.529664,0.615391,0.873886,0.292097,0.709401,0.327954,0.35465,0.17788,0.179285,0.48903,0.873942,0.51371,0.54141,0.705399,0.168849,0.785098,0.483664,0.534748,0.442479,0.436099,0.407103,0.831103,0.471788,0.200565,WORK
0.593806,0.259213,0.818207,0.614228,0.680765,0.120637,0.54483,0.430972,0.862388,0.66208,0.234389,0.104572,0.32969,0.488486,0.818896,0.836608,0.475298,0.743389,0.651173,0.746663,0.825574,0.206497,0.236315,0.191313,0.412644,0.203752,0.74022,0.863815,0.282319,0.528114,0.749173,0.18934,0.571321,0.135018,0.490455,0.258652,0.489283,0.408545,0.830375,0.344779,0.441048,0.190287,0.751251,0.786104,0.87506,0.501535,0.7343,0.219685,0.654992,0.583508,0.575783,0.88089,0.559236,0.206659,0.189063,0.191444,0.740336,0.546588,0.120717,0.799121,0.698046,0.480754,0.166878,0.431435,0.460602,0.798856,0.515728,0.360936,0.696549,0.357984,0.619123,0.409356,0.251635,0.219587,0.147035,0.552567,0.546833,0.593309,0.31465,0.278824,0.787485,0.747509,0.11848,0.641616,0.663349,0.23002,0.628376,0.859419,0.659681,0.305471,0.625218,0.313611,0.36055,0.346345,0.268895,0.86122,0.664845,0.219985,0.525665,0.484321,0.709151,0.21348,0.804899,0.700103,0.435001,0.763841,0.40209,0.141989,0.569991,0.136641,0.314508,0.32027,0.313328,0.492718,0.136169,0.124614,0.406095,0.515737,0.209685,0.524173,0.196146,0.458369,0.838783,0.688706,0.563611,0.357384,WORK
0.742785,0.342542,0.53945,0.6538,0.721648,0.75,0.814009,0.315249,0.470958,0.39565,0.107515,0.204149,0.702051,0.851866,0.310362,0.645902,0.888916,0.139517,0.213103,0.371225,0.671382,0.515542,0.480447,0.644488,0.122841,0.567461,0.513153,0.164188,0.738563,0.369055,0.375796,0.745305,0.888725,0.278215,0.405453,0.721834,0.868201,0.16221,0.34926,0.849707,0.263025,0.136387,0.182864,0.127889,0.24534,0.134673,0.720864,0.209359,0.818127,0.577733,0.231734,0.297703,0.322287,0.389247,0.667696,0.145332,0.189647,0.123912,0.337983,0.76528,0.254702,0.756079,0.224981,0.119304,0.503282,0.770353,0.828342,0.62484,0.128584,0.491883,0.309562,0.28271,0.717947,0.227978,0.792568,0.623754,0.125972,0.500144,0.550364,0.255858,0.503994,0.865843,0.205434,0.682365,0.193901,0.418427,0.202802,0.37374,0.113592,0.501942,0.831059,0.887325,0.455995,0.359981,0.174471,0.25186,0.758616,0.600482,0.1642,0.521953,0.444722,0.823272,0.390646,0.558566,0.863867,0.796162,0.189515,0.200009,0.271276,0.252802,0.772174,0.574654,0.297908,0.718121,0.426722,0.130762,0.458173,0.496609,0.423193,0.648923,0.379451,0.37243,0.450483,0.414765,0.141616,0.12392,WORK
0.108872,0.110779,0.684312,0.676256,0.233877,0.502337,0.205739,0.144661,0.648284,0.485247,0.664596,0.118062,0.362019,0.607309,0.648945,0.112779,0.5399,0.842466,0.103309,0.87385,0.475199,0.376891,0.829753,0.691519,0.740926,0.814901,0.405709,0.871343,0.463885,0.493493,0.233276,0.44945,0.192103,0.430573,0.555049,0.3137,0.518061,0.455544,0.276065,0.399716,0.883692,0.774798,0.270962,0.652815,0.315273,0.458487,0.134721,0.309002,0.175488,0.453442,0.310888,0.810069,0.603201,0.175409,0.140958,0.53546,0.385776,0.622734,0.250277,0.18048,0.810118,0.71964,0.669369,0.705097,0.249083,0.407135,0.8584,0.723362,0.227907,0.200319,0.77792,0.174157,0.110201,0.308744,0.563634,0.835022,0.600406,0.592087,0.76907,0.517358,0.616873,0.672235,0.617704,0.738887,0.595518,0.886662,0.439472,0.293233,0.837231,0.506192,0.662725,0.749547,0.824049,0.645153,0.897913,0.522146,0.785976,0.403159,0.58245,0.211824,0.233895,0.529372,0.610739,0.655459,0.107687,0.659227,0.442992,0.775059,0.148616,0.300958,0.623415,0.436742,0.786854,0.577389,0.241949,0.305173,0.821825,0.26778,0.668591,0.263598,0.5948,0.413736,0.406001,0.452398,0.712339,0.262004,YES
0.121624,0.690013,0.302003,0.619301,0.649516,0.360969,0.641263,0.75434,0.419802,0.259409,0.543886,0.524678,0.640159,0.280758,0.382098,0.230218,0.527342,0.480126,0.250619,0.180649,0.586698,0.562681,0.896826,0.50204,0.723238,0.313994,0.471222,0.624575,0.539902,0.851941,0.782384,0.737827,0.708781,0.546609,0.885126,0.241123,0.420857,0.695243,0.240821,0.263982,0.675244,0.205799,0.255811,0.713875,0.525807,0.634323,0.119025,0.521259,0.205569,0.839872,0.446784,0.39982,0.289561,0.385629,0.345871,0.20655,0.594938,0.604107,0.635495,0.451131,0.558351,0.876143,0.459453,0.260499,0.48285,0.192022,0.17046,0.257758,0.266405,0.792783,0.769236,0.616882,0.738811,0.882139,0.569396,0.147149,0.443078,0.801954,0.831311,0.136013,0.282354,0.877798,0.378514,0.691467,0.346532,0.593645,0.661788,0.160328,0.437783,0.110909,0.268016,0.656513,0.584276,0.68887,0.326982,0.466213,0.254256,0.119848,0.506042,0.224847,0.732648,0.13997,0.115297,0.569839,0.635075,0.523374,0.116358,0.128921,0.690013,0.73852,0.354358,0.604806,0.502177,0.733234,0.63871,0.816085,0.884809,0.784937,0.434708,0.745781,0.191241,0.666847,0.474182,0.81338,0.285992,0.273537,YES
0.859401,0.882979,0.507214,0.681085,0.784427,0.382695,0.612335,0.596137,0.640697,0.349688,0.675344,0.242085,0.549954,0.295557,0.637146,0.337526,0.455495,0.449948,0.663854,0.586934,0.8779,0.420196,0.433122,0.498719,0.213398,0.693734,0.704117,0.226409,0.107732,0.811866,0.179235,0.701593,0.841493,0.107864,0.583543,0.810894,0.895633,0.656229,0.408699,0.345773,0.87716,0.56078,0.710265,0.507208,0.598789,0.534656,0.41514,0.477594,0.135727,0.379542,0.167132,0.700803,0.17785,0.334388,0.249619,0.415253,0.57507,0.334625,0.15447,0.128559,0.377808,0.100479,0.580077,0.393261,0.256256,0.592386,0.48246,0.763093,0.118708,0.720813,0.434737,0.895348,0.429641,0.433883,0.812189,0.171019,0.405817,0.255676,0.624966,0.741179,0.801025,0.336846,0.859675,0.226993,0.465431,0.605395,0.245528,0.739614,0.502693,0.773818,0.699577,0.209355,0.689958,0.866228,0.731422,0.636283,0.436268,0.361476,0.364671,0.746305,0.514268,0.842864,0.448914,0.194874,0.504429,0.62303,0.713648,0.890738,0.652224,0.882342,0.392416,0.456298,0.500048,0.446963,0.353064,0.625449,0.368194,0.126041,0.755091,0.444132,0.5766,0.145274,0.72631,0.612536,0.228102,0.175147,YES
0.660663,0.304808,0.860829,0.322018,0.468045,0.754482,0.717528,0.848174,0.682937,0.150261,0.56365,0.681819,0.37793,0.26846,0.61953,0.778162,0.266666,0.725692,0.151449,0.455295,0.140408,0.147378,0.425102,0.365359,0.676765,0.293085,0.836653,0.781635,0.443,0.261137,0.677723,0.578816,0.765796,0.487644,0.403876,0.692667,0.563276,0.580501,0.543859,0.158417,0.479182,0.839395,0.455001,0.272895,0.387224,0.663863,0.787406,0.103322,0.768094,0.177362,0.639114,0.606417,0.284476,0.350539,0.585917,0.333091,0.498332,0.27668,0.253585,0.570214,0.807129,0.540416,0.795898,0.437532,0.375467,0.281074,0.808992,0.387335,0.673883,0.728758,0.317655,0.394684,0.612425,0.741514,0.466791,0.778377,0.862236,0.723484,0.605045,0.204327,0.447006,0.5217,0.807712,0.457171,0.795572,0.158145,0.542007,0.293026,0.792491,0.228452,0.32283,0.38253,0.827345,0.238781,0.599963,0.455798,0.73363,0.87752,0.344232,0.181278,0.56994,0.563716,0.404798,0.1519,0.670351,0.353987,0.5567,0.79798,0.833624,0.713397,0.525336,0.251592,0.609582,0.406556,0.270108,0.193836,0.230082,0.818609,0.853513,0.479835,0.382329,0.289646,0.474384,0.406215,0.621722,0.639378,YES
0.796045,0.338985,0.275166,0.788054,0.708171,0.465681,0.686133,0.668742,0.267414,0.447336,0.657843,0.333349,0.864839,0.17916,0.786904,0.580347,0.171948,0.450471,0.614551,0.746443,0.596564,0.579659,0.349328,0.82332,0.880059,0.609955,0.71641,0.404605,0.237787,0.388002,0.277664,0.558707,0.407051,0.591166,0.355494,0.443761,0.646987,0.520526,0.873824,0.82268,0.423545,0.278839,0.102759,0.386951,0.329801,0.756344,0.187059,0.410845,0.204593,0.506743,0.336505,0.350007,0.783581,0.563776,0.757086,0.180993,0.245951,0.470737,0.662332,0.749344,0.648566,0.819178,0.624889,0.700387,0.72095,0.46029,0.361921,0.30363,0.341426,0.621839,0.408218,0.657538,0.567069,0.163231,0.27602,0.746486,0.791948,0.604289,0.342343,0.277386,0.62927,0.157968,0.301188,0.263092,0.450808,0.352188,0.562663,0.763398,0.792777,0.641979,0.67602,0.701834,0.557734,0.277262,0.368656,0.122847,0.780103,0.699858,0.366614,0.268708,0.100697,0.233286,0.604169,0.496755,0.863984,0.521625,0.113502,0.849106,0.276299,0.553423,0.701201,0.671925,0.860006,0.584915,0.616113,0.880197,0.685276,0.74614,0.31836,0.725096,0.12338,0.433615,0.278333,0.620923,0.862732,0.282605,YES
0.592352,0.54859,0.822034,0.233827,0.662333,0.733628,0.351305,0.829151,0.666518,0.211329,0.868163,0.578681,0.439796,0.133602,0.560528,0.887427,0.687094,0.618491,0.72139,0.196222,0.156031,0.374522,0.283349,0.80161,0.878776,0.65763,0.761224,0.719053,0.738677,0.595977,0.340778,0.182964,0.350734,0.120051,0.50624,0.354146,0.169538,0.373459,0.522948,0.167751,0.740104,0.119481,0.426264,0.158404,0.25966,0.632618,0.194232,0.589943,0.70929,0.136516,0.216537,0.36211,0.872933,0.122867,0.663416,0.59413,0.764287,0.810403,0.80574,0.198395,0.76243,0.443877,0.606282,0.706711,0.855379,0.890565,0.421273,0.587063,0.635563,0.284347,0.194246,0.882691,0.109967,0.642513,0.203604,0.350103,0.785646,0.638649,0.360347,0.496398,0.805072,0.119964,0.460825,0.112383,0.775921,0.189359,0.261338,0.727445,0.774667,0.818384,0.465854,0.60956,0.65964,0.421833,0.527755,0.654501,0.468811,0.418233,0.305687,0.801948,0.699503,0.483278,0.883592,0.44417,0.653829,0.750005,0.265052,0.700611,0.628729,0.358836,0.388116,0.692289,0.703871,0.660913,0.487148,0.731564,0.84132,0.518425,0.813237,0.615094,0.579252,0.666242,0.144397,0.760119,0.296495,0.847562,YES
0.799092,0.844502,0.757489,0.344335,0.756428,0.38872,0.524873,0.555452,0.774684,0.245374,0.723219,0.586507,0.48099,0.251035,0.776793,0.698378,0.232921,0.836939,0.510663,0.543233,0.77053,0.880293,0.76043,0.242438,0.454648,0.660556,0.631325,0.504612,0.163483,0.543319,0.262001,0.427294,0.711655,0.10603,0.768827,0.104818,0.326592,0.782629,0.830376,0.570488,0.543033,0.789293,0.367773,0.644264,0.540143,0.635379,0.803607,0.236049,0.361937,0.633142,0.580313,0.365701,0.84221,0.717103,0.8554,0.654443,0.565804,0.276178,0.27601,0.738004,0.608406,0.663004,0.500183,0.126034,0.866689,0.67952,0.670379,0.287968,0.893085,0.825879,0.851404,0.464289,0.188468,0.804821,0.480281,0.690492,0.123748,0.475621,0.434399,0.41023,0.826266,0.822653,0.691924,0.662892,0.635652,0.763834,0.241012,0.628806,0.129001,0.897479,0.749182,0.212222,0.870484,0.7467,0.147423,0.408083,0.574336,0.615068,0.510162,0.789686,0.857898,0.416652,0.158134,0.733183,0.23788,0.196483,0.804997,0.298737,0.355854,0.374398,0.752194,0.840786,0.487996,0.226563,0.354627,0.820533,0.177461,0.573566,0.518761,0.724319,0.546052,0.137344,0.88041,0.437593,0.691524,0.791351,YES
0.430402,0.479415,0.843245,0.103738,0.111579,0.435403,0.162454,0.582075,0.685039,0.251268,0.515401,0.486258,0.427775,0.191716,0.662435,0.628868,0.247202,0.865277,0.587221,0.262124,0.494867,0.359384,0.715866,0.721016,0.541452,0.745206,0.876242,0.48723,0.63379,0.674443,0.423395,0.64933,0.603334,0.893025,0.687825,0.444822,0.651822,0.870502,0.764254,0.380927,0.488086,0.487427,0.846906,0.152486,0.614655,0.737904,0.880133,0.706347,0.349559,0.594579,0.517352,0.335847,0.332581,0.488378,0.27258,0.442357,0.870037,0.645206,0.267037,0.361074,0.122429,0.246638,0.539108,0.492667,0.690357,0.180979,0.801603,0.271134,0.139745,0.579592,0.891313,0.712755,0.599003,0.708298,0.212391,0.601796,0.634861,0.128669,0.882951,0.663697,0.216159,0.412558,0.457146,0.794787,0.549464,0.404942,0.717158,0.463996,0.409279,0.806774,0.852766,0.708294,0.775752,0.429624,0.719493,0.577738,0.48357,0.48178,0.454161,0.437257,0.514103,0.418664,0.720906,0.222599,0.766383,0.663673,0.554272,0.728666,0.316969,0.342485,0.602496,0.128581,0.44653,0.869132,0.336955,0.183399,0.636129,0.849727,0.362921,0.379652,0.888449,0.233349,0.324882,0.203664,0.340426,0.587328,YES
0.502707,0.889767,0.837765,0.654161,0.802823,0.525295,0.674317,0.218575,0.133105,0.240489,0.572968,0.277683,0.78415,0.226398,0.340464,0.88597,0.579646,0.548012,0.342297,0.464763,0.487439,0.782891,0.142914,0.2726,0.190976,0.466832,0.713291,0.889053,0.716956,0.100943,0.309382,0.725537,0.874373,0.644943,0.106268,0.770572,0.626199,0.449929,0.122744,0.670574,0.808692,0.114232,0.770583,0.722893,0.320963,0.591179,0.126823,0.778717,0.674557,0.611612,0.756552,0.7479,0.723638,0.86244,0.498697,0.81537,0.302131,0.731964,0.396272,0.724727,0.177509,0.89452,0.696252,0.628892,0.182707,0.824642,0.264664,0.678599,0.423682,0.304285,0.788174,0.703636,0.334129,0.677543,0.256304,0.443302,0.357063,0.562408,0.200404,0.385546,0.673137,0.306916,0.350669,0.292644,0.291648,0.337599,0.751632,0.693161,0.387963,0.88038,0.433248,0.280406,0.726124,0.815721,0.117337,0.881293,0.472878,0.532113,0.88671,0.556249,0.663505,0.40743,0.78354,0.78464,0.760134,0.443838,0.428142,0.87151,0.577638,0.622986,0.345075,0.652362,0.297884,0.174982,0.224711,0.234093,0.617871,0.512127,0.771834,0.618301,0.146739,0.54203,0.23621,0.593137,0.43509,0.24707,YES
0.0,0.0,0.0,0.032903,0.036732,-0.164263,0.063326,0.244784,-0.227762,0.112089,0.461654,-0.261536,0.196362,0.626186,-0.286284,-0.093764,0.481191,-0.152546,-0.076931,0.727882,-0.215004,-0.043943,0.873772,-0.266214,-0.012637,1.0,-0.30316,-0.056742,0.550083,-0.096865,-0.043067,0.777051,-0.152735,0.004108,0.89643,-0.187812,0.044899,0.990105,-0.208633,-0.002976,0.58043,-0.056173,0.023486,0.791958,-0.107625,0.068826,0.899902,-0.129572,0.105428,0.98807,-0.139739,0.053662,0.575215,-0.029392,0.094677,0.73909,-0.073865,0.141703,0.827004,-0.088952,0.183634,0.892094,-0.093494,0.0,0.0,0.0,0.0,0.0,0.0,0.0,0.0,0.0,0.0,0.0,0.0,0.0,0.0,0.0,0.0,0.0,0.0,0.0,0.0,0.0,0.0,0.0,0.0,0.0,0.0,0.0,0.0,0.0,0.0,0.0,0.0,0.0,0.0,0.0,0.0,0.0,0.0,0.0,0.0,0.0,0.0,0.0,0.0,0.0,0.0,0.0,0.0,0.0,0.0,0.0,0.0,0.0,0.0,0.0,0.0,0.0,0.0,0.0,0.0,0.0,0.0,0.0,YES
0.727188,0.287176,0.824287,0.27666,0.248766,0.520619,0.70055,0.1788,0.609413,0.251031,0.677885,0.692355,0.27312,0.844609,0.513135,0.16893,0.85085,0.704308,0.391862,0.274602,0.642014,0.237252,0.7906,0.449883,0.242734,0.331891,0.39178,0.264732,0.477836,0.430727,0.45831,0.684005,0.893904,0.155552,0.805239,0.569563,0.609906,0.309208,0.776354,0.341406,0.261842,0.152433,0.335414,0.430492,0.187416,0.121974,0.560986,0.304089,0.463534,0.157512,0.684723,0.366565,0.794314,0.359498,0.618338,0.651794,0.65987,0.705514,0.329914,0.530839,0.521812,0.585579,0.686044,0.845801,0.256438,0.341442,0.372983,0.669774,0.850644,0.690507,0.414949,0.427968,0.559855,0.745994,0.428447,0.713086,0.149074,0.663224,0.819988,0.195739,0.381954,0.880705,0.21196,0.510897,0.461793,0.533239,0.533661,0.577145,0.799827,0.89426,0.899774,0.809251,0.366288,0.454598,0.27665,0.608902,0.852989,0.299349,0.656792,0.548122,0.534391,0.347548,0.815216,0.635218,0.25208,0.594488,0.482123,0.344381,0.647238,0.217244,0.480253,0.542234,0.428338,0.290808,0.634571,0.683346,0.663652,0.65926,0.753716,0.696214,0.600082,0.604814,0.307385,0.839869,0.31297,0.541254,YES
0.436673,0.220818,0.850236,0.790392,0.259682,0.110081,0.687519,0.642195,0.573107,0.222556,0.446934,0.782024,0.317066,0.626931,0.354865,0.89798,0.145858,0.267935,0.291942,0.177603,0.314823,0.643017,0.822241,0.590785,0.170166,0.583776,0.542847,0.301062,0.497727,0.586731,0.548852,0.430966,0.672704,0.564843,0.252202,0.682099,0.695602,0.187365,0.655586,0.273876,0.827961,0.130019,0.324822,0.215316,0.481914,0.556536,0.347897,0.654178,0.196905,0.694982,0.801796,0.247098,0.484657,0.559723,0.846701,0.82822,0.7107,0.308927,0.532412,0.566619,0.542902,0.74633,0.36784,0.203766,0.70826,0.591397,0.821129,0.117489,0.349081,0.326117,0.781645,0.742872,0.421849,0.494877,0.665825,0.479526,0.234118,0.872136,0.582041,0.192705,0.148769,0.815108,0.11404,0.517507,0.832503,0.353063,0.396145,0.456341,0.515534,0.840915,0.538713,0.110369,0.318821,0.187447,0.342636,0.501346,0.749502,0.694896,0.89006,0.43055,0.28951,0.573964,0.280488,0.803249,0.174599,0.550694,0.53484,0.765125,0.702383,0.552186,0.602895,0.240313,0.122158,0.577568,0.892851,0.246606,0.704395,0.896521,0.891781,0.69599,0.662085,0.748241,0.356317,0.497265,0.664217,0.643624,YES
0.218647,0.254068,0.259352,0.679846,0.134028,0.668674,0.891503,0.863707,0.485157,0.324714,0.802803,0.310632,0.821456,0.457174,0.88258,0.450225,0.549201,0.54892,0.129269,0.525483,0.889015,0.765844,0.221076,0.641096,0.108353,0.580755,0.768136,0.23355,0.802779,0.208619,0.552127,0.727914,0.659671,0.832596,0.322122,0.670483,0.399268,0.173862,0.632529,0.766142,0.114428,0.462696,0.213952,0.848235,0.499705,0.835305,0.202535,0.401036,0.180177,0.526528,0.889323,0.716134,0.404557,0.17994,0.648408,0.520753,0.530468,0.204062,0.478534,0.409885,0.302592,0.39718,0.491081,0.723716,0.740058,0.75183,0.677207,0.7881,0.429132,0.167259,0.486183,0.724645,0.857294,0.656651,0.44574,0.160528,0.54733,0.717734,0.497238,0.610878,0.101097,0.601281,0.829208,0.435701,0.342595,0.183053,0.799299,0.844101,0.830539,0.807458,0.660987,0.300179,0.872014,0.519514,0.84893,0.819058,0.408366,0.76671,0.338504,0.176546,0.12751,0.290082,0.577492,0.497091,0.89904,0.601408,0.65316,0.425195,0.860266,0.839975,0.162757,0.435954,0.723988,0.29767,0.460481,0.189222,0.168906,0.80284,0.294864,0.60952,0.733915,0.378311,0.471501,0.518477,0.449837,0.210595,YES
0.509789,0.106282,0.799029,0.811863,0.63841,0.717097,0.475468,0.511686,0.494759,0.224795,0.653854,0.26792,0.312381,0.755137,0.450761,0.655379,0.141173,0.504914,0.882394,0.177747,0.815929,0.411252,0.702594,0.204508,0.777114,0.813763,0.789152,0.598225,0.613381,0.797793,0.442734,0.749482,0.213623,0.109399,0.25094,0.305098,0.123546,0.381558,0.468522,0.39554,0.628502,0.252826,0.8845,0.445088,0.279211,0.460269,0.622033,0.808827,0.665253,0.856233,0.360811,0.451014,0.62154,0.719967,0.383335,0.140536,0.89652,0.204678,0.702775,0.72511,0.215103,0.655168,0.383649,0.386366,0.62719,0.476753,0.590081,0.556503,0.475422,0.29724,0.304055,0.46277,0.214625,0.651047,0.522073,0.241286,0.273576,0.66647,0.647472,0.105949,0.338173,0.186159,0.69333,0.556739,0.482641,0.604949,0.718801,0.844174,0.247663,0.850469,0.78198,0.63251,0.150329,0.587093,0.858714,0.680744,0.602592,0.14055,0.33286,0.507953,0.638938,0.480988,0.482574,0.820788,0.598133,0.874269,0.338209,0.505685,0.151177,0.190796,0.112032,0.449563,0.103049,0.304804,0.736356,0.679888,0.699099,0.783928,0.154759,0.317503,0.246367,0.772183,0.532346,0.255351,0.397072,0.242718,YES
